-- =====================================================
-- Database: ql_dangky_hocphi (Quản lý Đăng ký Môn học và Thu Học phí)
-- PostgreSQL 18 - Tương thích pgAdmin Query Tool
-- Mã hóa: UTF-8
-- =====================================================

-- =====================================================
-- HƯỚNG DẪN SỬ DỤNG
-- =====================================================
--
-- *** CÁCH 1: Sử dụng pgAdmin 4 / DBeaver / DataGrip (GUI Tools) ***
--
--   BƯỚC 1: Tạo database (Chạy trong database 'postgres')
--     - Kết nối vào database 'postgres' (hoặc bất kỳ database nào khác)
--     - Chạy lệnh sau:
--
--       CREATE DATABASE ql_dangky_hocphi
--           WITH 
--           OWNER = postgres
--           ENCODING = 'UTF8'
--           LC_COLLATE = 'C'
--           LC_CTYPE = 'C'
--           TEMPLATE = template0
--           CONNECTION LIMIT = -1;
--
--   BƯỚC 2: Kết nối vào database 'ql_dangky_hocphi' và chạy file này
--     - Trong pgAdmin: Click phải vào 'ql_dangky_hocphi' -> 'Query Tool'
--     - Mở file init.sql và chạy (F5)
--
-- *** CÁCH 2: Sử dụng Terminal với psql ***
--
--   Bước 1: Tạo database
--     psql -U postgres -c "CREATE DATABASE ql_dangky_hocphi WITH ENCODING='UTF8' TEMPLATE=template0;"
--
--   Bước 2: Chạy file init.sql
--     psql -U postgres -d ql_dangky_hocphi -f init.sql
--
-- *** CÁCH 3: Sử dụng trong ứng dụng Node.js ***
--   Đọc nội dung file init.sql và thực thi qua pg client
--   (Xem backend/src/config/database.js)
--
-- =====================================================
-- BẮT ĐẦU KHỞI TẠO SCHEMA VÀ DỮ LIỆU
-- =====================================================

-- Drop tables if exist (in correct order due to foreign keys)
DROP TABLE IF EXISTS thong_bao CASCADE;
DROP TABLE IF EXISTS phieu_thu_hoc_phi CASCADE;
DROP TABLE IF EXISTS chi_tiet_dang_ky CASCADE;
DROP TABLE IF EXISTS phieu_dang_ky CASCADE;
DROP TABLE IF EXISTS diem_sinh_vien CASCADE;
DROP TABLE IF EXISTS lich_hoc_lop CASCADE;
DROP TABLE IF EXISTS don_gia_tin_chi CASCADE;
DROP TABLE IF EXISTS lop_mo CASCADE;
DROP TABLE IF EXISTS chuong_trinh_hoc CASCADE;
DROP TABLE IF EXISTS hoc_ky CASCADE;
DROP TABLE IF EXISTS nam_hoc CASCADE;
DROP TABLE IF EXISTS lop CASCADE;
DROP TABLE IF EXISTS tiet_hoc CASCADE;
DROP TABLE IF EXISTS cau_hinh_dang_ky CASCADE;
DROP TABLE IF EXISTS dieu_kien_mon_hoc CASCADE;
DROP TABLE IF EXISTS mon_hoc CASCADE;
DROP TABLE IF EXISTS doi_tuong_sinh_vien CASCADE;
DROP TABLE IF EXISTS quan_tri_vien CASCADE;
DROP TABLE IF EXISTS sinh_vien CASCADE;
DROP TABLE IF EXISTS tai_khoan CASCADE;
DROP TABLE IF EXISTS nganh_hoc CASCADE;
DROP TABLE IF EXISTS khoa CASCADE;
DROP TABLE IF EXISTS doi_tuong CASCADE;
DROP TABLE IF EXISTS phuong_xa CASCADE;
DROP TABLE IF EXISTS huyen CASCADE;
DROP TABLE IF EXISTS tinh CASCADE;
DROP TABLE IF EXISTS dan_toc CASCADE;

-- =====================================================
-- 1. BẢNG tinh - Tỉnh/Thành phố (QĐ1)
-- =====================================================
CREATE TABLE tinh (
    ma_tinh VARCHAR(10) NOT NULL,
    ten_tinh VARCHAR(100) NOT NULL,
    loai_tinh VARCHAR(30) DEFAULT 'Tỉnh',
    trang_thai BOOLEAN DEFAULT TRUE,
    ngay_tao TIMESTAMP DEFAULT CURRENT_TIMESTAMP,
    CONSTRAINT tinh_pkey PRIMARY KEY (ma_tinh),
    CONSTRAINT chk_loai_tinh CHECK (loai_tinh IN ('Tỉnh', 'Thành phố'))
);

-- =====================================================
-- 1.5. BẢNG dan_toc - Dân tộc (54 dân tộc Việt Nam)
-- =====================================================
CREATE TABLE dan_toc (
    ma_dan_toc VARCHAR(10) NOT NULL,
    ten_dan_toc VARCHAR(100) NOT NULL,
    la_dan_toc_thieu_so BOOLEAN DEFAULT FALSE,
    trang_thai BOOLEAN DEFAULT TRUE,
    ngay_tao TIMESTAMP DEFAULT CURRENT_TIMESTAMP,
    CONSTRAINT dan_toc_pkey PRIMARY KEY (ma_dan_toc)
);

-- =====================================================
-- 2. BẢNG phuong_xa - Phường/Xã (thay thế bảng Huyện - QĐ1)
-- Ghi chú: Đối tượng "vùng sâu vùng xa" = thuộc KV3 VÀ là dân tộc thiểu số
-- Quy tắc này được thực hiện trong function fn_kiem_tra_vung_sau_vung_xa()
-- và fn_lay_ti_le_giam_hoc_phi() trong mã ứng dụng (theo QĐ1)
-- =====================================================
CREATE TABLE phuong_xa (
    ma_phuong_xa VARCHAR(20) NOT NULL,
    ten_phuong_xa VARCHAR(100) NOT NULL,
    ma_tinh VARCHAR(10) NOT NULL,
    loai VARCHAR(30) DEFAULT 'Xã',
    khu_vuc VARCHAR(10) DEFAULT 'KV1',
    trang_thai BOOLEAN DEFAULT TRUE,
    ngay_tao TIMESTAMP DEFAULT CURRENT_TIMESTAMP,
    CONSTRAINT phuong_xa_pkey PRIMARY KEY (ma_phuong_xa),
    CONSTRAINT fk_phuong_xa_tinh FOREIGN KEY (ma_tinh) 
        REFERENCES tinh(ma_tinh) ON DELETE RESTRICT ON UPDATE CASCADE,
    CONSTRAINT chk_loai_phuong_xa CHECK (loai IN ('Phường', 'Xã', 'Thị trấn')),
    CONSTRAINT chk_khu_vuc CHECK (khu_vuc IN ('KV1', 'KV2', 'KV2-NT', 'KV3'))
);

-- =====================================================
-- 3. BẢNG doi_tuong - Đối tượng ưu tiên (QĐ1)
-- =====================================================
CREATE TABLE doi_tuong (
    ma_doi_tuong VARCHAR(10) NOT NULL,
    ten_doi_tuong VARCHAR(100) NOT NULL,
    ti_le_giam_hoc_phi DECIMAL(5,2) NOT NULL,
    do_uu_tien INTEGER NOT NULL,
    mo_ta VARCHAR(300),
    trang_thai BOOLEAN DEFAULT TRUE,
    ngay_tao TIMESTAMP DEFAULT CURRENT_TIMESTAMP,
    CONSTRAINT doi_tuong_pkey PRIMARY KEY (ma_doi_tuong),
    CONSTRAINT chk_ti_le_giam CHECK (ti_le_giam_hoc_phi >= 0 AND ti_le_giam_hoc_phi <= 100)
);

-- =====================================================
-- 4. BẢNG khoa - Khoa (QĐ1)
-- =====================================================
CREATE TABLE khoa (
    ma_khoa VARCHAR(10) NOT NULL,
    ten_khoa VARCHAR(100) NOT NULL,
    ten_viet_tat VARCHAR(20),
    sdt VARCHAR(15),
    email VARCHAR(100),
    dia_chi VARCHAR(200),
    truong_khoa VARCHAR(100),
    trang_thai BOOLEAN DEFAULT TRUE,
    ngay_tao TIMESTAMP DEFAULT CURRENT_TIMESTAMP,
    CONSTRAINT khoa_pkey PRIMARY KEY (ma_khoa)
);

-- =====================================================
-- 5. BẢNG nganh_hoc - Ngành học (QĐ1)
-- =====================================================
CREATE TABLE nganh_hoc (
    ma_nganh VARCHAR(10) NOT NULL,
    ten_nganh VARCHAR(100) NOT NULL,
    ma_khoa VARCHAR(10) NOT NULL,
    so_tin_chi_toi_thieu INTEGER DEFAULT 120,
    thoi_gian_dao_tao DECIMAL(3,1) DEFAULT 4,
    mo_ta VARCHAR(500),
    trang_thai BOOLEAN DEFAULT TRUE,
    ngay_tao TIMESTAMP DEFAULT CURRENT_TIMESTAMP,
    CONSTRAINT nganh_hoc_pkey PRIMARY KEY (ma_nganh),
    CONSTRAINT fk_nganh_khoa FOREIGN KEY (ma_khoa) 
        REFERENCES khoa(ma_khoa) ON DELETE RESTRICT ON UPDATE CASCADE
);

-- =====================================================
-- 6. BẢNG tai_khoan - Tài khoản đăng nhập
-- =====================================================
CREATE TABLE tai_khoan (
    ma_tai_khoan SERIAL NOT NULL,
    ten_dang_nhap VARCHAR(50) NOT NULL,
    mat_khau VARCHAR(255) NOT NULL,
    role VARCHAR(20) NOT NULL DEFAULT 'sinh_vien',
    ma_sv VARCHAR(15),
    ho_ten VARCHAR(100),
    email VARCHAR(100),
    sdt VARCHAR(15),
    anh_dai_dien VARCHAR(255),
    lan_dang_nhap_cuoi TIMESTAMP,
    refresh_token VARCHAR(500),
    trang_thai BOOLEAN DEFAULT TRUE,
    ngay_tao TIMESTAMP DEFAULT CURRENT_TIMESTAMP,
    ngay_cap_nhat TIMESTAMP,
    CONSTRAINT tai_khoan_pkey PRIMARY KEY (ma_tai_khoan),
    CONSTRAINT tai_khoan_ten_dang_nhap_key UNIQUE (ten_dang_nhap),
    CONSTRAINT chk_role CHECK (role IN ('admin', 'sinh_vien'))
);

-- =====================================================
-- 7. BẢNG sinh_vien - Sinh viên (BM1, QĐ1)
-- Ghi chú: Đối tượng "vùng sâu vùng xa" = sinh viên ở KV3 VÀ là dân tộc thiểu số
-- =====================================================
CREATE TABLE sinh_vien (
    ma_sv VARCHAR(15) NOT NULL,
    ma_tai_khoan INTEGER,
    ho_ten VARCHAR(100) NOT NULL,
    ngay_sinh DATE NOT NULL,
    gioi_tinh VARCHAR(5) NOT NULL,
    cccd VARCHAR(20),
    ma_phuong_xa VARCHAR(20) NOT NULL,
    ma_dan_toc VARCHAR(10),
    ma_nganh VARCHAR(10) NOT NULL,
    dia_chi_lien_he VARCHAR(200),
    sdt VARCHAR(15),
    email VARCHAR(100),
    anh_dai_dien VARCHAR(255),
    ho_ten_cha VARCHAR(100),
    sdt_cha VARCHAR(15),
    ho_ten_me VARCHAR(100),
    sdt_me VARCHAR(15),
    ngay_nhap_hoc DATE DEFAULT CURRENT_DATE,
    trang_thai VARCHAR(30) DEFAULT 'Đang học',
    ghi_chu VARCHAR(300),
    ngay_tao TIMESTAMP DEFAULT CURRENT_TIMESTAMP,
    ngay_cap_nhat TIMESTAMP,
    CONSTRAINT sinh_vien_pkey PRIMARY KEY (ma_sv),
    CONSTRAINT sinh_vien_cccd_key UNIQUE (cccd),
    CONSTRAINT sinh_vien_ma_tai_khoan_key UNIQUE (ma_tai_khoan),
    CONSTRAINT chk_gioi_tinh CHECK (gioi_tinh IN ('Nam', 'Nữ')),
    CONSTRAINT chk_trang_thai_sv CHECK (trang_thai IN ('Đang học', 'Bảo lưu', 'Nghỉ học', 'Tốt nghiệp')),
    CONSTRAINT fk_sv_phuong_xa FOREIGN KEY (ma_phuong_xa) 
        REFERENCES phuong_xa(ma_phuong_xa) ON DELETE RESTRICT ON UPDATE CASCADE,
    CONSTRAINT fk_sv_dan_toc FOREIGN KEY (ma_dan_toc) 
        REFERENCES dan_toc(ma_dan_toc) ON DELETE SET NULL ON UPDATE CASCADE,
    CONSTRAINT fk_sv_nganh FOREIGN KEY (ma_nganh) 
        REFERENCES nganh_hoc(ma_nganh) ON DELETE RESTRICT ON UPDATE CASCADE,
    CONSTRAINT fk_sv_tk FOREIGN KEY (ma_tai_khoan) 
        REFERENCES tai_khoan(ma_tai_khoan) ON DELETE SET NULL ON UPDATE CASCADE
);

-- Add FK from tai_khoan to sinh_vien (bidirectional relationship)
ALTER TABLE tai_khoan 
    ADD CONSTRAINT fk_tk_sv FOREIGN KEY (ma_sv) 
    REFERENCES sinh_vien(ma_sv) ON DELETE SET NULL ON UPDATE CASCADE;

-- Add unique constraint for ma_sv in tai_khoan
ALTER TABLE tai_khoan 
    ADD CONSTRAINT tai_khoan_ma_sv_key UNIQUE (ma_sv);

-- =====================================================
-- 8. BẢNG doi_tuong_sinh_vien - Đối tượng của Sinh viên (QĐ1)
-- =====================================================
CREATE TABLE doi_tuong_sinh_vien (
    id SERIAL NOT NULL,
    ma_sv VARCHAR(15) NOT NULL,
    ma_doi_tuong VARCHAR(10) NOT NULL,
    file_minh_chung VARCHAR(255),
    ghi_chu VARCHAR(200),
    ngay_tao TIMESTAMP DEFAULT CURRENT_TIMESTAMP,
    CONSTRAINT doi_tuong_sinh_vien_pkey PRIMARY KEY (id),
    CONSTRAINT uq_dtsv UNIQUE (ma_sv, ma_doi_tuong),
    CONSTRAINT fk_dtsv_sv FOREIGN KEY (ma_sv) 
        REFERENCES sinh_vien(ma_sv) ON DELETE CASCADE ON UPDATE CASCADE,
    CONSTRAINT fk_dtsv_dt FOREIGN KEY (ma_doi_tuong) 
        REFERENCES doi_tuong(ma_doi_tuong) ON DELETE RESTRICT ON UPDATE CASCADE
);

-- =====================================================
-- 9. BẢNG quan_tri_vien - Quản trị viên
-- =====================================================
CREATE TABLE quan_tri_vien (
    ma_quan_tri_vien SERIAL NOT NULL,
    ma_tai_khoan INTEGER NOT NULL,
    ho_ten VARCHAR(100) NOT NULL,
    ngay_sinh DATE,
    gioi_tinh VARCHAR(5),
    sdt VARCHAR(15),
    email VARCHAR(100),
    dia_chi VARCHAR(200),
    chuc_vu VARCHAR(100),
    phong_ban VARCHAR(100),
    anh_dai_dien VARCHAR(255),
    ghi_chu VARCHAR(300),
    trang_thai BOOLEAN DEFAULT TRUE,
    ngay_tao TIMESTAMP DEFAULT CURRENT_TIMESTAMP,
    ngay_cap_nhat TIMESTAMP,
    CONSTRAINT quan_tri_vien_pkey PRIMARY KEY (ma_quan_tri_vien),
    CONSTRAINT quan_tri_vien_ma_tai_khoan_key UNIQUE (ma_tai_khoan),
    CONSTRAINT chk_gioi_tinh_qtv CHECK (gioi_tinh IN ('Nam', 'Nữ')),
    CONSTRAINT fk_qtv_tk FOREIGN KEY (ma_tai_khoan) 
        REFERENCES tai_khoan(ma_tai_khoan) ON DELETE CASCADE ON UPDATE CASCADE
);

-- =====================================================
-- 10. BẢNG mon_hoc - Môn học (BM2, QĐ2)
-- =====================================================
CREATE TABLE mon_hoc (
    ma_mon_hoc VARCHAR(15) NOT NULL,
    ten_mon_hoc VARCHAR(150) NOT NULL,
    ma_khoa VARCHAR(10) NOT NULL,
    loai_mon VARCHAR(5) NOT NULL,
    so_tiet INTEGER NOT NULL,
    so_tin_chi INTEGER GENERATED ALWAYS AS (
        CASE 
            WHEN loai_mon = 'LT' THEN so_tiet / 15
            WHEN loai_mon = 'TH' THEN so_tiet / 30
            ELSE 0
        END
    ) STORED,
    mo_ta VARCHAR(500),
    trang_thai BOOLEAN DEFAULT TRUE,
    ngay_tao TIMESTAMP DEFAULT CURRENT_TIMESTAMP,
    CONSTRAINT mon_hoc_pkey PRIMARY KEY (ma_mon_hoc),
    CONSTRAINT chk_loai_mon CHECK (loai_mon IN ('LT', 'TH')),
    CONSTRAINT chk_so_tiet CHECK (so_tiet > 0),
    CONSTRAINT fk_monhoc_khoa FOREIGN KEY (ma_khoa) 
        REFERENCES khoa(ma_khoa) ON DELETE RESTRICT ON UPDATE CASCADE
);

-- =====================================================
-- 10.1. BẢNG dieu_kien_mon_hoc - Điều kiện môn học (Tiên quyết, Học trước)
-- =====================================================
CREATE TABLE dieu_kien_mon_hoc (
    id SERIAL NOT NULL,
    ma_mon_hoc VARCHAR(15) NOT NULL,
    ma_mon_dieu_kien VARCHAR(15) NOT NULL,
    loai_dieu_kien VARCHAR(20) NOT NULL DEFAULT 'hoc_truoc',
    mo_ta VARCHAR(200),
    trang_thai BOOLEAN DEFAULT TRUE,
    ngay_tao TIMESTAMP DEFAULT CURRENT_TIMESTAMP,
    CONSTRAINT dieu_kien_mon_hoc_pkey PRIMARY KEY (id),
    CONSTRAINT uq_dkmh UNIQUE (ma_mon_hoc, ma_mon_dieu_kien, loai_dieu_kien),
    CONSTRAINT chk_loai_dieu_kien CHECK (loai_dieu_kien IN ('tien_quyet', 'hoc_truoc')),
    CONSTRAINT fk_dkmh_monhoc FOREIGN KEY (ma_mon_hoc) 
        REFERENCES mon_hoc(ma_mon_hoc) ON DELETE CASCADE ON UPDATE CASCADE,
    CONSTRAINT fk_dkmh_monhoc_dk FOREIGN KEY (ma_mon_dieu_kien) 
        REFERENCES mon_hoc(ma_mon_hoc) ON DELETE CASCADE ON UPDATE CASCADE
);

-- =====================================================
-- 11. BẢNG tiet_hoc - Tiết học (Quản lý lịch học)
-- Thứ 2 - Thứ 7, Tiết 1-10 và Buổi tối
-- =====================================================
CREATE TABLE tiet_hoc (
    ma_tiet VARCHAR(10) NOT NULL,
    ten_tiet VARCHAR(50) NOT NULL,
    gio_bat_dau TIME NOT NULL,
    gio_ket_thuc TIME NOT NULL,
    thu_tu INTEGER NOT NULL,
    mo_ta VARCHAR(200),
    trang_thai BOOLEAN DEFAULT TRUE,
    ngay_tao TIMESTAMP DEFAULT CURRENT_TIMESTAMP,
    CONSTRAINT tiet_hoc_pkey PRIMARY KEY (ma_tiet),
    CONSTRAINT chk_thu_tu_tiet CHECK (thu_tu >= 1 AND thu_tu <= 11)
);

-- =====================================================
-- 12. BẢNG cau_hinh_dang_ky - Cấu hình đăng ký môn học
-- Quy định số tín chỉ tối đa, điểm GPA cần để vượt
-- =====================================================
CREATE TABLE cau_hinh_dang_ky (
    id SERIAL NOT NULL,
    ma_cau_hinh VARCHAR(20) NOT NULL,
    ten_cau_hinh VARCHAR(100) NOT NULL,
    gia_tri INTEGER NOT NULL,
    gia_tri_so DECIMAL(4,2),
    mo_ta VARCHAR(300),
    trang_thai BOOLEAN DEFAULT TRUE,
    ngay_tao TIMESTAMP DEFAULT CURRENT_TIMESTAMP,
    ngay_cap_nhat TIMESTAMP,
    CONSTRAINT cau_hinh_dang_ky_pkey PRIMARY KEY (id),
    CONSTRAINT uq_cau_hinh UNIQUE (ma_cau_hinh)
);

-- =====================================================
-- 13. BẢNG lop - Lớp học
-- =====================================================
CREATE TABLE lop (
    ma_lop VARCHAR(20) NOT NULL,
    ten_lop VARCHAR(100) NOT NULL,
    ma_mon_hoc VARCHAR(15) NOT NULL,
    giang_vien VARCHAR(100),
    lich_hoc VARCHAR(200),
    phong_hoc VARCHAR(50),
    so_luong_toi_da INTEGER DEFAULT 50,
    mo_ta VARCHAR(300),
    trang_thai BOOLEAN DEFAULT TRUE,
    ngay_tao TIMESTAMP DEFAULT CURRENT_TIMESTAMP,
    CONSTRAINT lop_pkey PRIMARY KEY (ma_lop),
    CONSTRAINT fk_lop_monhoc FOREIGN KEY (ma_mon_hoc) 
        REFERENCES mon_hoc(ma_mon_hoc) ON DELETE CASCADE ON UPDATE CASCADE
);

-- =====================================================
-- 14. BẢNG chuong_trinh_hoc - Chương trình học (BM3, QĐ3)
-- =====================================================
CREATE TABLE chuong_trinh_hoc (
    id SERIAL NOT NULL,
    ma_nganh VARCHAR(10) NOT NULL,
    ma_mon_hoc VARCHAR(15) NOT NULL,
    hoc_ky_du_kien INTEGER NOT NULL,
    bat_buoc BOOLEAN DEFAULT TRUE,
    ghi_chu VARCHAR(200),
    trang_thai BOOLEAN DEFAULT TRUE,
    ngay_tao TIMESTAMP DEFAULT CURRENT_TIMESTAMP,
    CONSTRAINT chuong_trinh_hoc_pkey PRIMARY KEY (id),
    CONSTRAINT uq_cth UNIQUE (ma_nganh, ma_mon_hoc),
    CONSTRAINT chk_hoc_ky_du_kien CHECK (hoc_ky_du_kien >= 1 AND hoc_ky_du_kien <= 10),
    CONSTRAINT fk_cth_nganh FOREIGN KEY (ma_nganh) 
        REFERENCES nganh_hoc(ma_nganh) ON DELETE CASCADE ON UPDATE CASCADE,
    CONSTRAINT fk_cth_mon FOREIGN KEY (ma_mon_hoc) 
        REFERENCES mon_hoc(ma_mon_hoc) ON DELETE CASCADE ON UPDATE CASCADE
);

-- =====================================================
-- 13. BẢNG nam_hoc - Năm học (BM4)
-- =====================================================
CREATE TABLE nam_hoc (
    ma_nam_hoc VARCHAR(15) NOT NULL,
    ten_nam_hoc VARCHAR(50) NOT NULL,
    nam_bat_dau INTEGER NOT NULL,
    nam_ket_thuc INTEGER NOT NULL,
    trang_thai BOOLEAN DEFAULT TRUE,
    ngay_tao TIMESTAMP DEFAULT CURRENT_TIMESTAMP,
    CONSTRAINT nam_hoc_pkey PRIMARY KEY (ma_nam_hoc)
);

-- =====================================================
-- 14. BẢNG hoc_ky - Học kỳ (BM4, QĐ4, QĐ6)
-- =====================================================
CREATE TABLE hoc_ky (
    ma_hoc_ky VARCHAR(15) NOT NULL,
    ten_hoc_ky VARCHAR(50) NOT NULL,
    ma_nam_hoc VARCHAR(15) NOT NULL,
    loai_hoc_ky VARCHAR(20) DEFAULT 'Chính',
    thu_tu INTEGER DEFAULT 1,
    ngay_bat_dau DATE,
    ngay_ket_thuc DATE,
    ngay_bat_dau_dang_ky TIMESTAMP,
    ngay_ket_thuc_dang_ky TIMESTAMP,
    han_dong_hoc_phi DATE,
    trang_thai VARCHAR(20) DEFAULT 'Sắp diễn ra',
    ghi_chu VARCHAR(300),
    ngay_tao TIMESTAMP DEFAULT CURRENT_TIMESTAMP,
    CONSTRAINT hoc_ky_pkey PRIMARY KEY (ma_hoc_ky),
    CONSTRAINT chk_loai_hoc_ky CHECK (loai_hoc_ky IN ('Chính', 'Hè')),
    CONSTRAINT chk_trang_thai_hk CHECK (trang_thai IN ('Sắp diễn ra', 'Đang diễn ra', 'Đã kết thúc')),
    CONSTRAINT fk_hk_namhoc FOREIGN KEY (ma_nam_hoc) 
        REFERENCES nam_hoc(ma_nam_hoc) ON DELETE RESTRICT ON UPDATE CASCADE
);

-- =====================================================
-- 17. BẢNG lop_mo - Lớp mở trong học kỳ (BM4, QĐ4, QĐ5)
-- =====================================================
CREATE TABLE lop_mo (
    id SERIAL NOT NULL,
    ma_hoc_ky VARCHAR(15) NOT NULL,
    ma_lop VARCHAR(20) NOT NULL,
    so_luong_da_dang_ky INTEGER DEFAULT 0,
    ghi_chu VARCHAR(200),
    trang_thai BOOLEAN DEFAULT TRUE,
    ngay_tao TIMESTAMP DEFAULT CURRENT_TIMESTAMP,
    CONSTRAINT lop_mo_pkey PRIMARY KEY (id),
    CONSTRAINT uq_lopmo UNIQUE (ma_hoc_ky, ma_lop),
    CONSTRAINT fk_lopmo_hocky FOREIGN KEY (ma_hoc_ky) 
        REFERENCES hoc_ky(ma_hoc_ky) ON DELETE CASCADE ON UPDATE CASCADE,
    CONSTRAINT fk_lopmo_lop FOREIGN KEY (ma_lop) 
        REFERENCES lop(ma_lop) ON DELETE CASCADE ON UPDATE CASCADE
);

-- =====================================================
-- 18. BẢNG lich_hoc_lop - Lịch học chi tiết của lớp mở
-- Liên kết lớp mở với tiết học và thứ trong tuần
-- =====================================================
CREATE TABLE lich_hoc_lop (
    id SERIAL NOT NULL,
    lop_mo_id INTEGER NOT NULL,
    thu_trong_tuan INTEGER NOT NULL,
    ma_tiet_bat_dau VARCHAR(10) NOT NULL,
    ma_tiet_ket_thuc VARCHAR(10) NOT NULL,
    phong_hoc VARCHAR(50),
    ghi_chu VARCHAR(200),
    trang_thai BOOLEAN DEFAULT TRUE,
    ngay_tao TIMESTAMP DEFAULT CURRENT_TIMESTAMP,
    CONSTRAINT lich_hoc_lop_pkey PRIMARY KEY (id),
    CONSTRAINT chk_thu_trong_tuan CHECK (thu_trong_tuan >= 2 AND thu_trong_tuan <= 7),
    CONSTRAINT fk_lhl_lopmo FOREIGN KEY (lop_mo_id) 
        REFERENCES lop_mo(id) ON DELETE CASCADE ON UPDATE CASCADE,
    CONSTRAINT fk_lhl_tiet_bat_dau FOREIGN KEY (ma_tiet_bat_dau) 
        REFERENCES tiet_hoc(ma_tiet) ON DELETE RESTRICT ON UPDATE CASCADE,
    CONSTRAINT fk_lhl_tiet_ket_thuc FOREIGN KEY (ma_tiet_ket_thuc) 
        REFERENCES tiet_hoc(ma_tiet) ON DELETE RESTRICT ON UPDATE CASCADE
);

-- =====================================================
-- 19. BẢNG don_gia_tin_chi - Đơn giá tín chỉ (QĐ5)
-- =====================================================
CREATE TABLE don_gia_tin_chi (
    id SERIAL NOT NULL,
    loai_mon VARCHAR(5) NOT NULL,
    loai_hoc VARCHAR(20) NOT NULL DEFAULT 'hoc_moi',
    don_gia DECIMAL(12,0) NOT NULL,
    ma_hoc_ky VARCHAR(15),
    ngay_ap_dung DATE DEFAULT CURRENT_DATE,
    trang_thai BOOLEAN DEFAULT TRUE,
    ghi_chu VARCHAR(200),
    CONSTRAINT don_gia_tin_chi_pkey PRIMARY KEY (id),
    CONSTRAINT uq_dgtc UNIQUE (loai_mon, loai_hoc, ma_hoc_ky),
    CONSTRAINT chk_loai_mon_dg CHECK (loai_mon IN ('LT', 'TH')),
    CONSTRAINT chk_loai_hoc CHECK (loai_hoc IN ('hoc_moi', 'hoc_lai', 'hoc_cai_thien', 'hoc_he')),
    CONSTRAINT fk_dgtc_hk FOREIGN KEY (ma_hoc_ky) 
        REFERENCES hoc_ky(ma_hoc_ky) ON DELETE SET NULL ON UPDATE CASCADE
);

-- =====================================================
-- 17. BẢNG phieu_dang_ky - Phiếu đăng ký học phần (BM5, QĐ5, QĐ7)
-- =====================================================
CREATE TABLE phieu_dang_ky (
    so_phieu SERIAL NOT NULL,
    ma_sv VARCHAR(15) NOT NULL,
    ma_hoc_ky VARCHAR(15) NOT NULL,
    ngay_lap TIMESTAMP DEFAULT CURRENT_TIMESTAMP,
    tong_tin_chi INTEGER DEFAULT 0,
    -- Thống kê theo loại đăng ký
    so_mon_hoc_moi INTEGER DEFAULT 0,
    so_tin_chi_hoc_moi INTEGER DEFAULT 0,
    tien_hoc_moi DECIMAL(15,0) DEFAULT 0,
    so_mon_hoc_lai INTEGER DEFAULT 0,
    so_tin_chi_hoc_lai INTEGER DEFAULT 0,
    tien_hoc_lai DECIMAL(15,0) DEFAULT 0,
    so_mon_hoc_cai_thien INTEGER DEFAULT 0,
    so_tin_chi_hoc_cai_thien INTEGER DEFAULT 0,
    tien_hoc_cai_thien DECIMAL(15,0) DEFAULT 0,
    -- Tổng tiền
    tong_tien_dang_ky DECIMAL(15,0) DEFAULT 0,
    ti_le_giam DECIMAL(5,2) DEFAULT 0,
    tien_mien_giam DECIMAL(15,0) DEFAULT 0,
    tong_tien_phai_dong DECIMAL(15,0) DEFAULT 0,
    trang_thai VARCHAR(30) DEFAULT 'Đã đăng ký',
    ghi_chu VARCHAR(300),
    ngay_cap_nhat TIMESTAMP,
    CONSTRAINT phieu_dang_ky_pkey PRIMARY KEY (so_phieu),
    CONSTRAINT uq_pdk UNIQUE (ma_sv, ma_hoc_ky),
    CONSTRAINT chk_trang_thai_pdk CHECK (trang_thai IN ('Đã đăng ký', 'Đã hủy')),
    CONSTRAINT fk_pdk_sv FOREIGN KEY (ma_sv) 
        REFERENCES sinh_vien(ma_sv) ON DELETE RESTRICT ON UPDATE CASCADE,
    CONSTRAINT fk_pdk_hk FOREIGN KEY (ma_hoc_ky) 
        REFERENCES hoc_ky(ma_hoc_ky) ON DELETE RESTRICT ON UPDATE CASCADE
);

-- =====================================================
-- 18. BẢNG chi_tiet_dang_ky - Chi tiết đăng ký (BM5, QĐ5)
-- =====================================================
CREATE TABLE chi_tiet_dang_ky (
    id SERIAL NOT NULL,
    so_phieu INTEGER NOT NULL,
    ma_lop VARCHAR(20) NOT NULL,
    loai_dang_ky VARCHAR(20) DEFAULT 'hoc_moi',
    so_tin_chi INTEGER NOT NULL,
    loai_mon VARCHAR(5) NOT NULL,
    don_gia DECIMAL(12,0) NOT NULL,
    thanh_tien DECIMAL(15,0) NOT NULL,
    trang_thai VARCHAR(30) DEFAULT 'Đã đăng ký',
    ngay_dang_ky TIMESTAMP DEFAULT CURRENT_TIMESTAMP,
    ngay_huy TIMESTAMP,
    ly_do_huy VARCHAR(200),
    CONSTRAINT chi_tiet_dang_ky_pkey PRIMARY KEY (id),
    CONSTRAINT uq_ctdk UNIQUE (so_phieu, ma_lop),
    CONSTRAINT chk_trang_thai_ctdk CHECK (trang_thai IN ('Đã đăng ký', 'Đã hủy')),
    CONSTRAINT chk_loai_dang_ky CHECK (loai_dang_ky IN ('hoc_moi', 'hoc_lai', 'hoc_cai_thien')),
    CONSTRAINT fk_ctdk_phieu FOREIGN KEY (so_phieu) 
        REFERENCES phieu_dang_ky(so_phieu) ON DELETE CASCADE ON UPDATE CASCADE,
    CONSTRAINT fk_ctdk_lop FOREIGN KEY (ma_lop) 
        REFERENCES lop(ma_lop) ON DELETE RESTRICT ON UPDATE CASCADE
);

-- =====================================================
-- 22. BẢNG diem_sinh_vien - Điểm của sinh viên
-- Lưu điểm các môn học đã học, xác định đậu/rớt (< 5.0 = rớt)
-- =====================================================
CREATE TABLE diem_sinh_vien (
    id SERIAL NOT NULL,
    ma_sv VARCHAR(15) NOT NULL,
    ma_mon_hoc VARCHAR(15) NOT NULL,
    ma_hoc_ky VARCHAR(15) NOT NULL,
    ma_lop VARCHAR(20),
    diem_qua_trinh DECIMAL(4,2),
    diem_giua_ky DECIMAL(4,2),
    diem_cuoi_ky DECIMAL(4,2),
    diem_trung_binh DECIMAL(4,2),
    diem_chu VARCHAR(2),
    so_tin_chi INTEGER NOT NULL,
    lan_hoc INTEGER DEFAULT 1,
    ket_qua VARCHAR(20) DEFAULT 'Chưa có',
    ghi_chu VARCHAR(300),
    ngay_nhap_diem TIMESTAMP,
    nguoi_nhap_diem INTEGER,
    ngay_tao TIMESTAMP DEFAULT CURRENT_TIMESTAMP,
    ngay_cap_nhat TIMESTAMP,
    CONSTRAINT diem_sinh_vien_pkey PRIMARY KEY (id),
    CONSTRAINT uq_diem_sv_mon_hk UNIQUE (ma_sv, ma_mon_hoc, ma_hoc_ky, lan_hoc),
    CONSTRAINT chk_diem_qua_trinh CHECK (diem_qua_trinh IS NULL OR (diem_qua_trinh >= 0 AND diem_qua_trinh <= 10)),
    CONSTRAINT chk_diem_giua_ky CHECK (diem_giua_ky IS NULL OR (diem_giua_ky >= 0 AND diem_giua_ky <= 10)),
    CONSTRAINT chk_diem_cuoi_ky CHECK (diem_cuoi_ky IS NULL OR (diem_cuoi_ky >= 0 AND diem_cuoi_ky <= 10)),
    CONSTRAINT chk_diem_trung_binh CHECK (diem_trung_binh IS NULL OR (diem_trung_binh >= 0 AND diem_trung_binh <= 10)),
    CONSTRAINT chk_diem_chu CHECK (diem_chu IS NULL OR diem_chu IN ('A+', 'A', 'B+', 'B', 'C+', 'C', 'D+', 'D', 'F')),
    CONSTRAINT chk_ket_qua CHECK (ket_qua IN ('Chưa có', 'Đậu', 'Rớt', 'Vắng thi', 'Cấm thi')),
    CONSTRAINT fk_dsv_sv FOREIGN KEY (ma_sv) 
        REFERENCES sinh_vien(ma_sv) ON DELETE CASCADE ON UPDATE CASCADE,
    CONSTRAINT fk_dsv_mh FOREIGN KEY (ma_mon_hoc) 
        REFERENCES mon_hoc(ma_mon_hoc) ON DELETE RESTRICT ON UPDATE CASCADE,
    CONSTRAINT fk_dsv_hk FOREIGN KEY (ma_hoc_ky) 
        REFERENCES hoc_ky(ma_hoc_ky) ON DELETE RESTRICT ON UPDATE CASCADE,
    CONSTRAINT fk_dsv_lop FOREIGN KEY (ma_lop) 
        REFERENCES lop(ma_lop) ON DELETE SET NULL ON UPDATE CASCADE,
    CONSTRAINT fk_dsv_nguoi_nhap FOREIGN KEY (nguoi_nhap_diem) 
        REFERENCES tai_khoan(ma_tai_khoan) ON DELETE SET NULL ON UPDATE CASCADE
);

-- =====================================================
-- 23. BẢNG phieu_thu_hoc_phi - Phiếu thu học phí (BM6, QĐ6)
-- =====================================================
CREATE TABLE phieu_thu_hoc_phi (
    so_phieu_thu SERIAL NOT NULL,
    so_phieu_dang_ky INTEGER NOT NULL,
    ma_sv VARCHAR(15) NOT NULL,
    ngay_lap TIMESTAMP DEFAULT CURRENT_TIMESTAMP,
    so_tien_thu DECIMAL(15,0) NOT NULL,
    hinh_thuc_thu VARCHAR(50) DEFAULT 'Tiền mặt',
    ma_giao_dich VARCHAR(100),
    nguoi_thu VARCHAR(100),
    ghi_chu VARCHAR(300),
    trang_thai VARCHAR(20) DEFAULT 'Thành công',
    CONSTRAINT phieu_thu_hoc_phi_pkey PRIMARY KEY (so_phieu_thu),
    CONSTRAINT chk_so_tien_thu CHECK (so_tien_thu > 0),
    CONSTRAINT chk_hinh_thuc_thu CHECK (hinh_thuc_thu IN ('Tiền mặt', 'Chuyển khoản', 'Thẻ', 'Ví điện tử')),
    CONSTRAINT chk_trang_thai_pthp CHECK (trang_thai IN ('Thành công', 'Đã hủy')),
    CONSTRAINT fk_pthp_pdk FOREIGN KEY (so_phieu_dang_ky) 
        REFERENCES phieu_dang_ky(so_phieu) ON DELETE RESTRICT ON UPDATE CASCADE,
    CONSTRAINT fk_pthp_sv FOREIGN KEY (ma_sv) 
        REFERENCES sinh_vien(ma_sv) ON DELETE RESTRICT ON UPDATE CASCADE
);

-- =====================================================
-- 20. BẢNG thong_bao - Thông báo (gộp chung và cá nhân)
-- loai: 'chung' = thông báo chung, 'ca_nhan' = thông báo cá nhân
-- =====================================================
CREATE TABLE thong_bao (
    ma_thong_bao SERIAL NOT NULL,
    loai VARCHAR(20) NOT NULL DEFAULT 'chung',
    tieu_de VARCHAR(200) NOT NULL,
    noi_dung TEXT NOT NULL,
    loai_thong_bao VARCHAR(50),
    -- Dành cho thông báo chung
    doi_tuong VARCHAR(30) DEFAULT 'Tất cả',
    ghim_top BOOLEAN DEFAULT FALSE,
    ngay_het_han TIMESTAMP,
    -- Dành cho thông báo cá nhân
    ma_tai_khoan_nhan INTEGER,
    duong_dan VARCHAR(255),
    da_doc BOOLEAN DEFAULT FALSE,
    ngay_doc TIMESTAMP,
    -- Chung
    nguoi_tao INTEGER,
    ngay_tao TIMESTAMP DEFAULT CURRENT_TIMESTAMP,
    trang_thai BOOLEAN DEFAULT TRUE,
    CONSTRAINT thong_bao_pkey PRIMARY KEY (ma_thong_bao),
    CONSTRAINT chk_loai_thong_bao CHECK (loai IN ('chung', 'ca_nhan')),
    CONSTRAINT fk_tb_nguoitao FOREIGN KEY (nguoi_tao) 
        REFERENCES tai_khoan(ma_tai_khoan) ON DELETE SET NULL ON UPDATE CASCADE,
    CONSTRAINT fk_tb_nguoinhan FOREIGN KEY (ma_tai_khoan_nhan) 
        REFERENCES tai_khoan(ma_tai_khoan) ON DELETE CASCADE ON UPDATE CASCADE
);

-- =====================================================
-- INDEXES - Tối ưu hiệu suất truy vấn
-- =====================================================

-- Index cho bảng phuong_xa
CREATE INDEX idx_phuong_xa_ma_tinh ON phuong_xa(ma_tinh);
CREATE INDEX idx_phuong_xa_khu_vuc ON phuong_xa(khu_vuc);

-- Index cho bảng nganh_hoc
CREATE INDEX idx_nganh_ma_khoa ON nganh_hoc(ma_khoa);

-- Index cho bảng sinh_vien
CREATE INDEX idx_sv_ma_phuong_xa ON sinh_vien(ma_phuong_xa);
CREATE INDEX idx_sv_ma_dan_toc ON sinh_vien(ma_dan_toc);
CREATE INDEX idx_sv_ma_nganh ON sinh_vien(ma_nganh);
CREATE INDEX idx_sv_ma_tai_khoan ON sinh_vien(ma_tai_khoan);
CREATE INDEX idx_sv_trang_thai ON sinh_vien(trang_thai);

-- Index cho bảng tai_khoan
CREATE INDEX idx_tk_ten_dang_nhap ON tai_khoan(ten_dang_nhap);
CREATE INDEX idx_tk_role ON tai_khoan(role);

-- Index cho bảng doi_tuong_sinh_vien
CREATE INDEX idx_dtsv_ma_sv ON doi_tuong_sinh_vien(ma_sv);
CREATE INDEX idx_dtsv_ma_doi_tuong ON doi_tuong_sinh_vien(ma_doi_tuong);

-- Index cho bảng mon_hoc
CREATE INDEX idx_mh_ma_khoa ON mon_hoc(ma_khoa);
CREATE INDEX idx_mh_loai_mon ON mon_hoc(loai_mon);

-- Index cho bảng dieu_kien_mon_hoc
CREATE INDEX idx_dkmh_ma_mon_hoc ON dieu_kien_mon_hoc(ma_mon_hoc);
CREATE INDEX idx_dkmh_ma_mon_dieu_kien ON dieu_kien_mon_hoc(ma_mon_dieu_kien);
CREATE INDEX idx_dkmh_loai_dieu_kien ON dieu_kien_mon_hoc(loai_dieu_kien);

-- Index cho bảng lop
CREATE INDEX idx_lop_ma_mon_hoc ON lop(ma_mon_hoc);

-- Index cho bảng chuong_trinh_hoc
CREATE INDEX idx_cth_ma_nganh ON chuong_trinh_hoc(ma_nganh);
CREATE INDEX idx_cth_ma_mon_hoc ON chuong_trinh_hoc(ma_mon_hoc);

-- Index cho bảng hoc_ky
CREATE INDEX idx_hk_ma_nam_hoc ON hoc_ky(ma_nam_hoc);
CREATE INDEX idx_hk_trang_thai ON hoc_ky(trang_thai);

-- Index cho bảng lop_mo
CREATE INDEX idx_lm_ma_hoc_ky ON lop_mo(ma_hoc_ky);
CREATE INDEX idx_lm_ma_lop ON lop_mo(ma_lop);

-- Index cho bảng don_gia_tin_chi
CREATE INDEX idx_dgtc_loai_mon ON don_gia_tin_chi(loai_mon);
CREATE INDEX idx_dgtc_loai_hoc ON don_gia_tin_chi(loai_hoc);

-- Index cho bảng phieu_dang_ky
CREATE INDEX idx_pdk_ma_sv ON phieu_dang_ky(ma_sv);
CREATE INDEX idx_pdk_ma_hoc_ky ON phieu_dang_ky(ma_hoc_ky);
CREATE INDEX idx_pdk_trang_thai ON phieu_dang_ky(trang_thai);

-- Index cho bảng chi_tiet_dang_ky
CREATE INDEX idx_ctdk_so_phieu ON chi_tiet_dang_ky(so_phieu);
CREATE INDEX idx_ctdk_ma_lop ON chi_tiet_dang_ky(ma_lop);
CREATE INDEX idx_ctdk_trang_thai ON chi_tiet_dang_ky(trang_thai);

-- Index cho bảng phieu_thu_hoc_phi
CREATE INDEX idx_pthp_so_phieu_dang_ky ON phieu_thu_hoc_phi(so_phieu_dang_ky);
CREATE INDEX idx_pthp_ma_sv ON phieu_thu_hoc_phi(ma_sv);
CREATE INDEX idx_pthp_trang_thai ON phieu_thu_hoc_phi(trang_thai);

-- Index cho bảng tiet_hoc
CREATE INDEX idx_tiet_thu_tu ON tiet_hoc(thu_tu);

-- Index cho bảng lich_hoc_lop
CREATE INDEX idx_lhl_lop_mo_id ON lich_hoc_lop(lop_mo_id);
CREATE INDEX idx_lhl_thu_trong_tuan ON lich_hoc_lop(thu_trong_tuan);
CREATE INDEX idx_lhl_ma_tiet_bat_dau ON lich_hoc_lop(ma_tiet_bat_dau);

-- Index cho bảng diem_sinh_vien
CREATE INDEX idx_dsv_ma_sv ON diem_sinh_vien(ma_sv);
CREATE INDEX idx_dsv_ma_mon_hoc ON diem_sinh_vien(ma_mon_hoc);
CREATE INDEX idx_dsv_ma_hoc_ky ON diem_sinh_vien(ma_hoc_ky);
CREATE INDEX idx_dsv_ket_qua ON diem_sinh_vien(ket_qua);

-- Index cho bảng thong_bao
CREATE INDEX idx_tb_nguoi_tao ON thong_bao(nguoi_tao);
CREATE INDEX idx_tb_trang_thai ON thong_bao(trang_thai);
CREATE INDEX idx_tb_loai ON thong_bao(loai);
CREATE INDEX idx_tb_ma_tai_khoan_nhan ON thong_bao(ma_tai_khoan_nhan);
CREATE INDEX idx_tb_da_doc ON thong_bao(da_doc);

-- =====================================================
-- VIEWS - Các view báo cáo
-- =====================================================

-- View: Phiếu đăng ký chi tiết
CREATE OR REPLACE VIEW v_phieu_dang_ky AS
SELECT 
    pdk.so_phieu,
    sv.ma_sv AS ma_so_sinh_vien,
    sv.ho_ten AS ho_ten_sinh_vien,
    nh.ten_nganh,
    hk.ma_hoc_ky,
    hk.ten_hoc_ky,
    namhoc.ten_nam_hoc,
    pdk.ngay_lap,
    pdk.tong_tin_chi,
    -- Thống kê theo loại đăng ký
    pdk.so_mon_hoc_moi,
    pdk.so_tin_chi_hoc_moi,
    pdk.tien_hoc_moi,
    pdk.so_mon_hoc_lai,
    pdk.so_tin_chi_hoc_lai,
    pdk.tien_hoc_lai,
    pdk.so_mon_hoc_cai_thien,
    pdk.so_tin_chi_hoc_cai_thien,
    pdk.tien_hoc_cai_thien,
    -- Tổng tiền
    pdk.tong_tien_dang_ky,
    pdk.ti_le_giam,
    pdk.tien_mien_giam,
    pdk.tong_tien_phai_dong,
    COALESCE((
        SELECT SUM(so_tien_thu) FROM phieu_thu_hoc_phi 
        WHERE so_phieu_dang_ky = pdk.so_phieu AND trang_thai = 'Thành công'
    ), 0) AS da_dong,
    pdk.tong_tien_phai_dong - COALESCE((
        SELECT SUM(so_tien_thu) FROM phieu_thu_hoc_phi 
        WHERE so_phieu_dang_ky = pdk.so_phieu AND trang_thai = 'Thành công'
    ), 0) AS con_no,
    pdk.trang_thai
FROM phieu_dang_ky pdk
JOIN sinh_vien sv ON pdk.ma_sv = sv.ma_sv
JOIN nganh_hoc nh ON sv.ma_nganh = nh.ma_nganh
JOIN hoc_ky hk ON pdk.ma_hoc_ky = hk.ma_hoc_ky
JOIN nam_hoc namhoc ON hk.ma_nam_hoc = namhoc.ma_nam_hoc;

-- View: Phiếu thu học phí chi tiết
CREATE OR REPLACE VIEW v_phieu_thu_hoc_phi AS
SELECT 
    pthp.so_phieu_thu,
    sv.ma_sv AS ma_so_sinh_vien,
    sv.ho_ten AS ho_ten_sinh_vien,
    hk.ma_hoc_ky,
    hk.ten_hoc_ky,
    pthp.ngay_lap,
    pthp.so_tien_thu,
    pthp.hinh_thuc_thu,
    pthp.ma_giao_dich,
    pthp.nguoi_thu,
    pthp.ghi_chu,
    pthp.trang_thai
FROM phieu_thu_hoc_phi pthp
JOIN sinh_vien sv ON pthp.ma_sv = sv.ma_sv
JOIN phieu_dang_ky pdk ON pthp.so_phieu_dang_ky = pdk.so_phieu
JOIN hoc_ky hk ON pdk.ma_hoc_ky = hk.ma_hoc_ky;

-- View: Báo cáo SV chưa đóng học phí (BM7)
CREATE OR REPLACE VIEW v_bao_cao_sv_chua_dong_hoc_phi AS
SELECT 
    pdk.so_phieu,
    sv.ma_sv,
    sv.ho_ten,
    sv.sdt,
    sv.email,
    nh.ten_nganh,
    hk.ma_hoc_ky,
    hk.ten_hoc_ky,
    hk.han_dong_hoc_phi,
    pdk.tong_tien_phai_dong,
    COALESCE((
        SELECT SUM(so_tien_thu) FROM phieu_thu_hoc_phi 
        WHERE so_phieu_dang_ky = pdk.so_phieu AND trang_thai = 'Thành công'
    ), 0) AS da_dong,
    pdk.tong_tien_phai_dong - COALESCE((
        SELECT SUM(so_tien_thu) FROM phieu_thu_hoc_phi 
        WHERE so_phieu_dang_ky = pdk.so_phieu AND trang_thai = 'Thành công'
    ), 0) AS con_no,
    CASE 
        WHEN hk.han_dong_hoc_phi < CURRENT_DATE THEN 'Quá hạn'
        ELSE 'Trong hạn'
    END AS trang_thai
FROM phieu_dang_ky pdk
JOIN sinh_vien sv ON pdk.ma_sv = sv.ma_sv
JOIN nganh_hoc nh ON sv.ma_nganh = nh.ma_nganh
JOIN hoc_ky hk ON pdk.ma_hoc_ky = hk.ma_hoc_ky
WHERE pdk.trang_thai = 'Đã đăng ký'
  AND pdk.tong_tien_phai_dong > COALESCE((
        SELECT SUM(so_tien_thu) FROM phieu_thu_hoc_phi 
        WHERE so_phieu_dang_ky = pdk.so_phieu AND trang_thai = 'Thành công'
    ), 0);

-- View: Điểm trung bình tích lũy của sinh viên (GPA)
CREATE OR REPLACE VIEW v_diem_tich_luy_sinh_vien AS
SELECT 
    sv.ma_sv,
    sv.ho_ten,
    nh.ten_nganh,
    COUNT(DISTINCT CASE WHEN dsv.ket_qua = 'Đậu' THEN dsv.ma_mon_hoc END) AS so_mon_da_hoc,
    SUM(CASE WHEN dsv.ket_qua = 'Đậu' THEN dsv.so_tin_chi ELSE 0 END) AS tong_tin_chi_tich_luy,
    COALESCE(
        SUM(CASE WHEN dsv.ket_qua = 'Đậu' THEN dsv.diem_trung_binh * dsv.so_tin_chi ELSE 0 END) /
        NULLIF(SUM(CASE WHEN dsv.ket_qua = 'Đậu' THEN dsv.so_tin_chi ELSE 0 END), 0),
    0) AS diem_trung_binh_tich_luy,
    COUNT(CASE WHEN dsv.ket_qua = 'Rớt' THEN 1 END) AS so_mon_rot,
    CASE 
        WHEN COALESCE(
            SUM(CASE WHEN dsv.ket_qua = 'Đậu' THEN dsv.diem_trung_binh * dsv.so_tin_chi ELSE 0 END) /
            NULLIF(SUM(CASE WHEN dsv.ket_qua = 'Đậu' THEN dsv.so_tin_chi ELSE 0 END), 0),
        0) >= 8.5 THEN TRUE
        ELSE FALSE
    END AS duoc_vuot_tin_chi
FROM sinh_vien sv
JOIN nganh_hoc nh ON sv.ma_nganh = nh.ma_nganh
LEFT JOIN diem_sinh_vien dsv ON sv.ma_sv = dsv.ma_sv
GROUP BY sv.ma_sv, sv.ho_ten, nh.ten_nganh;

-- View: Lịch học của lớp mở
CREATE OR REPLACE VIEW v_lich_hoc_chi_tiet AS
SELECT 
    lm.id AS lop_mo_id,
    lm.ma_lop,
    l.ten_lop,
    mh.ten_mon_hoc,
    hk.ma_hoc_ky,
    hk.ten_hoc_ky,
    lhl.thu_trong_tuan,
    CASE lhl.thu_trong_tuan
        WHEN 2 THEN 'Thứ 2'
        WHEN 3 THEN 'Thứ 3'
        WHEN 4 THEN 'Thứ 4'
        WHEN 5 THEN 'Thứ 5'
        WHEN 6 THEN 'Thứ 6'
        WHEN 7 THEN 'Thứ 7'
    END AS ten_thu,
    th_bd.ten_tiet AS tiet_bat_dau,
    th_kt.ten_tiet AS tiet_ket_thuc,
    th_bd.gio_bat_dau,
    th_kt.gio_ket_thuc,
    lhl.phong_hoc,
    l.giang_vien,
    lm.so_luong_da_dang_ky,
    l.so_luong_toi_da
FROM lop_mo lm
JOIN lop l ON lm.ma_lop = l.ma_lop
JOIN mon_hoc mh ON l.ma_mon_hoc = mh.ma_mon_hoc
JOIN hoc_ky hk ON lm.ma_hoc_ky = hk.ma_hoc_ky
LEFT JOIN lich_hoc_lop lhl ON lm.id = lhl.lop_mo_id
LEFT JOIN tiet_hoc th_bd ON lhl.ma_tiet_bat_dau = th_bd.ma_tiet
LEFT JOIN tiet_hoc th_kt ON lhl.ma_tiet_ket_thuc = th_kt.ma_tiet
WHERE lm.trang_thai = TRUE;

-- View: Bảng điểm sinh viên theo học kỳ
CREATE OR REPLACE VIEW v_bang_diem_sinh_vien AS
SELECT 
    dsv.ma_sv,
    sv.ho_ten,
    dsv.ma_hoc_ky,
    hk.ten_hoc_ky,
    dsv.ma_mon_hoc,
    mh.ten_mon_hoc,
    mh.so_tin_chi,
    dsv.diem_qua_trinh,
    dsv.diem_giua_ky,
    dsv.diem_cuoi_ky,
    dsv.diem_trung_binh,
    dsv.diem_chu,
    dsv.lan_hoc,
    dsv.ket_qua,
    CASE 
        WHEN dsv.diem_trung_binh < 5.0 THEN 'Cần học lại'
        WHEN dsv.diem_trung_binh < 7.0 THEN 'Có thể cải thiện'
        ELSE 'Đạt yêu cầu'
    END AS ghi_chu_ket_qua
FROM diem_sinh_vien dsv
JOIN sinh_vien sv ON dsv.ma_sv = sv.ma_sv
JOIN mon_hoc mh ON dsv.ma_mon_hoc = mh.ma_mon_hoc
JOIN hoc_ky hk ON dsv.ma_hoc_ky = hk.ma_hoc_ky
ORDER BY dsv.ma_sv, dsv.ma_hoc_ky, dsv.ma_mon_hoc;

-- =====================================================
-- =====================================================
-- SAMPLE DATA - Dữ liệu mẫu
-- =====================================================

-- =====================================================
-- INSERT DATA - Dân tộc (Ethnicities)
-- =====================================================
INSERT INTO dan_toc (ma_dan_toc, ten_dan_toc, la_dan_toc_thieu_so) VALUES
('KINH', 'Kinh', FALSE),
('TAY', 'Tày', TRUE),
('THAI', 'Thái', TRUE),
('MUONG', 'Mường', TRUE),
('KHMER', 'Khmer', TRUE),
('MONG', 'Mông', TRUE),
('NUNG', 'Nùng', TRUE),
('HOA', 'Hoa', TRUE),
('DAO', 'Dao', TRUE),
('GIARAI', 'Gia Rai', TRUE),
('EDE', 'Ê Đê', TRUE),
('BAHNAR', 'Ba Na', TRUE),
('XODANG', 'Xơ Đăng', TRUE),
('STIENG', 'Stiêng', TRUE),
('COTU', 'Cơ Tu', TRUE),
('CHAMPA', 'Chăm', TRUE),
('KHAC', 'Dân tộc khác', TRUE);

-- =====================================================
-- INSERT DATA - Tỉnh/Thành phố (từ ITExpressLocation.sql)
-- =====================================================
INSERT INTO tinh (ma_tinh, ten_tinh, loai_tinh) VALUES
('1', 'Hà Nội', 'Thành phố'),
('2', 'Bắc Ninh', 'Tỉnh'),
('3', 'Quảng Ninh', 'Tỉnh'),
('4', 'Hải Phòng', 'Thành phố'),
('5', 'Hưng Yên', 'Tỉnh'),
('6', 'Ninh Bình', 'Tỉnh'),
('7', 'Cao Bằng', 'Tỉnh'),
('8', 'Tuyên Quang', 'Tỉnh'),
('9', 'Lào Cai', 'Tỉnh'),
('10', 'Thái Nguyên', 'Tỉnh'),
('11', 'Lạng Sơn', 'Tỉnh'),
('12', 'Phú Thọ', 'Tỉnh'),
('13', 'Điện Biên', 'Tỉnh'),
('14', 'Lai Châu', 'Tỉnh'),
('15', 'Sơn La', 'Tỉnh'),
('16', 'Thanh Hoá', 'Tỉnh'),
('17', 'Nghệ An', 'Tỉnh'),
('18', 'Hà Tĩnh', 'Tỉnh'),
('19', 'Quảng Trị', 'Tỉnh'),
('20', 'Huế', 'Thành phố'),
('21', 'Đà Nẵng', 'Thành phố'),
('22', 'Quảng Ngãi', 'Tỉnh'),
('23', 'Khánh Hòa', 'Tỉnh'),
('24', 'Gia Lai', 'Tỉnh'),
('25', 'Đắk Lắk', 'Tỉnh'),
('26', 'Lâm Đồng', 'Tỉnh'),
('27', 'Tây Ninh', 'Tỉnh'),
('28', 'Đồng Nai', 'Tỉnh'),
('29', 'Hồ Chí Minh', 'Thành phố'),
('30', 'Vĩnh Long', 'Tỉnh'),
('31', 'Đồng Tháp', 'Tỉnh'),
('32', 'An Giang', 'Tỉnh'),
('33', 'Cần Thơ', 'Thành phố'),
('34', 'Cà Mau', 'Tỉnh');

-- =====================================================
-- INSERT DATA - Phường/Xã (từ ITExpressLocation.sql)
-- Ghi chú: khu_vuc được phân loại theo tra-cuu-khu-vuc-uu-tien-2025.docx
-- Trong bản mẫu này, các tỉnh miền núi phía Bắc và Tây Nguyên được đánh dấu KV3:
--   - Cao Bằng(7), Tuyên Quang(8), Lào Cai(9), Lạng Sơn(11)
--   - Phú Thọ(12), Điện Biên(13), Lai Châu(14), Sơn La(15)
--   - Gia Lai(24), Đắk Lắk(25)
-- Lưu ý: Danh sách này cần được cập nhật theo quy định chính thức năm 2025
-- =====================================================
INSERT INTO phuong_xa (ma_phuong_xa, ten_phuong_xa, ma_tinh, loai, khu_vuc) VALUES
('1', 'Hoàn Kiếm', '1', 'Phường', 'KV1'),
('2', 'Cửa Nam', '1', 'Phường', 'KV1'),
('3', 'Ba Đình', '1', 'Phường', 'KV1'),
('4', 'Ngọc Hà', '1', 'Phường', 'KV1'),
('5', 'Giảng Võ', '1', 'Phường', 'KV1'),
('6', 'Hai Bà Trưng', '1', 'Phường', 'KV1'),
('7', 'Vĩnh Tuy', '1', 'Phường', 'KV1'),
('8', 'Bạch Mai', '1', 'Phường', 'KV1'),
('9', 'Đống Đa', '1', 'Phường', 'KV1'),
('10', 'Kim Liên', '1', 'Phường', 'KV1'),
('11', 'Văn Miếu - Quốc Tử Giám', '1', 'Phường', 'KV1'),
('12', 'Láng', '1', 'Phường', 'KV1'),
('13', 'Ô Chợ Dừa', '1', 'Phường', 'KV1'),
('14', 'Hồng Hà', '1', 'Phường', 'KV1'),
('15', 'Lĩnh Nam', '1', 'Phường', 'KV1'),
('16', 'Hoàng Mai', '1', 'Phường', 'KV1'),
('17', 'Vĩnh Hưng', '1', 'Phường', 'KV1'),
('18', 'Tương Mai', '1', 'Phường', 'KV1'),
('19', 'Định Công', '1', 'Phường', 'KV1'),
('20', 'Hoàng Liệt', '1', 'Phường', 'KV1'),
('21', 'Yên Sở', '1', 'Phường', 'KV1'),
('22', 'Thanh Xuân', '1', 'Phường', 'KV1'),
('23', 'Khương Đình', '1', 'Phường', 'KV1'),
('24', 'Phương Liệt', '1', 'Phường', 'KV1'),
('25', 'Cầu Giấy', '1', 'Phường', 'KV1'),
('26', 'Nghĩa Đô', '1', 'Phường', 'KV1'),
('27', 'Yên Hoà', '1', 'Phường', 'KV1'),
('28', 'Tây Hồ', '1', 'Phường', 'KV1'),
('29', 'Phú Thượng', '1', 'Phường', 'KV1'),
('30', 'Tây Tựu', '1', 'Phường', 'KV1'),
('31', 'Phú Diễn', '1', 'Phường', 'KV1'),
('32', 'Xuân Đỉnh', '1', 'Phường', 'KV1'),
('33', 'Đông Ngạc', '1', 'Phường', 'KV1'),
('34', 'Thượng Cát', '1', 'Phường', 'KV1'),
('35', 'Từ Liêm', '1', 'Phường', 'KV1'),
('36', 'Xuân Phương', '1', 'Phường', 'KV1'),
('37', 'Tây Mỗ', '1', 'Phường', 'KV1'),
('38', 'Đại Mỗ', '1', 'Phường', 'KV1'),
('39', 'Long Biên', '1', 'Phường', 'KV1'),
('40', 'Bồ Đề', '1', 'Phường', 'KV1'),
('41', 'Việt Hưng', '1', 'Phường', 'KV1'),
('42', 'Phúc Lợi', '1', 'Phường', 'KV1'),
('43', 'Hà Đông', '1', 'Phường', 'KV1'),
('44', 'Dương Nội', '1', 'Phường', 'KV1'),
('45', 'Yên Nghĩa', '1', 'Phường', 'KV1'),
('46', 'Phú Lương', '1', 'Phường', 'KV1'),
('47', 'Kiến Hưng', '1', 'Phường', 'KV1'),
('48', 'Thanh Trì', '1', 'Xã', 'KV1'),
('49', 'Đại Thanh', '1', 'Xã', 'KV1'),
('50', 'Nam Phù', '1', 'Xã', 'KV1'),
('51', 'Ngọc Hồi', '1', 'Xã', 'KV1'),
('52', 'Thanh Liệt', '1', 'Phường', 'KV1'),
('53', 'Thượng Phúc', '1', 'Xã', 'KV1'),
('54', 'Thường Tín', '1', 'Xã', 'KV1'),
('55', 'Chương Dương', '1', 'Xã', 'KV1'),
('56', 'Hồng Vân', '1', 'Xã', 'KV1'),
('57', 'Phú Xuyên', '1', 'Xã', 'KV1'),
('58', 'Phượng Dực', '1', 'Xã', 'KV1'),
('59', 'Chuyên Mỹ', '1', 'Xã', 'KV1'),
('60', 'Đại Xuyên', '1', 'Xã', 'KV1'),
('61', 'Thanh Oai', '1', 'Xã', 'KV1'),
('62', 'Bình Minh', '1', 'Xã', 'KV1'),
('63', 'Tam Hưng', '1', 'Xã', 'KV1'),
('64', 'Dân Hoà', '1', 'Xã', 'KV1'),
('65', 'Vân Đình', '1', 'Xã', 'KV1'),
('66', 'Ứng Thiên', '1', 'Xã', 'KV1'),
('67', 'Hoà Xá', '1', 'Xã', 'KV1'),
('68', 'Ứng Hoà', '1', 'Xã', 'KV1'),
('69', 'Mỹ Đức', '1', 'Xã', 'KV1'),
('70', 'Hồng Sơn', '1', 'Xã', 'KV1'),
('71', 'Phúc Sơn', '1', 'Xã', 'KV1'),
('72', 'Hương Sơn', '1', 'Xã', 'KV1'),
('73', 'Chương Mỹ', '1', 'Phường', 'KV1'),
('74', 'Phú Nghĩa', '1', 'Xã', 'KV1'),
('75', 'Xuân Mai', '1', 'Xã', 'KV1'),
('76', 'Trần Phú', '1', 'Xã', 'KV1'),
('77', 'Hoà Phú', '1', 'Xã', 'KV1'),
('78', 'Quảng Bị', '1', 'Xã', 'KV1'),
('79', 'Minh Châu', '1', 'Xã', 'KV1'),
('80', 'Quảng Oai', '1', 'Xã', 'KV1'),
('81', 'Vật Lại', '1', 'Xã', 'KV1'),
('82', 'Cổ Đô', '1', 'Xã', 'KV1'),
('83', 'Bất Bạt', '1', 'Xã', 'KV1'),
('84', 'Suối Hai', '1', 'Xã', 'KV1'),
('85', 'Ba Vì', '1', 'Xã', 'KV1'),
('86', 'Yên Bài', '1', 'Xã', 'KV1'),
('87', 'Sơn Tây', '1', 'Phường', 'KV1'),
('88', 'Tùng Thiện', '1', 'Phường', 'KV1'),
('89', 'Đoài Phương', '1', 'Xã', 'KV1'),
('90', 'Phúc Thọ', '1', 'Xã', 'KV1'),
('91', 'Phúc Lộc', '1', 'Xã', 'KV1'),
('92', 'Hát Môn', '1', 'Xã', 'KV1'),
('93', 'Thạch Thất', '1', 'Xã', 'KV1'),
('94', 'Hạ Bằng', '1', 'Xã', 'KV1'),
('95', 'Tây Phương', '1', 'Xã', 'KV1'),
('96', 'Hoà Lạc', '1', 'Xã', 'KV1'),
('97', 'Yên Xuân', '1', 'Xã', 'KV1'),
('98', 'Quốc Oai', '1', 'Xã', 'KV1'),
('99', 'Hưng Đạo', '1', 'Xã', 'KV1'),
('100', 'Kiều Phú', '1', 'Xã', 'KV1'),
('101', 'Phú Cát', '1', 'Xã', 'KV1'),
('102', 'Hoài Đức', '1', 'Xã', 'KV1'),
('103', 'Dương Hoà', '1', 'Xã', 'KV1'),
('104', 'Sơn Đồng', '1', 'Xã', 'KV1'),
('105', 'An Khánh', '1', 'Xã', 'KV1'),
('106', 'Đan Phượng', '1', 'Xã', 'KV1'),
('107', 'Ô Diên', '1', 'Xã', 'KV1'),
('108', 'Liên Minh', '1', 'Xã', 'KV1'),
('109', 'Gia Lâm', '1', 'Xã', 'KV1'),
('110', 'Thuận An', '1', 'Xã', 'KV1'),
('111', 'Bát Tràng', '1', 'Xã', 'KV1'),
('112', 'Phù Đổng', '1', 'Xã', 'KV1'),
('113', 'Thư Lâm', '1', 'Xã', 'KV1'),
('114', 'Đông Anh', '1', 'Xã', 'KV1'),
('115', 'Phúc Thịnh', '1', 'Xã', 'KV1'),
('116', 'Thiên Lộc', '1', 'Xã', 'KV1'),
('117', 'Vĩnh Thanh', '1', 'Xã', 'KV1'),
('118', 'Mê Linh', '1', 'Xã', 'KV1'),
('119', 'Yên Lãng', '1', 'Xã', 'KV1'),
('120', 'Tiến Thắng', '1', 'Xã', 'KV1'),
('121', 'Quang Minh', '1', 'Xã', 'KV1'),
('122', 'Sóc Sơn', '1', 'Xã', 'KV1'),
('123', 'Đa Phúc', '1', 'Xã', 'KV1'),
('124', 'Nội Bài', '1', 'Xã', 'KV1'),
('125', 'Trung Giã', '1', 'Xã', 'KV1'),
('126', 'Kim Anh', '1', 'Xã', 'KV1'),
('127', 'Đại Sơn', '2', 'Xã', 'KV1'),
('128', 'Sơn Động', '2', 'Xã', 'KV1'),
('129', 'Tây Yên Tử', '2', 'Xã', 'KV1'),
('130', 'Dương Hưu', '2', 'Xã', 'KV1'),
('131', 'Yên Định', '2', 'Xã', 'KV1'),
('132', 'An Lạc', '2', 'Xã', 'KV1'),
('133', 'Vân Sơn', '2', 'Xã', 'KV1'),
('134', 'Biển Động', '2', 'Xã', 'KV1'),
('135', 'Lục Ngạn', '2', 'Xã', 'KV1'),
('136', 'Đèo Gia', '2', 'Xã', 'KV1'),
('137', 'Sơn Hải', '2', 'Xã', 'KV1'),
('138', 'Tân Sơn', '2', 'Xã', 'KV1'),
('139', 'Biên Sơn', '2', 'Xã', 'KV1'),
('140', 'Sa Lý', '2', 'Xã', 'KV1'),
('141', 'Nam Dương', '2', 'Xã', 'KV1'),
('142', 'Kiên Lao', '2', 'Xã', 'KV1'),
('143', 'Chũ', '2', 'Phường', 'KV1'),
('144', 'Phượng Sơn', '2', 'Phường', 'KV1'),
('145', 'Lục Sơn', '2', 'Xã', 'KV1'),
('146', 'Trường Sơn', '2', 'Xã', 'KV1'),
('147', 'Cẩm Lý', '2', 'Xã', 'KV1'),
('148', 'Đông Phú', '2', 'Xã', 'KV1'),
('149', 'Nghĩa Phương', '2', 'Xã', 'KV1'),
('150', 'Lục Nam', '2', 'Xã', 'KV1'),
('151', 'Bắc Lũng', '2', 'Xã', 'KV1'),
('152', 'Bảo Đài', '2', 'Xã', 'KV1'),
('153', 'Lạng Giang', '2', 'Xã', 'KV1'),
('154', 'Mỹ Thái', '2', 'Xã', 'KV1'),
('155', 'Kép', '2', 'Xã', 'KV1'),
('156', 'Tân Dĩnh', '2', 'Xã', 'KV1'),
('157', 'Tiên Lục', '2', 'Xã', 'KV1'),
('158', 'Yên Thế', '2', 'Xã', 'KV1'),
('159', 'Bố Hạ', '2', 'Xã', 'KV1'),
('160', 'Đồng Kỳ', '2', 'Xã', 'KV1'),
('161', 'Xuân Lương', '2', 'Xã', 'KV1'),
('162', 'Tam Tiến', '2', 'Xã', 'KV1'),
('163', 'Tân Yên', '2', 'Xã', 'KV1'),
('164', 'Ngọc Thiện', '2', 'Xã', 'KV1'),
('165', 'Nhã Nam', '2', 'Xã', 'KV1'),
('166', 'Phúc Hoà', '2', 'Xã', 'KV1'),
('167', 'Quang Trung', '2', 'Xã', 'KV1'),
('168', 'Hợp Thịnh', '2', 'Xã', 'KV1'),
('169', 'Hiệp Hoà', '2', 'Xã', 'KV1'),
('170', 'Hoàng Vân', '2', 'Xã', 'KV1'),
('171', 'Xuân Cẩm', '2', 'Xã', 'KV1'),
('172', 'Tự Lạn', '2', 'Phường', 'KV1'),
('173', 'Việt Yên', '2', 'Phường', 'KV1'),
('174', 'Nếnh', '2', 'Phường', 'KV1'),
('175', 'Vân Hà', '2', 'Phường', 'KV1'),
('176', 'Đồng Việt', '2', 'Xã', 'KV1'),
('177', 'Bắc Giang', '2', 'Phường', 'KV1'),
('178', 'Đa Mai', '2', 'Phường', 'KV1'),
('179', 'Tiền Phong', '2', 'Phường', 'KV1'),
('180', 'Tân An', '2', 'Phường', 'KV1'),
('181', 'Yên Dũng', '2', 'Phường', 'KV1'),
('182', 'Tân Tiến', '2', 'Phường', 'KV1'),
('183', 'Cảnh Thụy', '2', 'Phường', 'KV1'),
('184', 'Kinh Bắc', '2', 'Phường', 'KV1'),
('185', 'Võ Cường', '2', 'Phường', 'KV1'),
('186', 'Vũ Ninh', '2', 'Phường', 'KV1'),
('187', 'Hạp Lĩnh', '2', 'Phường', 'KV1'),
('188', 'Nam Sơn', '2', 'Phường', 'KV1'),
('189', 'Từ Sơn', '2', 'Phường', 'KV1'),
('190', 'Tam Sơn', '2', 'Phường', 'KV1'),
('191', 'Đồng Nguyên', '2', 'Phường', 'KV1'),
('192', 'Phù Khê', '2', 'Phường', 'KV1'),
('193', 'Thuận Thành', '2', 'Phường', 'KV1'),
('194', 'Mão Điền', '2', 'Phường', 'KV1'),
('195', 'Trạm Lộ', '2', 'Phường', 'KV1'),
('196', 'Trí Quả', '2', 'Phường', 'KV1'),
('197', 'Song Liễu', '2', 'Phường', 'KV1'),
('198', 'Ninh Xá', '2', 'Phường', 'KV1'),
('199', 'Quế Võ', '2', 'Phường', 'KV1'),
('200', 'Phương Liễu', '2', 'Phường', 'KV1'),
('201', 'Nhân Hoà', '2', 'Phường', 'KV1'),
('202', 'Đào Viên', '2', 'Phường', 'KV1'),
('203', 'Bồng Lai', '2', 'Phường', 'KV1'),
('204', 'Chi Lăng', '2', 'Xã', 'KV1'),
('205', 'Phù Lãng', '2', 'Xã', 'KV1'),
('206', 'Yên Phong', '2', 'Xã', 'KV1'),
('207', 'Văn Môn', '2', 'Xã', 'KV1'),
('208', 'Tam Giang', '2', 'Xã', 'KV1'),
('209', 'Yên Trung', '2', 'Xã', 'KV1'),
('210', 'Tam Đa', '2', 'Xã', 'KV1'),
('211', 'Tiên Du', '2', 'Xã', 'KV1'),
('212', 'Liên Bão', '2', 'Xã', 'KV1'),
('213', 'Tân Chi', '2', 'Xã', 'KV1'),
('214', 'Đại Đồng', '2', 'Xã', 'KV1'),
('215', 'Phật Tích', '2', 'Xã', 'KV1'),
('216', 'Gia Bình', '2', 'Xã', 'KV1'),
('217', 'Nhân Thắng', '2', 'Xã', 'KV1'),
('218', 'Đại Lai', '2', 'Xã', 'KV1'),
('219', 'Cao Đức', '2', 'Xã', 'KV1'),
('220', 'Đông Cứu', '2', 'Xã', 'KV1'),
('221', 'Lương Tài', '2', 'Xã', 'KV1'),
('222', 'Lâm Thao', '2', 'Xã', 'KV1'),
('223', 'Trung Chính', '2', 'Xã', 'KV1'),
('224', 'Trung Kênh', '2', 'Xã', 'KV1'),
('225', 'Tuấn Đạo', '2', 'Xã', 'KV1'),
('226', 'An Sinh', '3', 'Phường', 'KV1'),
('227', 'Đông Triều', '3', 'Phường', 'KV1'),
('228', 'Bình Khê', '3', 'Phường', 'KV1'),
('229', 'Mạo Khê', '3', 'Phường', 'KV1'),
('230', 'Hoàng Quế', '3', 'Phường', 'KV1'),
('231', 'Yên Tử', '3', 'Phường', 'KV1'),
('232', 'Vàng Danh', '3', 'Phường', 'KV1'),
('233', 'Uông Bí', '3', 'Phường', 'KV1'),
('234', 'Đông Mai', '3', 'Phường', 'KV1'),
('235', 'Hiệp Hoà', '3', 'Phường', 'KV1'),
('236', 'Quảng Yên', '3', 'Phường', 'KV1'),
('237', 'Hà An', '3', 'Phường', 'KV1'),
('238', 'Phong Cốc', '3', 'Phường', 'KV1'),
('239', 'Liên Hoà', '3', 'Phường', 'KV1'),
('240', 'Tuần Châu', '3', 'Phường', 'KV1'),
('241', 'Việt Hưng', '3', 'Phường', 'KV1'),
('242', 'Bãi Cháy', '3', 'Phường', 'KV1'),
('243', 'Hà Tu', '3', 'Phường', 'KV1'),
('244', 'Hà Lầm', '3', 'Phường', 'KV1'),
('245', 'Cao Xanh', '3', 'Phường', 'KV1'),
('246', 'Hồng Gai', '3', 'Phường', 'KV1'),
('247', 'Hạ Long', '3', 'Phường', 'KV1'),
('248', 'Hoành Bồ', '3', 'Phường', 'KV1'),
('249', 'Quảng La', '3', 'Xã', 'KV1'),
('250', 'Thống Nhất', '3', 'Xã', 'KV1'),
('251', 'Mông Dương', '3', 'Phường', 'KV1'),
('252', 'Quang Hanh', '3', 'Phường', 'KV1'),
('253', 'Cẩm Phả', '3', 'Phường', 'KV1'),
('254', 'Cửa Ông', '3', 'Phường', 'KV1'),
('255', 'Hải Hoà', '3', 'Xã', 'KV1'),
('256', 'Tiên Yên', '3', 'Xã', 'KV1'),
('257', 'Điền Xá', '3', 'Xã', 'KV1'),
('258', 'Đông Ngũ', '3', 'Xã', 'KV1'),
('259', 'Hải Lạng', '3', 'Xã', 'KV1'),
('260', 'Lương Minh', '3', 'Xã', 'KV1'),
('261', 'Kỳ Thượng', '3', 'Xã', 'KV1'),
('262', 'Ba Chẽ', '3', 'Xã', 'KV1'),
('263', 'Quảng Tân', '3', 'Xã', 'KV1'),
('264', 'Đầm Hà', '3', 'Xã', 'KV1'),
('265', 'Quảng Hà', '3', 'Xã', 'KV1'),
('266', 'Đường Hoa', '3', 'Xã', 'KV1'),
('267', 'Quảng Đức', '3', 'Xã', 'KV1'),
('268', 'Hoành Mô', '3', 'Xã', 'KV1'),
('269', 'Lục Hồn', '3', 'Xã', 'KV1'),
('270', 'Bình Liêu', '3', 'Xã', 'KV1'),
('271', 'Hải Sơn', '3', 'Xã', 'KV1'),
('272', 'Hải Ninh', '3', 'Xã', 'KV1'),
('273', 'Vĩnh Thực', '3', 'Xã', 'KV1'),
('274', 'Móng Cái 1', '3', 'Phường', 'KV1'),
('275', 'Móng Cái 2', '3', 'Phường', 'KV1'),
('276', 'Móng Cái 3', '3', 'Phường', 'KV1'),
('277', 'khu Vân Đồn', '3', 'Xã', 'KV1'),
('278', 'khu Cô Tô', '3', 'Xã', 'KV1'),
('279', 'Cái Chiên', '3', 'Xã', 'KV1'),
('280', 'Thuỷ Nguyên', '4', 'Phường', 'KV1'),
('281', 'Thiên Hương', '4', 'Phường', 'KV1'),
('282', 'Hoà Bình', '4', 'Phường', 'KV1'),
('283', 'Nam Triệu', '4', 'Phường', 'KV1'),
('284', 'Bạch Đằng', '4', 'Phường', 'KV1'),
('285', 'Lưu Kiếm', '4', 'Phường', 'KV1'),
('286', 'Lê Ích Mộc', '4', 'Phường', 'KV1'),
('287', 'Hồng Bàng', '4', 'Phường', 'KV1'),
('288', 'Hồng An', '4', 'Phường', 'KV1'),
('289', 'Ngô Quyền', '4', 'Phường', 'KV1'),
('290', 'Gia Viên', '4', 'Phường', 'KV1'),
('291', 'Lê Chân', '4', 'Phường', 'KV1'),
('292', 'An Biên', '4', 'Phường', 'KV1'),
('293', 'Hải An', '4', 'Phường', 'KV1'),
('294', 'Đông Hải', '4', 'Phường', 'KV1'),
('295', 'Kiến An', '4', 'Phường', 'KV1'),
('296', 'Phù Liễn', '4', 'Phường', 'KV1'),
('297', 'Nam Đồ Sơn', '4', 'Phường', 'KV1'),
('298', 'Đồ Sơn', '4', 'Phường', 'KV1'),
('299', 'Hưng Đạo', '4', 'Phường', 'KV1'),
('300', 'Dương Kinh', '4', 'Phường', 'KV1'),
('301', 'An Dương', '4', 'Phường', 'KV1'),
('302', 'An Hải', '4', 'Phường', 'KV1'),
('303', 'An Phong', '4', 'Phường', 'KV1'),
('304', 'An Hưng', '4', 'Xã', 'KV1'),
('305', 'An Khánh', '4', 'Xã', 'KV1'),
('306', 'An Quang', '4', 'Xã', 'KV1'),
('307', 'An Trường', '4', 'Xã', 'KV1'),
('308', 'An Lão', '4', 'Xã', 'KV1'),
('309', 'Kiến Thụy', '4', 'Xã', 'KV1'),
('310', 'Kiến Minh', '4', 'Xã', 'KV1'),
('311', 'Kiến Hải', '4', 'Xã', 'KV1'),
('312', 'Kiến Hưng', '4', 'Xã', 'KV1'),
('313', 'Nghi Dương', '4', 'Xã', 'KV1'),
('314', 'Quyết Thắng', '4', 'Xã', 'KV1'),
('315', 'Tiên Lãng', '4', 'Xã', 'KV1'),
('316', 'Tân Minh', '4', 'Xã', 'KV1'),
('317', 'Tiên Minh', '4', 'Xã', 'KV1'),
('318', 'Chấn Hưng', '4', 'Xã', 'KV1'),
('319', 'Hùng Thắng', '4', 'Xã', 'KV1'),
('320', 'Vĩnh Bảo', '4', 'Xã', 'KV1'),
('321', 'Nguyễn Bỉnh Khiêm', '4', 'Xã', 'KV1'),
('322', 'Vĩnh Am', '4', 'Xã', 'KV1'),
('323', 'Vĩnh Hải', '4', 'Xã', 'KV1'),
('324', 'Vĩnh Hoà', '4', 'Xã', 'KV1'),
('325', 'Vĩnh Thịnh', '4', 'Xã', 'KV1'),
('326', 'Vĩnh Thuận', '4', 'Xã', 'KV1'),
('327', 'Việt Khê', '4', 'Xã', 'KV1'),
('328', 'khu Cát Hải', '4', 'Xã', 'KV1'),
('329', 'khu Bạch Long Vĩ', '4', 'Xã', 'KV1'),
('330', 'Hải Dương', '4', 'Phường', 'KV1'),
('331', 'Lê Thanh Nghị', '4', 'Phường', 'KV1'),
('332', 'Việt Hoà', '4', 'Phường', 'KV1'),
('333', 'Thành Đông', '4', 'Phường', 'KV1'),
('334', 'Nam Đồng', '4', 'Phường', 'KV1'),
('335', 'Tân Hưng', '4', 'Phường', 'KV1'),
('336', 'Thạch Khôi', '4', 'Phường', 'KV1'),
('337', 'Tứ Minh', '4', 'Phường', 'KV1'),
('338', 'Ái Quốc', '4', 'Phường', 'KV1'),
('339', 'Chu Văn An', '4', 'Phường', 'KV1'),
('340', 'Chí Linh', '4', 'Phường', 'KV1'),
('341', 'Trần Hưng Đạo', '4', 'Phường', 'KV1'),
('342', 'Nguyễn Trãi', '4', 'Phường', 'KV1'),
('343', 'Trần Nhân Tông', '4', 'Phường', 'KV1'),
('344', 'Lê Đại Hành', '4', 'Phường', 'KV1'),
('345', 'Kinh Môn', '4', 'Phường', 'KV1'),
('346', 'Nguyễn Đại Năng', '4', 'Phường', 'KV1'),
('347', 'Trần Liễu', '4', 'Phường', 'KV1'),
('348', 'Bắc An Phụ', '4', 'Phường', 'KV1'),
('349', 'Phạm Sư Mạnh', '4', 'Phường', 'KV1'),
('350', 'Nhị Chiểu', '4', 'Phường', 'KV1'),
('351', 'Nam An Phụ', '4', 'Xã', 'KV1'),
('352', 'Nam Sách', '4', 'Xã', 'KV1'),
('353', 'Thái Tân', '4', 'Xã', 'KV1'),
('354', 'Hợp Tiến', '4', 'Xã', 'KV1'),
('355', 'Trần Phú', '4', 'Xã', 'KV1'),
('356', 'An Phú', '4', 'Xã', 'KV1'),
('357', 'Thanh Hà', '4', 'Xã', 'KV1'),
('358', 'Hà Tây', '4', 'Xã', 'KV1'),
('359', 'Hà Bắc', '4', 'Xã', 'KV1'),
('360', 'Hà Nam', '4', 'Xã', 'KV1'),
('361', 'Hà Đông', '4', 'Xã', 'KV1'),
('362', 'Cẩm Giang', '4', 'Xã', 'KV1'),
('363', 'Tuệ Tĩnh', '4', 'Xã', 'KV1'),
('364', 'Mao Điền', '4', 'Xã', 'KV1'),
('365', 'Cẩm Giàng', '4', 'Xã', 'KV1'),
('366', 'Kẻ Sặt', '4', 'Xã', 'KV1'),
('367', 'Bình Giang', '4', 'Xã', 'KV1'),
('368', 'Đường An', '4', 'Xã', 'KV1'),
('369', 'Thượng Hồng', '4', 'Xã', 'KV1'),
('370', 'Gia Lộc', '4', 'Xã', 'KV1'),
('371', 'Yết Kiêu', '4', 'Xã', 'KV1'),
('372', 'Gia Phúc', '4', 'Xã', 'KV1'),
('373', 'Trường Tân', '4', 'Xã', 'KV1'),
('374', 'Tứ Kỳ', '4', 'Xã', 'KV1'),
('375', 'Tân Kỳ', '4', 'Xã', 'KV1'),
('376', 'Đại Sơn', '4', 'Xã', 'KV1'),
('377', 'Chí Minh', '4', 'Xã', 'KV1'),
('378', 'Lạc Phượng', '4', 'Xã', 'KV1'),
('379', 'Nguyên Giáp', '4', 'Xã', 'KV1'),
('380', 'Ninh Giang', '4', 'Xã', 'KV1'),
('381', 'Vĩnh Lại', '4', 'Xã', 'KV1'),
('382', 'Khúc Thừa Dụ', '4', 'Xã', 'KV1'),
('383', 'Tân An', '4', 'Xã', 'KV1'),
('384', 'Hồng Châu', '4', 'Xã', 'KV1'),
('385', 'Thanh Miện', '4', 'Xã', 'KV1'),
('386', 'Bắc Thanh Miện', '4', 'Xã', 'KV1'),
('387', 'Hải Hưng', '4', 'Xã', 'KV1'),
('388', 'Nguyễn Lương Bằng', '4', 'Xã', 'KV1'),
('389', 'Nam Thanh Miện', '4', 'Xã', 'KV1'),
('390', 'Phú Thái', '4', 'Xã', 'KV1'),
('391', 'Lai Khê', '4', 'Xã', 'KV1'),
('392', 'An Thành', '4', 'Xã', 'KV1'),
('393', 'Kim Thành', '4', 'Xã', 'KV1'),
('394', 'Phố Hiến', '5', 'Phường', 'KV1'),
('395', 'Sơn Nam', '5', 'Phường', 'KV1'),
('396', 'Hồng Châu', '5', 'Phường', 'KV1'),
('397', 'Mỹ Hào', '5', 'Phường', 'KV1'),
('398', 'Đường Hào', '5', 'Phường', 'KV1'),
('399', 'Thượng Hồng', '5', 'Phường', 'KV1'),
('400', 'Tân Hưng', '5', 'Xã', 'KV1'),
('401', 'Hoàng Hoa Thám', '5', 'Xã', 'KV1'),
('402', 'Tiên Lữ', '5', 'Xã', 'KV1'),
('403', 'Tiên Hoa', '5', 'Xã', 'KV1'),
('404', 'Quang Hưng', '5', 'Xã', 'KV1'),
('405', 'Đoàn Đào', '5', 'Xã', 'KV1'),
('406', 'Tiên Tiến', '5', 'Xã', 'KV1'),
('407', 'Tống Trân', '5', 'Xã', 'KV1'),
('408', 'Lương Bằng', '5', 'Xã', 'KV1'),
('409', 'Nghĩa Dân', '5', 'Xã', 'KV1'),
('410', 'Hiệp Cường', '5', 'Xã', 'KV1'),
('411', 'Đức Hợp', '5', 'Xã', 'KV1'),
('412', 'Ân Thi', '5', 'Xã', 'KV1'),
('413', 'Xuân Trúc', '5', 'Xã', 'KV1'),
('414', 'Phạm Ngũ Lão', '5', 'Xã', 'KV1'),
('415', 'Nguyễn Trãi', '5', 'Xã', 'KV1'),
('416', 'Hồng Quang', '5', 'Xã', 'KV1'),
('417', 'Khoái Châu', '5', 'Xã', 'KV1'),
('418', 'Triệu Việt Vương', '5', 'Xã', 'KV1'),
('419', 'Việt Tiến', '5', 'Xã', 'KV1'),
('420', 'Chí Minh', '5', 'Xã', 'KV1'),
('421', 'Châu Ninh', '5', 'Xã', 'KV1'),
('422', 'Yên Mỹ', '5', 'Xã', 'KV1'),
('423', 'Việt Yên', '5', 'Xã', 'KV1'),
('424', 'Hoàn Long', '5', 'Xã', 'KV1'),
('425', 'Nguyễn Văn Linh', '5', 'Xã', 'KV1'),
('426', 'Như Quỳnh', '5', 'Xã', 'KV1'),
('427', 'Lạc Đạo', '5', 'Xã', 'KV1'),
('428', 'Đại Đồng', '5', 'Xã', 'KV1'),
('429', 'Nghĩa Trụ', '5', 'Xã', 'KV1'),
('430', 'Phụng Công', '5', 'Xã', 'KV1'),
('431', 'Văn Giang', '5', 'Xã', 'KV1'),
('432', 'Mễ Sở', '5', 'Xã', 'KV1'),
('433', 'Thái Bình', '5', 'Phường', 'KV1'),
('434', 'Trần Lãm', '5', 'Phường', 'KV1'),
('435', 'Trần Hưng Đạo', '5', 'Phường', 'KV1'),
('436', 'Trà Lý', '5', 'Phường', 'KV1'),
('437', 'Vũ Phúc', '5', 'Phường', 'KV1'),
('438', 'Thái Thụy', '5', 'Xã', 'KV1'),
('439', 'Đông Thụy Anh', '5', 'Xã', 'KV1'),
('440', 'Bắc Thụy Anh', '5', 'Xã', 'KV1'),
('441', 'Thụy Anh', '5', 'Xã', 'KV1'),
('442', 'Nam Thụy Anh', '5', 'Xã', 'KV1'),
('443', 'Bắc Thái Ninh', '5', 'Xã', 'KV1'),
('444', 'Thái Ninh', '5', 'Xã', 'KV1'),
('445', 'Đông Thái Ninh', '5', 'Xã', 'KV1'),
('446', 'Nam Thái Ninh', '5', 'Xã', 'KV1'),
('447', 'Tây Thái Ninh', '5', 'Xã', 'KV1'),
('448', 'Tây Thụy Anh', '5', 'Xã', 'KV1'),
('449', 'Tiền Hải', '5', 'Xã', 'KV1'),
('450', 'Tây Tiền Hải', '5', 'Xã', 'KV1'),
('451', 'Ái Quốc', '5', 'Xã', 'KV1'),
('452', 'Đồng Châu', '5', 'Xã', 'KV1'),
('453', 'Đông Tiền Hải', '5', 'Xã', 'KV1'),
('454', 'Nam Cường', '5', 'Xã', 'KV1'),
('455', 'Hưng Phú', '5', 'Xã', 'KV1'),
('456', 'Nam Tiền Hải', '5', 'Xã', 'KV1'),
('457', 'Quỳnh Phụ', '5', 'Xã', 'KV1'),
('458', 'Minh Thọ', '5', 'Xã', 'KV1'),
('459', 'Nguyễn Du', '5', 'Xã', 'KV1'),
('460', 'Quỳnh An', '5', 'Xã', 'KV1'),
('461', 'Ngọc Lâm', '5', 'Xã', 'KV1'),
('462', 'Đồng Bằng', '5', 'Xã', 'KV1'),
('463', 'A Sào', '5', 'Xã', 'KV1'),
('464', 'Phụ Dực', '5', 'Xã', 'KV1'),
('465', 'Tân Tiến', '5', 'Xã', 'KV1'),
('466', 'Hưng Hà', '5', 'Xã', 'KV1'),
('467', 'Tiên La', '5', 'Xã', 'KV1'),
('468', 'Lê Quý Đôn', '5', 'Xã', 'KV1'),
('469', 'Hồng Minh', '5', 'Xã', 'KV1'),
('470', 'Thần Khê', '5', 'Xã', 'KV1'),
('471', 'Diên Hà', '5', 'Xã', 'KV1'),
('472', 'Ngự Thiên', '5', 'Xã', 'KV1'),
('473', 'Long Hưng', '5', 'Xã', 'KV1'),
('474', 'Đông Hưng', '5', 'Xã', 'KV1'),
('475', 'Bắc Tiên Hưng', '5', 'Xã', 'KV1'),
('476', 'Đông Tiên Hưng', '5', 'Xã', 'KV1'),
('477', 'Nam Đông Hưng', '5', 'Xã', 'KV1'),
('478', 'Bắc Đông Quan', '5', 'Xã', 'KV1'),
('479', 'Bắc Đông Hưng', '5', 'Xã', 'KV1'),
('480', 'Đông Quan', '5', 'Xã', 'KV1'),
('481', 'Nam Tiên Hưng', '5', 'Xã', 'KV1'),
('482', 'Tiên Hưng', '5', 'Xã', 'KV1'),
('483', 'Lê Lợi', '5', 'Xã', 'KV1'),
('484', 'Kiến Xương', '5', 'Xã', 'KV1'),
('485', 'Quang Lịch', '5', 'Xã', 'KV1'),
('486', 'Vũ Quý', '5', 'Xã', 'KV1'),
('487', 'Bình Thanh', '5', 'Xã', 'KV1'),
('488', 'Bình Định', '5', 'Xã', 'KV1'),
('489', 'Hồng Vũ', '5', 'Xã', 'KV1'),
('490', 'Bình Nguyên', '5', 'Xã', 'KV1'),
('491', 'Trà Giang', '5', 'Xã', 'KV1'),
('492', 'Vũ Thư', '5', 'Xã', 'KV1'),
('493', 'Thư Trì', '5', 'Xã', 'KV1'),
('494', 'Tân Thuận', '5', 'Xã', 'KV1'),
('495', 'Thư Vũ', '5', 'Xã', 'KV1'),
('496', 'Vũ Tiên', '5', 'Xã', 'KV1'),
('497', 'Vạn Xuân', '5', 'Xã', 'KV1'),
('498', 'Gia Viễn', '6', 'Xã', 'KV1'),
('499', 'Đại Hoàng', '6', 'Xã', 'KV1'),
('500', 'Gia Hưng', '6', 'Xã', 'KV1'),
('501', 'Gia Phong', '6', 'Xã', 'KV1'),
('502', 'Gia Vân', '6', 'Xã', 'KV1'),
('503', 'Gia Trấn', '6', 'Xã', 'KV1'),
('504', 'Nho Quan', '6', 'Xã', 'KV1'),
('505', 'Gia Lâm', '6', 'Xã', 'KV1'),
('506', 'Gia Tường', '6', 'Xã', 'KV1'),
('507', 'Phú Sơn', '6', 'Xã', 'KV1'),
('508', 'Cúc Phương', '6', 'Xã', 'KV1'),
('509', 'Phú Long', '6', 'Xã', 'KV1'),
('510', 'Thanh Sơn', '6', 'Xã', 'KV1'),
('511', 'Quỳnh Lưu', '6', 'Xã', 'KV1'),
('512', 'Yên Khánh', '6', 'Xã', 'KV1'),
('513', 'Khánh Nhạc', '6', 'Xã', 'KV1'),
('514', 'Khánh Thiện', '6', 'Xã', 'KV1'),
('515', 'Khánh Hội', '6', 'Xã', 'KV1'),
('516', 'Khánh Trung', '6', 'Xã', 'KV1'),
('517', 'Yên Mô', '6', 'Xã', 'KV1'),
('518', 'Yên Từ', '6', 'Xã', 'KV1'),
('519', 'Yên Mạc', '6', 'Xã', 'KV1'),
('520', 'Đồng Thái', '6', 'Xã', 'KV1'),
('521', 'Chất Bình', '6', 'Xã', 'KV1'),
('522', 'Kim Sơn', '6', 'Xã', 'KV1'),
('523', 'Quang Thiện', '6', 'Xã', 'KV1'),
('524', 'Phát Diệm', '6', 'Xã', 'KV1'),
('525', 'Lai Thành', '6', 'Xã', 'KV1'),
('526', 'Định Hóa', '6', 'Xã', 'KV1'),
('527', 'Bình Minh', '6', 'Xã', 'KV1'),
('528', 'Kim Đông', '6', 'Xã', 'KV1'),
('529', 'Bình Lục', '6', 'Xã', 'KV1'),
('530', 'Bình Mỹ', '6', 'Xã', 'KV1'),
('531', 'Bình An', '6', 'Xã', 'KV1'),
('532', 'Bình Giang', '6', 'Xã', 'KV1'),
('533', 'Bình Sơn', '6', 'Xã', 'KV1'),
('534', 'Liêm Hà', '6', 'Xã', 'KV1'),
('535', 'Tân Thanh', '6', 'Xã', 'KV1'),
('536', 'Thanh Bình', '6', 'Xã', 'KV1'),
('537', 'Thanh Lâm', '6', 'Xã', 'KV1'),
('538', 'Thanh Liêm', '6', 'Xã', 'KV1'),
('539', 'Lý Nhân', '6', 'Xã', 'KV1'),
('540', 'Nam Xang', '6', 'Xã', 'KV1'),
('541', 'Bắc Lý', '6', 'Xã', 'KV1'),
('542', 'Vĩnh Trụ', '6', 'Xã', 'KV1'),
('543', 'Trần Thương', '6', 'Xã', 'KV1'),
('544', 'Nhân Hà', '6', 'Xã', 'KV1'),
('545', 'Nam Lý', '6', 'Xã', 'KV1'),
('546', 'Nam Trực', '6', 'Xã', 'KV1'),
('547', 'Nam Minh', '6', 'Xã', 'KV1'),
('548', 'Nam Đồng', '6', 'Xã', 'KV1'),
('549', 'Nam Ninh', '6', 'Xã', 'KV1'),
('550', 'Nam Hồng', '6', 'Xã', 'KV1'),
('551', 'Minh Tân', '6', 'Xã', 'KV1'),
('552', 'Hiển Khánh', '6', 'Xã', 'KV1'),
('553', 'Vụ Bản', '6', 'Xã', 'KV1'),
('554', 'Liên Minh', '6', 'Xã', 'KV1'),
('555', 'Ý Yên', '6', 'Xã', 'KV1'),
('556', 'Yên Đồng', '6', 'Xã', 'KV1'),
('557', 'Yên Cường', '6', 'Xã', 'KV1'),
('558', 'Vạn Thắng', '6', 'Xã', 'KV1'),
('559', 'Vũ Dương', '6', 'Xã', 'KV1'),
('560', 'Tân Minh', '6', 'Xã', 'KV1'),
('561', 'Phong Doanh', '6', 'Xã', 'KV1'),
('562', 'Cổ Lễ', '6', 'Xã', 'KV1'),
('563', 'Ninh Giang', '6', 'Xã', 'KV1'),
('564', 'Cát Thành', '6', 'Xã', 'KV1'),
('565', 'Trực Ninh', '6', 'Xã', 'KV1'),
('566', 'Quang Hưng', '6', 'Xã', 'KV1'),
('567', 'Minh Thái', '6', 'Xã', 'KV1'),
('568', 'Ninh Cường', '6', 'Xã', 'KV1'),
('569', 'Xuân Trường', '6', 'Xã', 'KV1'),
('570', 'Xuân Hưng', '6', 'Xã', 'KV1'),
('571', 'Xuân Giang', '6', 'Xã', 'KV1'),
('572', 'Xuân Hồng', '6', 'Xã', 'KV1'),
('573', 'Hải Hậu', '6', 'Xã', 'KV1'),
('574', 'Hải Anh', '6', 'Xã', 'KV1'),
('575', 'Hải Tiến', '6', 'Xã', 'KV1'),
('576', 'Hải Hưng', '6', 'Xã', 'KV1'),
('577', 'Hải An', '6', 'Xã', 'KV1'),
('578', 'Hải Quang', '6', 'Xã', 'KV1'),
('579', 'Hải Xuân', '6', 'Xã', 'KV1'),
('580', 'Hải Thịnh', '6', 'Xã', 'KV1'),
('581', 'Giao Minh', '6', 'Xã', 'KV1'),
('582', 'Giao Hoà', '6', 'Xã', 'KV1'),
('583', 'Giao Thuỷ', '6', 'Xã', 'KV1'),
('584', 'Giao Phúc', '6', 'Xã', 'KV1'),
('585', 'Giao Hưng', '6', 'Xã', 'KV1'),
('586', 'Giao Bình', '6', 'Xã', 'KV1'),
('587', 'Giao Ninh', '6', 'Xã', 'KV1'),
('588', 'Đồng Thịnh', '6', 'Xã', 'KV1'),
('589', 'Nghĩa Hưng', '6', 'Xã', 'KV1'),
('590', 'Nghĩa Sơn', '6', 'Xã', 'KV1'),
('591', 'Hồng Phong', '6', 'Xã', 'KV1'),
('592', 'Quỹ Nhất', '6', 'Xã', 'KV1'),
('593', 'Nghĩa Lâm', '6', 'Xã', 'KV1'),
('594', 'Rạng Đông', '6', 'Xã', 'KV1'),
('595', 'Tây Hoa Lư', '6', 'Phường', 'KV1'),
('596', 'Hoa Lư', '6', 'Phường', 'KV1'),
('597', 'Nam Hoa Lư', '6', 'Phường', 'KV1'),
('598', 'Đông Hoa Lư', '6', 'Phường', 'KV1'),
('599', 'Tam Điệp', '6', 'Phường', 'KV1'),
('600', 'Yên Sơn', '6', 'Phường', 'KV1'),
('601', 'Trung Sơn', '6', 'Phường', 'KV1'),
('602', 'Yên Thắng', '6', 'Phường', 'KV1'),
('603', 'Hà Nam', '6', 'Phường', 'KV1'),
('604', 'Phủ Lý', '6', 'Phường', 'KV1'),
('605', 'Phù Vân', '6', 'Phường', 'KV1'),
('606', 'Châu Sơn', '6', 'Phường', 'KV1'),
('607', 'Liêm Tuyền', '6', 'Phường', 'KV1'),
('608', 'Duy Tiên', '6', 'Phường', 'KV1'),
('609', 'Duy Tân', '6', 'Phường', 'KV1'),
('610', 'Đồng Văn', '6', 'Phường', 'KV1'),
('611', 'Duy Hà', '6', 'Phường', 'KV1'),
('612', 'Tiên Sơn', '6', 'Phường', 'KV1'),
('613', 'Lê Hồ', '6', 'Phường', 'KV1'),
('614', 'Nguyễn Úy', '6', 'Phường', 'KV1'),
('615', 'Lý Thường Kiệt', '6', 'Phường', 'KV1'),
('616', 'Kim Thanh', '6', 'Phường', 'KV1'),
('617', 'Tam Chúc', '6', 'Phường', 'KV1'),
('618', 'Kim Bảng', '6', 'Phường', 'KV1'),
('619', 'Nam Định', '6', 'Phường', 'KV1'),
('620', 'Thiên Trường', '6', 'Phường', 'KV1'),
('621', 'Đông A', '6', 'Phường', 'KV1'),
('622', 'Vị Khê', '6', 'Phường', 'KV1'),
('623', 'Thành Nam', '6', 'Phường', 'KV1'),
('624', 'Trường Thi', '6', 'Phường', 'KV1'),
('625', 'Hồng Quang', '6', 'Phường', 'KV1'),
('626', 'Mỹ Lộc', '6', 'Phường', 'KV1'),
('627', 'Thục Phán', '7', 'Phường', 'KV3'),
('628', 'Nùng Trí Cao', '7', 'Phường', 'KV3'),
('629', 'Tân Giang', '7', 'Phường', 'KV3'),
('630', 'Quảng Lâm', '7', 'Xã', 'KV3'),
('631', 'Nam Quang', '7', 'Xã', 'KV3'),
('632', 'Lý Bôn', '7', 'Xã', 'KV3'),
('633', 'Bảo Lâm', '7', 'Xã', 'KV3'),
('634', 'Yên Thổ', '7', 'Xã', 'KV3'),
('635', 'Sơn Lộ', '7', 'Xã', 'KV3'),
('636', 'Hưng Đạo', '7', 'Xã', 'KV3'),
('637', 'Bảo Lạc', '7', 'Xã', 'KV3'),
('638', 'Cốc Pàng', '7', 'Xã', 'KV3'),
('639', 'Cô Ba', '7', 'Xã', 'KV3'),
('640', 'Khánh Xuân', '7', 'Xã', 'KV3'),
('641', 'Xuân Trường', '7', 'Xã', 'KV3'),
('642', 'Huy Giáp', '7', 'Xã', 'KV3'),
('643', 'Ca Thành', '7', 'Xã', 'KV3'),
('644', 'Phan Thanh', '7', 'Xã', 'KV3'),
('645', 'Thành Công', '7', 'Xã', 'KV3'),
('646', 'Tĩnh Túc', '7', 'Xã', 'KV3'),
('647', 'Tam Kim', '7', 'Xã', 'KV3'),
('648', 'Nguyên Bình', '7', 'Xã', 'KV3'),
('649', 'Minh Tâm', '7', 'Xã', 'KV3'),
('650', 'Thanh Long', '7', 'Xã', 'KV3'),
('651', 'Cần Yên', '7', 'Xã', 'KV3'),
('652', 'Thông Nông', '7', 'Xã', 'KV3'),
('653', 'Trường Hà', '7', 'Xã', 'KV3'),
('654', 'Hà Quảng', '7', 'Xã', 'KV3'),
('655', 'Lũng Nặm', '7', 'Xã', 'KV3'),
('656', 'Tổng Cọt', '7', 'Xã', 'KV3'),
('657', 'Nam Tuấn', '7', 'Xã', 'KV3'),
('658', 'Hoà An', '7', 'Xã', 'KV3'),
('659', 'Bạch Đằng', '7', 'Xã', 'KV3'),
('660', 'Nguyễn Huệ', '7', 'Xã', 'KV3'),
('661', 'Minh Khai', '7', 'Xã', 'KV3'),
('662', 'Canh Tân', '7', 'Xã', 'KV3'),
('663', 'Kim Đồng', '7', 'Xã', 'KV3'),
('664', 'Thạch An', '7', 'Xã', 'KV3'),
('665', 'Đông Khê', '7', 'Xã', 'KV3'),
('666', 'Đức Long', '7', 'Xã', 'KV3'),
('667', 'Phục Hoà', '7', 'Xã', 'KV3'),
('668', 'Bế Văn Đàn', '7', 'Xã', 'KV3'),
('669', 'Độc Lập', '7', 'Xã', 'KV3'),
('670', 'Quảng Uyên', '7', 'Xã', 'KV3'),
('671', 'Hạnh Phúc', '7', 'Xã', 'KV3'),
('672', 'Quang Hán', '7', 'Xã', 'KV3'),
('673', 'Trà Lĩnh', '7', 'Xã', 'KV3'),
('674', 'Quang Trung', '7', 'Xã', 'KV3'),
('675', 'Đoài Dương', '7', 'Xã', 'KV3'),
('676', 'Trùng Khánh', '7', 'Xã', 'KV3'),
('677', 'Đàm Thuỷ', '7', 'Xã', 'KV3'),
('678', 'Đình Phong', '7', 'Xã', 'KV3'),
('679', 'Lý Quốc', '7', 'Xã', 'KV3'),
('680', 'Hạ Lang', '7', 'Xã', 'KV3'),
('681', 'Vinh Quý', '7', 'Xã', 'KV3'),
('682', 'Quang Long', '7', 'Xã', 'KV3'),
('683', 'Thượng Lâm', '8', 'Xã', 'KV3'),
('684', 'Lâm Bình', '8', 'Xã', 'KV3'),
('685', 'Minh Quang', '8', 'Xã', 'KV3'),
('686', 'Bình An', '8', 'Xã', 'KV3'),
('687', 'Côn Lôn', '8', 'Xã', 'KV3'),
('688', 'Yên Hoa', '8', 'Xã', 'KV3'),
('689', 'Thượng Nông', '8', 'Xã', 'KV3'),
('690', 'Hồng Thái', '8', 'Xã', 'KV3'),
('691', 'Nà Hang', '8', 'Xã', 'KV3'),
('692', 'Tân Mỹ', '8', 'Xã', 'KV3'),
('693', 'Yên Lập', '8', 'Xã', 'KV3'),
('694', 'Tân An', '8', 'Xã', 'KV3'),
('695', 'Chiêm Hoá', '8', 'Xã', 'KV3'),
('696', 'Hoà An', '8', 'Xã', 'KV3'),
('697', 'Kiên Đài', '8', 'Xã', 'KV3'),
('698', 'Tri Phú', '8', 'Xã', 'KV3'),
('699', 'Kim Bình', '8', 'Xã', 'KV3'),
('700', 'Yên Nguyên', '8', 'Xã', 'KV3'),
('701', 'Trung Hà', '8', 'Xã', 'KV3'),
('702', 'Yên Phú', '8', 'Xã', 'KV3'),
('703', 'Bạch Xa', '8', 'Xã', 'KV3'),
('704', 'Phù Lưu', '8', 'Xã', 'KV3'),
('705', 'Hàm Yên', '8', 'Xã', 'KV3'),
('706', 'Bình Xa', '8', 'Xã', 'KV3'),
('707', 'Thái Sơn', '8', 'Xã', 'KV3'),
('708', 'Thái Hoà', '8', 'Xã', 'KV3'),
('709', 'Hùng Đức', '8', 'Xã', 'KV3'),
('710', 'Hùng Lợi', '8', 'Xã', 'KV3'),
('711', 'Trung Sơn', '8', 'Xã', 'KV3'),
('712', 'Thái Bình', '8', 'Xã', 'KV3'),
('713', 'Tân Long', '8', 'Xã', 'KV3'),
('714', 'Xuân Vân', '8', 'Xã', 'KV3'),
('715', 'Lực Hành', '8', 'Xã', 'KV3'),
('716', 'Yên Sơn', '8', 'Xã', 'KV3'),
('717', 'Nhữ Khê', '8', 'Xã', 'KV3'),
('718', 'Kiến Thiết', '8', 'Xã', 'KV3'),
('719', 'Tân Trào', '8', 'Xã', 'KV3'),
('720', 'Minh Thanh', '8', 'Xã', 'KV3'),
('721', 'Sơn Dương', '8', 'Xã', 'KV3'),
('722', 'Bình Ca', '8', 'Xã', 'KV3'),
('723', 'Tân Thanh', '8', 'Xã', 'KV3'),
('724', 'Sơn Thuỷ', '8', 'Xã', 'KV3'),
('725', 'Phú Lương', '8', 'Xã', 'KV3'),
('726', 'Trường Sinh', '8', 'Xã', 'KV3'),
('727', 'Hồng Sơn', '8', 'Xã', 'KV3'),
('728', 'Đông Thọ', '8', 'Xã', 'KV3'),
('729', 'Mỹ Lâm', '8', 'Phường', 'KV3'),
('730', 'Minh Xuân', '8', 'Phường', 'KV3'),
('731', 'Nông Tiến', '8', 'Phường', 'KV3'),
('732', 'An Tường', '8', 'Phường', 'KV3'),
('733', 'Bình Thuận', '8', 'Phường', 'KV3'),
('734', 'Lũng Cú', '8', 'Xã', 'KV3'),
('735', 'Đồng Văn', '8', 'Xã', 'KV3'),
('736', 'Sà Phìn', '8', 'Xã', 'KV3'),
('737', 'Phố Bảng', '8', 'Xã', 'KV3'),
('738', 'Lũng Phìn', '8', 'Xã', 'KV3'),
('739', 'Sủng Máng', '8', 'Xã', 'KV3'),
('740', 'Sơn Vĩ', '8', 'Xã', 'KV3'),
('741', 'Mèo Vạc', '8', 'Xã', 'KV3'),
('742', 'Khâu Vai', '8', 'Xã', 'KV3'),
('743', 'Niêm Sơn', '8', 'Xã', 'KV3'),
('744', 'Tát Ngà', '8', 'Xã', 'KV3'),
('745', 'Thắng Mố', '8', 'Xã', 'KV3'),
('746', 'Bạch Đích', '8', 'Xã', 'KV3'),
('747', 'Yên Minh', '8', 'Xã', 'KV3'),
('748', 'Mậu Duệ', '8', 'Xã', 'KV3'),
('749', 'Ngọc Long', '8', 'Xã', 'KV3'),
('750', 'Du Già', '8', 'Xã', 'KV3'),
('751', 'Đường Thượng', '8', 'Xã', 'KV3'),
('752', 'Lùng Tám', '8', 'Xã', 'KV3'),
('753', 'Cán Tỷ', '8', 'Xã', 'KV3'),
('754', 'Nghĩa Thuận', '8', 'Xã', 'KV3'),
('755', 'Quản Bạ', '8', 'Xã', 'KV3'),
('756', 'Tùng Vài', '8', 'Xã', 'KV3'),
('757', 'Yên Cường', '8', 'Xã', 'KV3'),
('758', 'Đường Hồng', '8', 'Xã', 'KV3'),
('759', 'Bắc Mê', '8', 'Xã', 'KV3'),
('760', 'Giáp Trung', '8', 'Xã', 'KV3'),
('761', 'Minh Sơn', '8', 'Xã', 'KV3'),
('762', 'Minh Ngọc', '8', 'Xã', 'KV3'),
('763', 'Ngọc Đường', '8', 'Xã', 'KV3'),
('764', 'Hà Giang 1', '8', 'Phường', 'KV3'),
('765', 'Hà Giang 2', '8', 'Phường', 'KV3'),
('766', 'Lao Chải', '8', 'Xã', 'KV3'),
('767', 'Thanh Thuỷ', '8', 'Xã', 'KV3'),
('768', 'Minh Tân', '8', 'Xã', 'KV3'),
('769', 'Thuận Hoà', '8', 'Xã', 'KV3'),
('770', 'Tùng Bá', '8', 'Xã', 'KV3'),
('771', 'Phú Linh', '8', 'Xã', 'KV3'),
('772', 'Linh Hồ', '8', 'Xã', 'KV3'),
('773', 'Bạch Ngọc', '8', 'Xã', 'KV3'),
('774', 'Vị Xuyên', '8', 'Xã', 'KV3'),
('775', 'Việt Lâm', '8', 'Xã', 'KV3'),
('776', 'Cao Bồ', '8', 'Xã', 'KV3'),
('777', 'Thượng Sơn', '8', 'Xã', 'KV3'),
('778', 'Tân Quang', '8', 'Xã', 'KV3'),
('779', 'Đồng Tâm', '8', 'Xã', 'KV3'),
('780', 'Liên Hiệp', '8', 'Xã', 'KV3'),
('781', 'Bằng Hành', '8', 'Xã', 'KV3'),
('782', 'Bắc Quang', '8', 'Xã', 'KV3'),
('783', 'Hùng An', '8', 'Xã', 'KV3'),
('784', 'Vĩnh Tuy', '8', 'Xã', 'KV3'),
('785', 'Đồng Yên', '8', 'Xã', 'KV3'),
('786', 'Tiên Yên', '8', 'Xã', 'KV3'),
('787', 'Xuân Giang', '8', 'Xã', 'KV3'),
('788', 'Bằng Lang', '8', 'Xã', 'KV3'),
('789', 'Yên Thành', '8', 'Xã', 'KV3'),
('790', 'Quang Bình', '8', 'Xã', 'KV3'),
('791', 'Tân Trịnh', '8', 'Xã', 'KV3'),
('792', 'Tiên Nguyên', '8', 'Xã', 'KV3'),
('793', 'Thông Nguyên', '8', 'Xã', 'KV3'),
('794', 'Hồ Thầu', '8', 'Xã', 'KV3'),
('795', 'Nậm Dịch', '8', 'Xã', 'KV3'),
('796', 'Tân Tiến', '8', 'Xã', 'KV3'),
('797', 'Hoàng Su Phì', '8', 'Xã', 'KV3'),
('798', 'Thàng Tín', '8', 'Xã', 'KV3'),
('799', 'Bản Máy', '8', 'Xã', 'KV3'),
('800', 'Pờ Ly Ngài', '8', 'Xã', 'KV3'),
('801', 'Xín Mần', '8', 'Xã', 'KV3'),
('802', 'Pà Vầy Sủ', '8', 'Xã', 'KV3'),
('803', 'Nấm Dẩn', '8', 'Xã', 'KV3'),
('804', 'Trung Thịnh', '8', 'Xã', 'KV3'),
('805', 'Quảng Nguyên', '8', 'Xã', 'KV3'),
('806', 'Khuôn Lùng', '8', 'Xã', 'KV3'),
('807', 'Khao Mang', '9', 'Xã', 'KV3'),
('808', 'Mù Cang Chải', '9', 'Xã', 'KV3'),
('809', 'Púng Luông', '9', 'Xã', 'KV3'),
('810', 'Tú Lệ', '9', 'Xã', 'KV3'),
('811', 'Trạm Tấu', '9', 'Xã', 'KV3'),
('812', 'Hạnh Phúc', '9', 'Xã', 'KV3'),
('813', 'Phình Hồ', '9', 'Xã', 'KV3'),
('814', 'Nghĩa Lộ', '9', 'Phường', 'KV3'),
('815', 'Trung Tâm', '9', 'Phường', 'KV3'),
('816', 'Cầu Thia', '9', 'Phường', 'KV3'),
('817', 'Liên Sơn', '9', 'Xã', 'KV3'),
('818', 'Gia Hội', '9', 'Xã', 'KV3'),
('819', 'Sơn Lương', '9', 'Xã', 'KV3'),
('820', 'Thượng Bằng La', '9', 'Xã', 'KV3'),
('821', 'Chấn Thịnh', '9', 'Xã', 'KV3'),
('822', 'Nghĩa Tâm', '9', 'Xã', 'KV3'),
('823', 'Văn Chấn', '9', 'Xã', 'KV3'),
('824', 'Phong Dụ Hạ', '9', 'Xã', 'KV3'),
('825', 'Châu Quế', '9', 'Xã', 'KV3'),
('826', 'Lâm Giang', '9', 'Xã', 'KV3'),
('827', 'Đông Cuông', '9', 'Xã', 'KV3'),
('828', 'Tân Hợp', '9', 'Xã', 'KV3'),
('829', 'Mậu A', '9', 'Xã', 'KV3'),
('830', 'Xuân Ái', '9', 'Xã', 'KV3'),
('831', 'Mỏ Vàng', '9', 'Xã', 'KV3'),
('832', 'Lâm Thượng', '9', 'Xã', 'KV3'),
('833', 'Lục Yên', '9', 'Xã', 'KV3'),
('834', 'Tân Lĩnh', '9', 'Xã', 'KV3'),
('835', 'Khánh Hoà', '9', 'Xã', 'KV3'),
('836', 'Phúc Lợi', '9', 'Xã', 'KV3'),
('837', 'Mường Lai', '9', 'Xã', 'KV3'),
('838', 'Cảm Nhân', '9', 'Xã', 'KV3'),
('839', 'Yên Thành', '9', 'Xã', 'KV3'),
('840', 'Thác Bà', '9', 'Xã', 'KV3'),
('841', 'Yên Bình', '9', 'Xã', 'KV3'),
('842', 'Bảo Ái', '9', 'Xã', 'KV3'),
('843', 'Văn Phú', '9', 'Phường', 'KV3'),
('844', 'Yên Bái', '9', 'Phường', 'KV3'),
('845', 'Nam Cường', '9', 'Phường', 'KV3'),
('846', 'Âu Lâu', '9', 'Phường', 'KV3'),
('847', 'Trấn Yên', '9', 'Xã', 'KV3'),
('848', 'Hưng Khánh', '9', 'Xã', 'KV3'),
('849', 'Lương Thịnh', '9', 'Xã', 'KV3'),
('850', 'Việt Hồng', '9', 'Xã', 'KV3'),
('851', 'Quy Mông', '9', 'Xã', 'KV3'),
('852', 'Phong Hải', '9', 'Xã', 'KV3'),
('853', 'Xuân Quang', '9', 'Xã', 'KV3'),
('854', 'Bảo Thắng', '9', 'Xã', 'KV3'),
('855', 'Tằng Lỏong', '9', 'Xã', 'KV3'),
('856', 'Gia Phú', '9', 'Xã', 'KV3'),
('857', 'Cốc San', '9', 'Xã', 'KV3'),
('858', 'Hợp Thành', '9', 'Xã', 'KV3'),
('859', 'Cam Đường', '9', 'Phường', 'KV3'),
('860', 'Lào Cai', '9', 'Phường', 'KV3'),
('861', 'Mường Hum', '9', 'Xã', 'KV3'),
('862', 'Dền Sáng', '9', 'Xã', 'KV3'),
('863', 'Y Tý', '9', 'Xã', 'KV3'),
('864', 'A Mú Sung', '9', 'Xã', 'KV3'),
('865', 'Trịnh Tường', '9', 'Xã', 'KV3'),
('866', 'Bản Xèo', '9', 'Xã', 'KV3'),
('867', 'Bát Xát', '9', 'Xã', 'KV3'),
('868', 'Nghĩa Đô', '9', 'Xã', 'KV3'),
('869', 'Thượng Hà', '9', 'Xã', 'KV3'),
('870', 'Bảo Yên', '9', 'Xã', 'KV3'),
('871', 'Xuân Hoà', '9', 'Xã', 'KV3'),
('872', 'Phúc Khánh', '9', 'Xã', 'KV3'),
('873', 'Bảo Hà', '9', 'Xã', 'KV3'),
('874', 'Võ Lao', '9', 'Xã', 'KV3'),
('875', 'Khánh Yên', '9', 'Xã', 'KV3'),
('876', 'Văn Bàn', '9', 'Xã', 'KV3'),
('877', 'Dương Quỳ', '9', 'Xã', 'KV3'),
('878', 'Chiềng Ken', '9', 'Xã', 'KV3'),
('879', 'Minh Lương', '9', 'Xã', 'KV3'),
('880', 'Nậm Chày', '9', 'Xã', 'KV3'),
('881', 'Mường Bo', '9', 'Xã', 'KV3'),
('882', 'Bản Hồ', '9', 'Xã', 'KV3'),
('883', 'Tả Phìn', '9', 'Xã', 'KV3'),
('884', 'Tả Van', '9', 'Xã', 'KV3'),
('885', 'Sa Pa', '9', 'Phường', 'KV3'),
('886', 'Cốc Lầu', '9', 'Xã', 'KV3'),
('887', 'Bảo Nhai', '9', 'Xã', 'KV3'),
('888', 'Bản Liền', '9', 'Xã', 'KV3'),
('889', 'Bắc Hà', '9', 'Xã', 'KV3'),
('890', 'Tả Củ Tỷ', '9', 'Xã', 'KV3'),
('891', 'Lùng Phình', '9', 'Xã', 'KV3'),
('892', 'Pha Long', '9', 'Xã', 'KV3'),
('893', 'Mường Khương', '9', 'Xã', 'KV3'),
('894', 'Bản Lầu', '9', 'Xã', 'KV3'),
('895', 'Cao Sơn', '9', 'Xã', 'KV3'),
('896', 'Si Ma Cai', '9', 'Xã', 'KV3'),
('897', 'Sín Chéng', '9', 'Xã', 'KV3'),
('898', 'Lao Chải', '9', 'Xã', 'KV3'),
('899', 'Chế Tạo', '9', 'Xã', 'KV3'),
('900', 'Nậm Có', '9', 'Xã', 'KV3'),
('901', 'Tà Xi Láng', '9', 'Xã', 'KV3'),
('902', 'Phong Dụ Thượng', '9', 'Xã', 'KV3'),
('903', 'Cát Thịnh', '9', 'Xã', 'KV3'),
('904', 'Nậm Xé', '9', 'Xã', 'KV3'),
('905', 'Ngũ Chỉ Sơn', '9', 'Xã', 'KV3'),
('906', 'Phan Đình Phùng', '10', 'Phường', 'KV1'),
('907', 'Linh Sơn', '10', 'Phường', 'KV1'),
('908', 'Tích Lương', '10', 'Phường', 'KV1'),
('909', 'Gia Sàng', '10', 'Phường', 'KV1'),
('910', 'Quyết Thắng', '10', 'Phường', 'KV1'),
('911', 'Quan Triều', '10', 'Phường', 'KV1'),
('912', 'Tân Cương', '10', 'Xã', 'KV1'),
('913', 'Đại Phúc', '10', 'Xã', 'KV1'),
('914', 'Đại Từ', '10', 'Xã', 'KV1'),
('915', 'Đức Lương', '10', 'Xã', 'KV1'),
('916', 'Phú Thịnh', '10', 'Xã', 'KV1'),
('917', 'La Bằng', '10', 'Xã', 'KV1'),
('918', 'Phú Lạc', '10', 'Xã', 'KV1'),
('919', 'An Khánh', '10', 'Xã', 'KV1'),
('920', 'Quân Chu', '10', 'Xã', 'KV1'),
('921', 'Vạn Phú', '10', 'Xã', 'KV1'),
('922', 'Phú Xuyên', '10', 'Xã', 'KV1'),
('923', 'Phổ Yên', '10', 'Phường', 'KV1'),
('924', 'Vạn Xuân', '10', 'Phường', 'KV1'),
('925', 'Trung Thành', '10', 'Phường', 'KV1'),
('926', 'Phúc Thuận', '10', 'Phường', 'KV1'),
('927', 'Thành Công', '10', 'Xã', 'KV1'),
('928', 'Phú Bình', '10', 'Xã', 'KV1'),
('929', 'Tân Thành', '10', 'Xã', 'KV1'),
('930', 'Điềm Thụy', '10', 'Xã', 'KV1'),
('931', 'Kha Sơn', '10', 'Xã', 'KV1'),
('932', 'Tân Khánh', '10', 'Xã', 'KV1'),
('933', 'Đồng Hỷ', '10', 'Xã', 'KV1'),
('934', 'Quang Sơn', '10', 'Xã', 'KV1'),
('935', 'Trại Cau', '10', 'Xã', 'KV1'),
('936', 'Nam Hoà', '10', 'Xã', 'KV1'),
('937', 'Văn Hán', '10', 'Xã', 'KV1'),
('938', 'Văn Lăng', '10', 'Xã', 'KV1'),
('939', 'Sông Công', '10', 'Phường', 'KV1'),
('940', 'Bá Xuyên', '10', 'Phường', 'KV1'),
('941', 'Bách Quang', '10', 'Phường', 'KV1'),
('942', 'Phú Lương', '10', 'Xã', 'KV1'),
('943', 'Vô Tranh', '10', 'Xã', 'KV1'),
('944', 'Yên Trạch', '10', 'Xã', 'KV1'),
('945', 'Hợp Thành', '10', 'Xã', 'KV1'),
('946', 'Định Hóa', '10', 'Xã', 'KV1'),
('947', 'Bình Yên', '10', 'Xã', 'KV1'),
('948', 'Trung Hội', '10', 'Xã', 'KV1'),
('949', 'Phượng Tiến', '10', 'Xã', 'KV1'),
('950', 'Phú Đình', '10', 'Xã', 'KV1'),
('951', 'Bình Thành', '10', 'Xã', 'KV1'),
('952', 'Kim Phượng', '10', 'Xã', 'KV1'),
('953', 'Lam Vỹ', '10', 'Xã', 'KV1'),
('954', 'Võ Nhai', '10', 'Xã', 'KV1'),
('955', 'Dân Tiến', '10', 'Xã', 'KV1'),
('956', 'Nghinh Tường', '10', 'Xã', 'KV1'),
('957', 'Thần Sa', '10', 'Xã', 'KV1'),
('958', 'La Hiên', '10', 'Xã', 'KV1'),
('959', 'Tràng Xá', '10', 'Xã', 'KV1'),
('960', 'Bằng Thành', '10', 'Xã', 'KV1'),
('961', 'Nghiên Loan', '10', 'Xã', 'KV1'),
('962', 'Cao Minh', '10', 'Xã', 'KV1'),
('963', 'Ba Bể', '10', 'Xã', 'KV1'),
('964', 'Chợ Rã', '10', 'Xã', 'KV1'),
('965', 'Phúc Lộc', '10', 'Xã', 'KV1'),
('966', 'Thượng Minh', '10', 'Xã', 'KV1'),
('967', 'Đồng Phúc', '10', 'Xã', 'KV1'),
('968', 'Yên Bình', '10', 'Xã', 'KV1'),
('969', 'Bằng Vân', '10', 'Xã', 'KV1'),
('970', 'Ngân Sơn', '10', 'Xã', 'KV1'),
('971', 'Nà Phặc', '10', 'Xã', 'KV1'),
('972', 'Hiệp Lực', '10', 'Xã', 'KV1'),
('973', 'Nam Cường', '10', 'Xã', 'KV1'),
('974', 'Quảng Bạch', '10', 'Xã', 'KV1'),
('975', 'Yên Thịnh', '10', 'Xã', 'KV1'),
('976', 'Chợ Đồn', '10', 'Xã', 'KV1'),
('977', 'Yên Phong', '10', 'Xã', 'KV1'),
('978', 'Nghĩa Tá', '10', 'Xã', 'KV1'),
('979', 'Phủ Thông', '10', 'Xã', 'KV1'),
('980', 'Cẩm Giàng', '10', 'Xã', 'KV1'),
('981', 'Vĩnh Thông', '10', 'Xã', 'KV1'),
('982', 'Bạch Thông', '10', 'Xã', 'KV1'),
('983', 'Phong Quang', '10', 'Xã', 'KV1'),
('984', 'Đức Xuân', '10', 'Phường', 'KV1'),
('985', 'Bắc Kạn', '10', 'Phường', 'KV1'),
('986', 'Văn Lang', '10', 'Xã', 'KV1'),
('987', 'Cường Lợi', '10', 'Xã', 'KV1'),
('988', 'Na Rì', '10', 'Xã', 'KV1'),
('989', 'Trần Phú', '10', 'Xã', 'KV1'),
('990', 'Côn Minh', '10', 'Xã', 'KV1'),
('991', 'Xuân Dương', '10', 'Xã', 'KV1'),
('992', 'Tân Kỳ', '10', 'Xã', 'KV1'),
('993', 'Thanh Mai', '10', 'Xã', 'KV1'),
('994', 'Thanh Thịnh', '10', 'Xã', 'KV1'),
('995', 'Chợ Mới', '10', 'Xã', 'KV1'),
('996', 'Sảng Mộc', '10', 'Xã', 'KV1'),
('997', 'Thượng Quan', '10', 'Xã', 'KV1'),
('998', 'Thất Khê', '11', 'Xã', 'KV3'),
('999', 'Đoàn Kết', '11', 'Xã', 'KV3'),
('1000', 'Tân Tiến', '11', 'Xã', 'KV3'),
('1001', 'Tràng Định', '11', 'Xã', 'KV3'),
('1002', 'Quốc Khánh', '11', 'Xã', 'KV3'),
('1003', 'Kháng Chiến', '11', 'Xã', 'KV3'),
('1004', 'Quốc Việt', '11', 'Xã', 'KV3'),
('1005', 'Bình Gia', '11', 'Xã', 'KV3'),
('1006', 'Tân Văn', '11', 'Xã', 'KV3'),
('1007', 'Hồng Phong', '11', 'Xã', 'KV3'),
('1008', 'Hoa Thám', '11', 'Xã', 'KV3'),
('1009', 'Quý Hoà', '11', 'Xã', 'KV3'),
('1010', 'Thiện Hoà', '11', 'Xã', 'KV3'),
('1011', 'Thiện Thuật', '11', 'Xã', 'KV3'),
('1012', 'Thiện Long', '11', 'Xã', 'KV3'),
('1013', 'Bắc Sơn', '11', 'Xã', 'KV3'),
('1014', 'Hưng Vũ', '11', 'Xã', 'KV3'),
('1015', 'Vũ Lăng', '11', 'Xã', 'KV3'),
('1016', 'Nhất Hoà', '11', 'Xã', 'KV3'),
('1017', 'Vũ Lễ', '11', 'Xã', 'KV3'),
('1018', 'Tân Tri', '11', 'Xã', 'KV3'),
('1019', 'Văn Quan', '11', 'Xã', 'KV3'),
('1020', 'Điềm He', '11', 'Xã', 'KV3'),
('1021', 'Tri Lễ', '11', 'Xã', 'KV3'),
('1022', 'Yên Phúc', '11', 'Xã', 'KV3'),
('1023', 'Tân Đoàn', '11', 'Xã', 'KV3'),
('1024', 'Khánh Khê', '11', 'Xã', 'KV3'),
('1025', 'Na Sầm', '11', 'Xã', 'KV3'),
('1026', 'Văn Lãng', '11', 'Xã', 'KV3'),
('1027', 'Hội Hoan', '11', 'Xã', 'KV3'),
('1028', 'Thụy Hùng', '11', 'Xã', 'KV3'),
('1029', 'Hoàng Văn Thụ', '11', 'Xã', 'KV3'),
('1030', 'Lộc Bình', '11', 'Xã', 'KV3'),
('1031', 'Mẫu Sơn', '11', 'Xã', 'KV3'),
('1032', 'Na Dương', '11', 'Xã', 'KV3'),
('1033', 'Lợi Bác', '11', 'Xã', 'KV3'),
('1034', 'Thống Nhất', '11', 'Xã', 'KV3'),
('1035', 'Xuân Dương', '11', 'Xã', 'KV3'),
('1036', 'Khuất Xá', '11', 'Xã', 'KV3'),
('1037', 'Đình Lập', '11', 'Xã', 'KV3'),
('1038', 'Châu Sơn', '11', 'Xã', 'KV3'),
('1039', 'Kiên Mộc', '11', 'Xã', 'KV3'),
('1040', 'Thái Bình', '11', 'Xã', 'KV3'),
('1041', 'Hữu Lũng', '11', 'Xã', 'KV3'),
('1042', 'Tuấn Sơn', '11', 'Xã', 'KV3'),
('1043', 'Tân Thành', '11', 'Xã', 'KV3'),
('1044', 'Vân Nham', '11', 'Xã', 'KV3'),
('1045', 'Thiện Tân', '11', 'Xã', 'KV3'),
('1046', 'Yên Bình', '11', 'Xã', 'KV3'),
('1047', 'Hữu Liên', '11', 'Xã', 'KV3'),
('1048', 'Cai Kinh', '11', 'Xã', 'KV3'),
('1049', 'Chi Lăng', '11', 'Xã', 'KV3'),
('1050', 'Nhân Lý', '11', 'Xã', 'KV3'),
('1051', 'Chiến Thắng', '11', 'Xã', 'KV3'),
('1052', 'Quan Sơn', '11', 'Xã', 'KV3'),
('1053', 'Bằng Mạc', '11', 'Xã', 'KV3'),
('1054', 'Vạn Linh', '11', 'Xã', 'KV3'),
('1055', 'Đồng Đăng', '11', 'Xã', 'KV3'),
('1056', 'Cao Lộc', '11', 'Xã', 'KV3'),
('1057', 'Công Sơn', '11', 'Xã', 'KV3'),
('1058', 'Ba Sơn', '11', 'Xã', 'KV3'),
('1059', 'Tam Thanh', '11', 'Phường', 'KV3'),
('1060', 'Lương Văn Tri', '11', 'Phường', 'KV3'),
('1061', 'Kỳ Lừa', '11', 'Phường', 'KV3'),
('1062', 'Đông Kinh', '11', 'Phường', 'KV3'),
('1063', 'Việt Trì', '12', 'Phường', 'KV3'),
('1064', 'Nông Trang', '12', 'Phường', 'KV3'),
('1065', 'Thanh Miếu', '12', 'Phường', 'KV3'),
('1066', 'Vân Phú', '12', 'Phường', 'KV3'),
('1067', 'Hy Cương', '12', 'Xã', 'KV3'),
('1068', 'Lâm Thao', '12', 'Xã', 'KV3'),
('1069', 'Xuân Lũng', '12', 'Xã', 'KV3'),
('1070', 'Phùng Nguyên', '12', 'Xã', 'KV3'),
('1071', 'Bản Nguyên', '12', 'Xã', 'KV3'),
('1072', 'Phong Châu', '12', 'Phường', 'KV3'),
('1073', 'Phú Thọ', '12', 'Phường', 'KV3'),
('1074', 'Âu Cơ', '12', 'Phường', 'KV3'),
('1075', 'Phù Ninh', '12', 'Xã', 'KV3'),
('1076', 'Dân Chủ', '12', 'Xã', 'KV3'),
('1077', 'Phú Mỹ', '12', 'Xã', 'KV3'),
('1078', 'Trạm Thản', '12', 'Xã', 'KV3'),
('1079', 'Bình Phú', '12', 'Xã', 'KV3'),
('1080', 'Thanh Ba', '12', 'Xã', 'KV3'),
('1081', 'Quảng Yên', '12', 'Xã', 'KV3'),
('1082', 'Hoàng Cương', '12', 'Xã', 'KV3'),
('1083', 'Đông Thành', '12', 'Xã', 'KV3'),
('1084', 'Chí Tiên', '12', 'Xã', 'KV3'),
('1085', 'Liên Minh', '12', 'Xã', 'KV3'),
('1086', 'Đoan Hùng', '12', 'Xã', 'KV3'),
('1087', 'Tây Cốc', '12', 'Xã', 'KV3'),
('1088', 'Chân Mộng', '12', 'Xã', 'KV3'),
('1089', 'Chí Đám', '12', 'Xã', 'KV3'),
('1090', 'Bằng Luân', '12', 'Xã', 'KV3'),
('1091', 'Hạ Hòa', '12', 'Xã', 'KV3'),
('1092', 'Đan Thượng', '12', 'Xã', 'KV3'),
('1093', 'Yên Kỳ', '12', 'Xã', 'KV3'),
('1094', 'Vĩnh Chân', '12', 'Xã', 'KV3'),
('1095', 'Văn Lang', '12', 'Xã', 'KV3'),
('1096', 'Hiền Lương', '12', 'Xã', 'KV3'),
('1097', 'Cẩm Khê', '12', 'Xã', 'KV3'),
('1098', 'Phú Khê', '12', 'Xã', 'KV3'),
('1099', 'Hùng Việt', '12', 'Xã', 'KV3'),
('1100', 'Đồng Lương', '12', 'Xã', 'KV3'),
('1101', 'Tiên Lương', '12', 'Xã', 'KV3'),
('1102', 'Vân Bán', '12', 'Xã', 'KV3'),
('1103', 'Tam Nông', '12', 'Xã', 'KV3'),
('1104', 'Thọ Văn', '12', 'Xã', 'KV3'),
('1105', 'Vạn Xuân', '12', 'Xã', 'KV3'),
('1106', 'Hiền Quan', '12', 'Xã', 'KV3'),
('1107', 'Thanh Thuỷ', '12', 'Xã', 'KV3'),
('1108', 'Đào Xá', '12', 'Xã', 'KV3'),
('1109', 'Tu Vũ', '12', 'Xã', 'KV3'),
('1110', 'Thanh Sơn', '12', 'Xã', 'KV3'),
('1111', 'Võ Miếu', '12', 'Xã', 'KV3'),
('1112', 'Văn Miếu', '12', 'Xã', 'KV3'),
('1113', 'Cự Đồng', '12', 'Xã', 'KV3'),
('1114', 'Hương Cần', '12', 'Xã', 'KV3'),
('1115', 'Yên Sơn', '12', 'Xã', 'KV3'),
('1116', 'Khả Cửu', '12', 'Xã', 'KV3'),
('1117', 'Tân Sơn', '12', 'Xã', 'KV3'),
('1118', 'Minh Đài', '12', 'Xã', 'KV3'),
('1119', 'Lai Đồng', '12', 'Xã', 'KV3'),
('1120', 'Thu Cúc', '12', 'Xã', 'KV3'),
('1121', 'Xuân Đài', '12', 'Xã', 'KV3'),
('1122', 'Long Cốc', '12', 'Xã', 'KV3'),
('1123', 'Yên Lập', '12', 'Xã', 'KV3'),
('1124', 'Thượng Long', '12', 'Xã', 'KV3'),
('1125', 'Sơn Lương', '12', 'Xã', 'KV3'),
('1126', 'Xuân Viên', '12', 'Xã', 'KV3'),
('1127', 'Minh Hòa', '12', 'Xã', 'KV3'),
('1128', 'Trung Sơn', '12', 'Xã', 'KV3'),
('1129', 'Tam Sơn', '12', 'Xã', 'KV3'),
('1130', 'Sông Lô', '12', 'Xã', 'KV3'),
('1131', 'Hải Lựu', '12', 'Xã', 'KV3'),
('1132', 'Yên Lãng', '12', 'Xã', 'KV3'),
('1133', 'Lập Thạch', '12', 'Xã', 'KV3'),
('1134', 'Tiên Lữ', '12', 'Xã', 'KV3'),
('1135', 'Thái Hòa', '12', 'Xã', 'KV3'),
('1136', 'Liên Hòa', '12', 'Xã', 'KV3'),
('1137', 'Hợp Lý', '12', 'Xã', 'KV3'),
('1138', 'Sơn Đông', '12', 'Xã', 'KV3'),
('1139', 'Tam Đảo', '12', 'Xã', 'KV3'),
('1140', 'Đại Đình', '12', 'Xã', 'KV3'),
('1141', 'Đạo Trù', '12', 'Xã', 'KV3'),
('1142', 'Tam Dương', '12', 'Xã', 'KV3'),
('1143', 'Hội Thịnh', '12', 'Xã', 'KV3'),
('1144', 'Hoàng An', '12', 'Xã', 'KV3'),
('1145', 'Tam Dương Bắc', '12', 'Xã', 'KV3'),
('1146', 'Vĩnh Tường', '12', 'Xã', 'KV3'),
('1147', 'Thổ Tang', '12', 'Xã', 'KV3'),
('1148', 'Vĩnh Hưng', '12', 'Xã', 'KV3'),
('1149', 'Vĩnh An', '12', 'Xã', 'KV3'),
('1150', 'Vĩnh Phú', '12', 'Xã', 'KV3'),
('1151', 'Vĩnh Thành', '12', 'Xã', 'KV3'),
('1152', 'Yên Lạc', '12', 'Xã', 'KV3'),
('1153', 'Tề Lỗ', '12', 'Xã', 'KV3'),
('1154', 'Liên Châu', '12', 'Xã', 'KV3'),
('1155', 'Tam Hồng', '12', 'Xã', 'KV3'),
('1156', 'Nguyệt Đức', '12', 'Xã', 'KV3'),
('1157', 'Bình Nguyên', '12', 'Xã', 'KV3'),
('1158', 'Xuân Lãng', '12', 'Xã', 'KV3'),
('1159', 'Bình Xuyên', '12', 'Xã', 'KV3'),
('1160', 'Bình Tuyền', '12', 'Xã', 'KV3'),
('1161', 'Vĩnh Phúc', '12', 'Phường', 'KV3'),
('1162', 'Vĩnh Yên', '12', 'Phường', 'KV3'),
('1163', 'Phúc Yên', '12', 'Phường', 'KV3'),
('1164', 'Xuân Hòa', '12', 'Phường', 'KV3'),
('1165', 'Cao Phong', '12', 'Xã', 'KV3'),
('1166', 'Mường Thàng', '12', 'Xã', 'KV3'),
('1167', 'Thung Nai', '12', 'Xã', 'KV3'),
('1168', 'Đà Bắc', '12', 'Xã', 'KV3'),
('1169', 'Cao Sơn', '12', 'Xã', 'KV3'),
('1170', 'Đức Nhàn', '12', 'Xã', 'KV3'),
('1171', 'Quy Đức', '12', 'Xã', 'KV3'),
('1172', 'Tân Pheo', '12', 'Xã', 'KV3'),
('1173', 'Tiền Phong', '12', 'Xã', 'KV3'),
('1174', 'Kim Bôi', '12', 'Xã', 'KV3'),
('1175', 'Mường Động', '12', 'Xã', 'KV3'),
('1176', 'Dũng Tiến', '12', 'Xã', 'KV3'),
('1177', 'Hợp Kim', '12', 'Xã', 'KV3'),
('1178', 'Nật Sơn', '12', 'Xã', 'KV3'),
('1179', 'Lạc Sơn', '12', 'Xã', 'KV3'),
('1180', 'Mường Vang', '12', 'Xã', 'KV3'),
('1181', 'Đại Đồng', '12', 'Xã', 'KV3'),
('1182', 'Ngọc Sơn', '12', 'Xã', 'KV3'),
('1183', 'Nhân Nghĩa', '12', 'Xã', 'KV3'),
('1184', 'Quyết Thắng', '12', 'Xã', 'KV3'),
('1185', 'Thượng Cốc', '12', 'Xã', 'KV3'),
('1186', 'Yên Phú', '12', 'Xã', 'KV3'),
('1187', 'Lạc Thủy', '12', 'Xã', 'KV3'),
('1188', 'An Bình', '12', 'Xã', 'KV3'),
('1189', 'An Nghĩa', '12', 'Xã', 'KV3'),
('1190', 'Lương Sơn', '12', 'Xã', 'KV3'),
('1191', 'Cao Dương', '12', 'Xã', 'KV3'),
('1192', 'Liên Sơn', '12', 'Xã', 'KV3'),
('1193', 'Mai Châu', '12', 'Xã', 'KV3'),
('1194', 'Bao La', '12', 'Xã', 'KV3'),
('1195', 'Mai Hạ', '12', 'Xã', 'KV3'),
('1196', 'Pà Cò', '12', 'Xã', 'KV3'),
('1197', 'Tân Mai', '12', 'Xã', 'KV3'),
('1198', 'Tân Lạc', '12', 'Xã', 'KV3'),
('1199', 'Mường Bi', '12', 'Xã', 'KV3'),
('1200', 'Mường Hoa', '12', 'Xã', 'KV3'),
('1201', 'Toàn Thắng', '12', 'Xã', 'KV3'),
('1202', 'Vân Sơn', '12', 'Xã', 'KV3'),
('1203', 'Yên Thủy', '12', 'Xã', 'KV3'),
('1204', 'Lạc Lương', '12', 'Xã', 'KV3'),
('1205', 'Yên Trị', '12', 'Xã', 'KV3'),
('1206', 'Thịnh Minh', '12', 'Xã', 'KV3'),
('1207', 'Hoà Bình', '12', 'Phường', 'KV3'),
('1208', 'Kỳ Sơn', '12', 'Phường', 'KV3'),
('1209', 'Tân Hoà', '12', 'Phường', 'KV3'),
('1210', 'Thống Nhất', '12', 'Phường', 'KV3'),
('1211', 'Mường Phăng', '13', 'Xã', 'KV3'),
('1212', 'Điện Biên Phủ', '13', 'Phường', 'KV3'),
('1213', 'Mường Thanh', '13', 'Phường', 'KV3'),
('1214', 'Mường Lay', '13', 'Phường', 'KV3'),
('1215', 'Thanh Nưa', '13', 'Xã', 'KV3'),
('1216', 'Thanh An', '13', 'Xã', 'KV3'),
('1217', 'Thanh Yên', '13', 'Xã', 'KV3'),
('1218', 'Sam Mứn', '13', 'Xã', 'KV3'),
('1219', 'Núa Ngam', '13', 'Xã', 'KV3'),
('1220', 'Mường Nhà', '13', 'Xã', 'KV3'),
('1221', 'Tuần Giáo', '13', 'Xã', 'KV3'),
('1222', 'Quài Tở', '13', 'Xã', 'KV3'),
('1223', 'Mường Mùn', '13', 'Xã', 'KV3'),
('1224', 'Pú Nhung', '13', 'Xã', 'KV3'),
('1225', 'Chiềng Sinh', '13', 'Xã', 'KV3'),
('1226', 'Tủa Chùa', '13', 'Xã', 'KV3'),
('1227', 'Sín Chải', '13', 'Xã', 'KV3'),
('1228', 'Sính Phình', '13', 'Xã', 'KV3'),
('1229', 'Tủa Thàng', '13', 'Xã', 'KV3'),
('1230', 'Sáng Nhè', '13', 'Xã', 'KV3'),
('1231', 'Na Sang', '13', 'Xã', 'KV3'),
('1232', 'Mường Tùng', '13', 'Xã', 'KV3'),
('1233', 'Pa Ham', '13', 'Xã', 'KV3'),
('1234', 'Nậm Nèn', '13', 'Xã', 'KV3'),
('1235', 'Mường Pồn', '13', 'Xã', 'KV3'),
('1236', 'Na Son', '13', 'Xã', 'KV3'),
('1237', 'Xa Dung', '13', 'Xã', 'KV3'),
('1238', 'Pu Nhi', '13', 'Xã', 'KV3'),
('1239', 'Mường Luân', '13', 'Xã', 'KV3'),
('1240', 'Tìa Dình', '13', 'Xã', 'KV3'),
('1241', 'Phình Giàng', '13', 'Xã', 'KV3'),
('1242', 'Mường Chà', '13', 'Xã', 'KV3'),
('1243', 'Nà Hỳ', '13', 'Xã', 'KV3'),
('1244', 'Nà Bủng', '13', 'Xã', 'KV3'),
('1245', 'Chà Tở', '13', 'Xã', 'KV3'),
('1246', 'Si Pa Phìn', '13', 'Xã', 'KV3'),
('1247', 'Mường Nhé', '13', 'Xã', 'KV3'),
('1248', 'Sín Thầu', '13', 'Xã', 'KV3'),
('1249', 'Mường Toong', '13', 'Xã', 'KV3'),
('1250', 'Nậm Kè', '13', 'Xã', 'KV3'),
('1251', 'Quảng Lâm', '13', 'Xã', 'KV3'),
('1252', 'Mường Ảng', '13', 'Xã', 'KV3'),
('1253', 'Nà Tấu', '13', 'Xã', 'KV3'),
('1254', 'Búng Lao', '13', 'Xã', 'KV3'),
('1255', 'Mường Lạn', '13', 'Xã', 'KV3'),
('1256', 'Mường Kim', '14', 'Xã', 'KV3'),
('1257', 'Khoen On', '14', 'Xã', 'KV3'),
('1258', 'Than Uyên', '14', 'Xã', 'KV3'),
('1259', 'Mường Than', '14', 'Xã', 'KV3'),
('1260', 'Pắc Ta', '14', 'Xã', 'KV3'),
('1261', 'Nậm Sỏ', '14', 'Xã', 'KV3'),
('1262', 'Tân Uyên', '14', 'Xã', 'KV3'),
('1263', 'Mường Khoa', '14', 'Xã', 'KV3'),
('1264', 'Bản Bo', '14', 'Xã', 'KV3'),
('1265', 'Bình Lư', '14', 'Xã', 'KV3'),
('1266', 'Tả Lèng', '14', 'Xã', 'KV3'),
('1267', 'Khun Há', '14', 'Xã', 'KV3'),
('1268', 'Tân Phong', '14', 'Phường', 'KV3'),
('1269', 'Đoàn Kết', '14', 'Phường', 'KV3'),
('1270', 'Sin Suối Hồ', '14', 'Xã', 'KV3'),
('1271', 'Phong Thổ', '14', 'Xã', 'KV3'),
('1272', 'Sì Lở Lầu', '14', 'Xã', 'KV3'),
('1273', 'Dào San', '14', 'Xã', 'KV3'),
('1274', 'Khổng Lào', '14', 'Xã', 'KV3'),
('1275', 'Tủa Sín Chải', '14', 'Xã', 'KV3'),
('1276', 'Sìn Hồ', '14', 'Xã', 'KV3'),
('1277', 'Hồng Thu', '14', 'Xã', 'KV3'),
('1278', 'Nậm Tăm', '14', 'Xã', 'KV3'),
('1279', 'Pu Sam Cáp', '14', 'Xã', 'KV3'),
('1280', 'Nậm Cuổi', '14', 'Xã', 'KV3'),
('1281', 'Nậm Mạ', '14', 'Xã', 'KV3'),
('1282', 'Lê Lợi', '14', 'Xã', 'KV3'),
('1283', 'Nậm Hàng', '14', 'Xã', 'KV3'),
('1284', 'Mường Mô', '14', 'Xã', 'KV3'),
('1285', 'Hua Bum', '14', 'Xã', 'KV3'),
('1286', 'Pa Tần', '14', 'Xã', 'KV3'),
('1287', 'Bum Nưa', '14', 'Xã', 'KV3'),
('1288', 'Bum Tở', '14', 'Xã', 'KV3'),
('1289', 'Mường Tè', '14', 'Xã', 'KV3'),
('1290', 'Thu Lũm', '14', 'Xã', 'KV3'),
('1291', 'Pa Ủ', '14', 'Xã', 'KV3'),
('1292', 'Tà Tổng', '14', 'Xã', 'KV3'),
('1293', 'Mù Cả', '14', 'Xã', 'KV3'),
('1294', 'Tô Hiệu', '15', 'Phường', 'KV3'),
('1295', 'Chiềng An', '15', 'Phường', 'KV3'),
('1296', 'Chiềng Cơi', '15', 'Phường', 'KV3'),
('1297', 'Chiềng Sinh', '15', 'Phường', 'KV3'),
('1298', 'Mộc Châu', '15', 'Phường', 'KV3'),
('1299', 'Mộc Sơn', '15', 'Phường', 'KV3'),
('1300', 'Vân Sơn', '15', 'Phường', 'KV3'),
('1301', 'Thảo Nguyên', '15', 'Phường', 'KV3'),
('1302', 'Đoàn Kết', '15', 'Xã', 'KV3'),
('1303', 'Lóng Sập', '15', 'Xã', 'KV3'),
('1304', 'Chiềng Sơn', '15', 'Xã', 'KV3'),
('1305', 'Vân Hồ', '15', 'Xã', 'KV3'),
('1306', 'Song Khủa', '15', 'Xã', 'KV3'),
('1307', 'Tô Múa', '15', 'Xã', 'KV3'),
('1308', 'Xuân Nha', '15', 'Xã', 'KV3'),
('1309', 'Quỳnh Nhai', '15', 'Xã', 'KV3'),
('1310', 'Mường Chiên', '15', 'Xã', 'KV3'),
('1311', 'Mường Giôn', '15', 'Xã', 'KV3'),
('1312', 'Mường Sại', '15', 'Xã', 'KV3'),
('1313', 'Thuận Châu', '15', 'Xã', 'KV3'),
('1314', 'Chiềng La', '15', 'Xã', 'KV3'),
('1315', 'Nậm Lầu', '15', 'Xã', 'KV3'),
('1316', 'Muổi Nọi', '15', 'Xã', 'KV3'),
('1317', 'Mường Khiêng', '15', 'Xã', 'KV3'),
('1318', 'Co Mạ', '15', 'Xã', 'KV3'),
('1319', 'Bình Thuận', '15', 'Xã', 'KV3'),
('1320', 'Mường É', '15', 'Xã', 'KV3'),
('1321', 'Long Hẹ', '15', 'Xã', 'KV3'),
('1322', 'Mường La', '15', 'Xã', 'KV3'),
('1323', 'Chiềng Lao', '15', 'Xã', 'KV3'),
('1324', 'Mường Bú', '15', 'Xã', 'KV3'),
('1325', 'Chiềng Hoa', '15', 'Xã', 'KV3'),
('1326', 'Bắc Yên', '15', 'Xã', 'KV3'),
('1327', 'Tà Xùa', '15', 'Xã', 'KV3'),
('1328', 'Tạ Khoa', '15', 'Xã', 'KV3'),
('1329', 'Xím Vàng', '15', 'Xã', 'KV3'),
('1330', 'Pắc Ngà', '15', 'Xã', 'KV3'),
('1331', 'Chiềng Sại', '15', 'Xã', 'KV3'),
('1332', 'Phù Yên', '15', 'Xã', 'KV3'),
('1333', 'Gia Phù', '15', 'Xã', 'KV3'),
('1334', 'Tường Hạ', '15', 'Xã', 'KV3'),
('1335', 'Mường Cơi', '15', 'Xã', 'KV3'),
('1336', 'Mường Bang', '15', 'Xã', 'KV3'),
('1337', 'Tân Phong', '15', 'Xã', 'KV3'),
('1338', 'Kim Bon', '15', 'Xã', 'KV3'),
('1339', 'Yên Châu', '15', 'Xã', 'KV3'),
('1340', 'Chiềng Hặc', '15', 'Xã', 'KV3'),
('1341', 'Lóng Phiêng', '15', 'Xã', 'KV3'),
('1342', 'Yên Sơn', '15', 'Xã', 'KV3'),
('1343', 'Chiềng Mai', '15', 'Xã', 'KV3'),
('1344', 'Mai Sơn', '15', 'Xã', 'KV3'),
('1345', 'Phiêng Pằn', '15', 'Xã', 'KV3'),
('1346', 'Chiềng Mung', '15', 'Xã', 'KV3'),
('1347', 'Phiêng Cằm', '15', 'Xã', 'KV3'),
('1348', 'Mường Chanh', '15', 'Xã', 'KV3'),
('1349', 'Tà Hộc', '15', 'Xã', 'KV3'),
('1350', 'Chiềng Sung', '15', 'Xã', 'KV3'),
('1351', 'Bó Sinh', '15', 'Xã', 'KV3'),
('1352', 'Chiềng Khương', '15', 'Xã', 'KV3'),
('1353', 'Mường Hung', '15', 'Xã', 'KV3'),
('1354', 'Chiềng Khoong', '15', 'Xã', 'KV3'),
('1355', 'Mường Lầm', '15', 'Xã', 'KV3'),
('1356', 'Nậm Ty', '15', 'Xã', 'KV3'),
('1357', 'Sông Mã', '15', 'Xã', 'KV3'),
('1358', 'Huổi Một', '15', 'Xã', 'KV3'),
('1359', 'Chiềng Sơ', '15', 'Xã', 'KV3'),
('1360', 'Sốp Cộp', '15', 'Xã', 'KV3'),
('1361', 'Púng Bánh', '15', 'Xã', 'KV3'),
('1362', 'Tân Yên', '15', 'Xã', 'KV3'),
('1363', 'Mường Bám', '15', 'Xã', 'KV3'),
('1364', 'Ngọc Chiến', '15', 'Xã', 'KV3'),
('1365', 'Suối Tọ', '15', 'Xã', 'KV3'),
('1366', 'Phiêng Khoài', '15', 'Xã', 'KV3'),
('1367', 'Mường Lạn', '15', 'Xã', 'KV3'),
('1368', 'Mường Lèo', '15', 'Xã', 'KV3'),
('1369', 'Hạc Thành', '16', 'Phường', 'KV1'),
('1370', 'Quảng Phú', '16', 'Phường', 'KV1'),
('1371', 'Đông Quang', '16', 'Phường', 'KV1'),
('1372', 'Đông Sơn', '16', 'Phường', 'KV1'),
('1373', 'Đông Tiến', '16', 'Phường', 'KV1'),
('1374', 'Hàm Rồng', '16', 'Phường', 'KV1'),
('1375', 'Nguyệt Viên', '16', 'Phường', 'KV1'),
('1376', 'Sầm Sơn', '16', 'Phường', 'KV1'),
('1377', 'Nam Sầm Sơn', '16', 'Phường', 'KV1'),
('1378', 'Bỉm Sơn', '16', 'Phường', 'KV1'),
('1379', 'Quang Trung', '16', 'Phường', 'KV1'),
('1380', 'Ngọc Sơn', '16', 'Phường', 'KV1'),
('1381', 'Tân Dân', '16', 'Phường', 'KV1'),
('1382', 'Hải Lĩnh', '16', 'Phường', 'KV1'),
('1383', 'Tĩnh Gia', '16', 'Phường', 'KV1'),
('1384', 'Đào Duy Tư', '16', 'Phường', 'KV1'),
('1385', 'Hải Bình', '16', 'Phường', 'KV1'),
('1386', 'Trúc Lâm', '16', 'Phường', 'KV1'),
('1387', 'Nghi Sơn', '16', 'Phường', 'KV1'),
('1388', 'Các Sơn', '16', 'Xã', 'KV1'),
('1389', 'Trường Lâm', '16', 'Xã', 'KV1'),
('1390', 'Hà Trung', '16', 'Xã', 'KV1'),
('1391', 'Tống Sơn', '16', 'Xã', 'KV1'),
('1392', 'Hà Long', '16', 'Xã', 'KV1'),
('1393', 'Hoạt Giang', '16', 'Xã', 'KV1'),
('1394', 'Lĩnh Toại', '16', 'Xã', 'KV1'),
('1395', 'Triệu Lộc', '16', 'Xã', 'KV1'),
('1396', 'Đông Thành', '16', 'Xã', 'KV1'),
('1397', 'Hậu Lộc', '16', 'Xã', 'KV1'),
('1398', 'Hoa Lộc', '16', 'Xã', 'KV1'),
('1399', 'Vạn Lộc', '16', 'Xã', 'KV1'),
('1400', 'Nga Sơn', '16', 'Xã', 'KV1'),
('1401', 'Nga Thắng', '16', 'Xã', 'KV1'),
('1402', 'Hồ Vương', '16', 'Xã', 'KV1'),
('1403', 'Tân Tiến', '16', 'Xã', 'KV1'),
('1404', 'Nga An', '16', 'Xã', 'KV1'),
('1405', 'Ba Đình', '16', 'Xã', 'KV1'),
('1406', 'Hoằng Hóa', '16', 'Xã', 'KV1'),
('1407', 'Hoằng Tiến', '16', 'Xã', 'KV1'),
('1408', 'Hoằng Thanh', '16', 'Xã', 'KV1'),
('1409', 'Hoằng Lộc', '16', 'Xã', 'KV1'),
('1410', 'Hoằng Châu', '16', 'Xã', 'KV1'),
('1411', 'Hoằng Sơn', '16', 'Xã', 'KV1'),
('1412', 'Hoằng Phú', '16', 'Xã', 'KV1'),
('1413', 'Hoằng Giang', '16', 'Xã', 'KV1'),
('1414', 'Lưu Vệ', '16', 'Xã', 'KV1'),
('1415', 'Quảng Yên', '16', 'Xã', 'KV1'),
('1416', 'Quảng Ngọc', '16', 'Xã', 'KV1'),
('1417', 'Quảng Ninh', '16', 'Xã', 'KV1'),
('1418', 'Quảng Bình', '16', 'Xã', 'KV1'),
('1419', 'Tiên Trang', '16', 'Xã', 'KV1'),
('1420', 'Quảng Chính', '16', 'Xã', 'KV1'),
('1421', 'Nông Cống', '16', 'Xã', 'KV1'),
('1422', 'Thắng Lợi', '16', 'Xã', 'KV1'),
('1423', 'Trung Chính', '16', 'Xã', 'KV1'),
('1424', 'Trường Văn', '16', 'Xã', 'KV1'),
('1425', 'Thăng Bình', '16', 'Xã', 'KV1'),
('1426', 'Tượng Lĩnh', '16', 'Xã', 'KV1'),
('1427', 'Công Chính', '16', 'Xã', 'KV1'),
('1428', 'Thiệu Hóa', '16', 'Xã', 'KV1'),
('1429', 'Thiệu Quang', '16', 'Xã', 'KV1'),
('1430', 'Thiệu Tiến', '16', 'Xã', 'KV1'),
('1431', 'Thiệu Toán', '16', 'Xã', 'KV1'),
('1432', 'Thiệu Trung', '16', 'Xã', 'KV1'),
('1433', 'Yên Định', '16', 'Xã', 'KV1'),
('1434', 'Yên Trường', '16', 'Xã', 'KV1'),
('1435', 'Yên Phú', '16', 'Xã', 'KV1'),
('1436', 'Quý Lộc', '16', 'Xã', 'KV1'),
('1437', 'Yên Ninh', '16', 'Xã', 'KV1'),
('1438', 'Định Tân', '16', 'Xã', 'KV1'),
('1439', 'Định Hoà', '16', 'Xã', 'KV1'),
('1440', 'Thọ Xuân', '16', 'Xã', 'KV1'),
('1441', 'Thọ Long', '16', 'Xã', 'KV1'),
('1442', 'Xuân Hoà', '16', 'Xã', 'KV1'),
('1443', 'Sao Vàng', '16', 'Xã', 'KV1'),
('1444', 'Lam Sơn', '16', 'Xã', 'KV1'),
('1445', 'Thọ Lập', '16', 'Xã', 'KV1'),
('1446', 'Xuân Tín', '16', 'Xã', 'KV1'),
('1447', 'Xuân Lập', '16', 'Xã', 'KV1'),
('1448', 'Vĩnh Lộc', '16', 'Xã', 'KV1'),
('1449', 'Tây Đô', '16', 'Xã', 'KV1'),
('1450', 'Biện Thượng', '16', 'Xã', 'KV1'),
('1451', 'Triệu Sơn', '16', 'Xã', 'KV1'),
('1452', 'Thọ Bình', '16', 'Xã', 'KV1'),
('1453', 'Thọ Ngọc', '16', 'Xã', 'KV1'),
('1454', 'Thọ Phú', '16', 'Xã', 'KV1'),
('1455', 'Hợp Tiến', '16', 'Xã', 'KV1'),
('1456', 'An Nông', '16', 'Xã', 'KV1'),
('1457', 'Tân Ninh', '16', 'Xã', 'KV1'),
('1458', 'Đồng Tiến', '16', 'Xã', 'KV1'),
('1459', 'Mường Chanh', '16', 'Xã', 'KV1'),
('1460', 'Quang Chiểu', '16', 'Xã', 'KV1'),
('1461', 'Tam chung', '16', 'Xã', 'KV1'),
('1462', 'Mường Lát', '16', 'Xã', 'KV1'),
('1463', 'Pù Nhi', '16', 'Xã', 'KV1'),
('1464', 'Nhi Sơn', '16', 'Xã', 'KV1'),
('1465', 'Mường Lý', '16', 'Xã', 'KV1'),
('1466', 'Trung Lý', '16', 'Xã', 'KV1'),
('1467', 'Hồi Xuân', '16', 'Xã', 'KV1'),
('1468', 'Nam Xuân', '16', 'Xã', 'KV1'),
('1469', 'Thiên Phủ', '16', 'Xã', 'KV1'),
('1470', 'Hiền Kiệt', '16', 'Xã', 'KV1'),
('1471', 'Phú Xuân', '16', 'Xã', 'KV1'),
('1472', 'Phú Lệ', '16', 'Xã', 'KV1'),
('1473', 'Trung Thành', '16', 'Xã', 'KV1'),
('1474', 'Trung Sơn', '16', 'Xã', 'KV1'),
('1475', 'Na Mèo', '16', 'Xã', 'KV1'),
('1476', 'Sơn Thủy', '16', 'Xã', 'KV1'),
('1477', 'Sơn Điện', '16', 'Xã', 'KV1'),
('1478', 'Mường Mìn', '16', 'Xã', 'KV1'),
('1479', 'Tam Thanh', '16', 'Xã', 'KV1'),
('1480', 'Tam Lư', '16', 'Xã', 'KV1'),
('1481', 'Quan Sơn', '16', 'Xã', 'KV1'),
('1482', 'Trung Hạ', '16', 'Xã', 'KV1'),
('1483', 'Linh Sơn', '16', 'Xã', 'KV1'),
('1484', 'Đồng Lương', '16', 'Xã', 'KV1'),
('1485', 'Văn Phú', '16', 'Xã', 'KV1'),
('1486', 'Giao An', '16', 'Xã', 'KV1'),
('1487', 'Yên Khương', '16', 'Xã', 'KV1'),
('1488', 'Yên Thắng', '16', 'Xã', 'KV1'),
('1489', 'Văn Nho', '16', 'Xã', 'KV1'),
('1490', 'Thiết Ống', '16', 'Xã', 'KV1'),
('1491', 'Bá Thước', '16', 'Xã', 'KV1'),
('1492', 'Cổ Lũng', '16', 'Xã', 'KV1'),
('1493', 'Pù Luông', '16', 'Xã', 'KV1'),
('1494', 'Điền Lư', '16', 'Xã', 'KV1'),
('1495', 'Điền Quang', '16', 'Xã', 'KV1'),
('1496', 'Quý Lương', '16', 'Xã', 'KV1'),
('1497', 'Ngọc Lặc', '16', 'Xã', 'KV1'),
('1498', 'Thạch Lập', '16', 'Xã', 'KV1'),
('1499', 'Ngọc Liên', '16', 'Xã', 'KV1'),
('1500', 'Minh Sơn', '16', 'Xã', 'KV1'),
('1501', 'Nguyệt Ấn', '16', 'Xã', 'KV1'),
('1502', 'Kiên Thọ', '16', 'Xã', 'KV1'),
('1503', 'Cẩm Thạch', '16', 'Xã', 'KV1'),
('1504', 'Cẩm Thủy', '16', 'Xã', 'KV1'),
('1505', 'Cẩm Tú', '16', 'Xã', 'KV1'),
('1506', 'Cẩm Vân', '16', 'Xã', 'KV1'),
('1507', 'Cẩm Tân', '16', 'Xã', 'KV1'),
('1508', 'Kim Tân', '16', 'Xã', 'KV1'),
('1509', 'Vân Du', '16', 'Xã', 'KV1'),
('1510', 'Ngọc Trạo', '16', 'Xã', 'KV1'),
('1511', 'Thạch Bình', '16', 'Xã', 'KV1'),
('1512', 'Thành Vinh', '16', 'Xã', 'KV1'),
('1513', 'Thạch Quảng', '16', 'Xã', 'KV1'),
('1514', 'Như Xuân', '16', 'Xã', 'KV1'),
('1515', 'Thượng Ninh', '16', 'Xã', 'KV1'),
('1516', 'Xuân Bình', '16', 'Xã', 'KV1'),
('1517', 'Hóa Quỳ', '16', 'Xã', 'KV1'),
('1518', 'Thanh Quân', '16', 'Xã', 'KV1'),
('1519', 'Thanh Phong', '16', 'Xã', 'KV1'),
('1520', 'Xuân Du', '16', 'Xã', 'KV1'),
('1521', 'Mậu Lâm', '16', 'Xã', 'KV1'),
('1522', 'Như Thanh', '16', 'Xã', 'KV1'),
('1523', 'Yên Thọ', '16', 'Xã', 'KV1'),
('1524', 'Xuân Thái', '16', 'Xã', 'KV1'),
('1525', 'Thanh Kỳ', '16', 'Xã', 'KV1'),
('1526', 'Bát Mọt', '16', 'Xã', 'KV1'),
('1527', 'Yên Nhân', '16', 'Xã', 'KV1'),
('1528', 'Lương Sơn', '16', 'Xã', 'KV1'),
('1529', 'Thường Xuân', '16', 'Xã', 'KV1'),
('1530', 'Luận Thành', '16', 'Xã', 'KV1'),
('1531', 'Tân Thành', '16', 'Xã', 'KV1'),
('1532', 'Vạn Xuân', '16', 'Xã', 'KV1'),
('1533', 'Thắng Lộc', '16', 'Xã', 'KV1'),
('1534', 'Xuân Chinh', '16', 'Xã', 'KV1'),
('1535', 'Anh Sơn', '17', 'Xã', 'KV1'),
('1536', 'Yên Xuân', '17', 'Xã', 'KV1'),
('1537', 'Nhân Hoà', '17', 'Xã', 'KV1'),
('1538', 'Anh Sơn Đông', '17', 'Xã', 'KV1'),
('1539', 'Vĩnh Tường', '17', 'Xã', 'KV1'),
('1540', 'Thành Bình Thọ', '17', 'Xã', 'KV1'),
('1541', 'Con Cuông', '17', 'Xã', 'KV1'),
('1542', 'Môn Sơn', '17', 'Xã', 'KV1'),
('1543', 'Mậu Thạch', '17', 'Xã', 'KV1'),
('1544', 'Cam Phục', '17', 'Xã', 'KV1'),
('1545', 'Châu Khê', '17', 'Xã', 'KV1'),
('1546', 'Bình Chuẩn', '17', 'Xã', 'KV1'),
('1547', 'Diễn Châu', '17', 'Xã', 'KV1'),
('1548', 'Đức Châu', '17', 'Xã', 'KV1'),
('1549', 'Quảng Châu', '17', 'Xã', 'KV1'),
('1550', 'Hải Châu', '17', 'Xã', 'KV1'),
('1551', 'Tân Châu', '17', 'Xã', 'KV1'),
('1552', 'An Châu', '17', 'Xã', 'KV1'),
('1553', 'Minh Châu', '17', 'Xã', 'KV1'),
('1554', 'Hùng Châu', '17', 'Xã', 'KV1'),
('1555', 'Đô Lương', '17', 'Xã', 'KV1'),
('1556', 'Bạch Ngọc', '17', 'Xã', 'KV1'),
('1557', 'Văn Hiến', '17', 'Xã', 'KV1'),
('1558', 'Bạch Hà', '17', 'Xã', 'KV1'),
('1559', 'Thuần Trung', '17', 'Xã', 'KV1'),
('1560', 'Lương Sơn', '17', 'Xã', 'KV1'),
('1561', 'Hoàng Mai', '17', 'Phường', 'KV1'),
('1562', 'Tân Mai', '17', 'Phường', 'KV1'),
('1563', 'Quỳnh Mai', '17', 'Phường', 'KV1'),
('1564', 'Hưng Nguyên', '17', 'Xã', 'KV1'),
('1565', 'Yên Trung', '17', 'Xã', 'KV1'),
('1566', 'Hưng Nguyên Nam', '17', 'Xã', 'KV1'),
('1567', 'Lam Thành', '17', 'Xã', 'KV1'),
('1568', 'Mường Xén', '17', 'Xã', 'KV1'),
('1569', 'Hữu Kiệm', '17', 'Xã', 'KV1'),
('1570', 'Nậm Cắn', '17', 'Xã', 'KV1'),
('1571', 'Chiêu Lưu', '17', 'Xã', 'KV1'),
('1572', 'Na Loi', '17', 'Xã', 'KV1'),
('1573', 'Mường Típ', '17', 'Xã', 'KV1'),
('1574', 'Na Ngoi', '17', 'Xã', 'KV1'),
('1575', 'Mỹ Lý', '17', 'Xã', 'KV1'),
('1576', 'Bắc Lý', '17', 'Xã', 'KV1'),
('1577', 'Keng Đu', '17', 'Xã', 'KV1'),
('1578', 'Huồi Tụ', '17', 'Xã', 'KV1'),
('1579', 'Mường Lống', '17', 'Xã', 'KV1'),
('1580', 'Vạn An', '17', 'Xã', 'KV1'),
('1581', 'Nam Đàn', '17', 'Xã', 'KV1'),
('1582', 'Đại Huệ', '17', 'Xã', 'KV1'),
('1583', 'Thiên Nhẫn', '17', 'Xã', 'KV1'),
('1584', 'Kim Liên', '17', 'Xã', 'KV1'),
('1585', 'Nghĩa Đàn', '17', 'Xã', 'KV1'),
('1586', 'Nghĩa Thọ', '17', 'Xã', 'KV1'),
('1587', 'Nghĩa Lâm', '17', 'Xã', 'KV1'),
('1588', 'Nghĩa Mai', '17', 'Xã', 'KV1'),
('1589', 'Nghĩa Hưng', '17', 'Xã', 'KV1'),
('1590', 'Nghĩa Khánh', '17', 'Xã', 'KV1'),
('1591', 'Nghĩa Lộc', '17', 'Xã', 'KV1'),
('1592', 'Nghi Lộc', '17', 'Xã', 'KV1'),
('1593', 'Phúc Lộc', '17', 'Xã', 'KV1'),
('1594', 'Đông Lộc', '17', 'Xã', 'KV1'),
('1595', 'Trung Lộc', '17', 'Xã', 'KV1'),
('1596', 'Thần Lĩnh', '17', 'Xã', 'KV1'),
('1597', 'Hải Lộc', '17', 'Xã', 'KV1'),
('1598', 'Văn Kiều', '17', 'Xã', 'KV1'),
('1599', 'Quế Phong', '17', 'Xã', 'KV1'),
('1600', 'Tiền Phong', '17', 'Xã', 'KV1'),
('1601', 'Tri Lễ', '17', 'Xã', 'KV1'),
('1602', 'Mường Quàng', '17', 'Xã', 'KV1'),
('1603', 'Thông Thụ', '17', 'Xã', 'KV1'),
('1604', 'Quỳ Châu', '17', 'Xã', 'KV1'),
('1605', 'Châu Tiến', '17', 'Xã', 'KV1'),
('1606', 'Hùng Chân', '17', 'Xã', 'KV1'),
('1607', 'Châu Bình', '17', 'Xã', 'KV1'),
('1608', 'Quỳ Hợp', '17', 'Xã', 'KV1'),
('1609', 'Tam Hợp', '17', 'Xã', 'KV1'),
('1610', 'Châu Lộc', '17', 'Xã', 'KV1'),
('1611', 'Châu Hồng', '17', 'Xã', 'KV1'),
('1612', 'Mường Ham', '17', 'Xã', 'KV1'),
('1613', 'Mường Chọng', '17', 'Xã', 'KV1'),
('1614', 'Minh Hợp', '17', 'Xã', 'KV1'),
('1615', 'Quỳnh Lưu', '17', 'Xã', 'KV1'),
('1616', 'Quỳnh Văn', '17', 'Xã', 'KV1'),
('1617', 'Quỳnh Anh', '17', 'Xã', 'KV1'),
('1618', 'Quỳnh Tam', '17', 'Xã', 'KV1'),
('1619', 'Quỳnh Phú', '17', 'Xã', 'KV1'),
('1620', 'Quỳnh Sơn', '17', 'Xã', 'KV1'),
('1621', 'Quỳnh Thắng', '17', 'Xã', 'KV1'),
('1622', 'Tân Kỳ', '17', 'Xã', 'KV1'),
('1623', 'Tân Phú', '17', 'Xã', 'KV1'),
('1624', 'Tân An', '17', 'Xã', 'KV1'),
('1625', 'Nghĩa Đồng', '17', 'Xã', 'KV1'),
('1626', 'Giai Xuân', '17', 'Xã', 'KV1'),
('1627', 'Nghĩa Hành', '17', 'Xã', 'KV1'),
('1628', 'Tiên Đồng', '17', 'Xã', 'KV1'),
('1629', 'Thái Hoà', '17', 'Phường', 'KV1'),
('1630', 'Tây Hiếu', '17', 'Phường', 'KV1'),
('1631', 'Đông Hiếu', '17', 'Xã', 'KV1'),
('1632', 'Cát Ngạn', '17', 'Xã', 'KV1'),
('1633', 'Tam Đồng', '17', 'Xã', 'KV1'),
('1634', 'Hạnh Lâm', '17', 'Xã', 'KV1'),
('1635', 'Sơn Lâm', '17', 'Xã', 'KV1'),
('1636', 'Hoa Quân', '17', 'Xã', 'KV1'),
('1637', 'Kim Bảng', '17', 'Xã', 'KV1'),
('1638', 'Bích Hào', '17', 'Xã', 'KV1'),
('1639', 'Đại Đồng', '17', 'Xã', 'KV1'),
('1640', 'Xuân Lâm', '17', 'Xã', 'KV1'),
('1641', 'Tam Quang', '17', 'Xã', 'KV1'),
('1642', 'Tam Thái', '17', 'Xã', 'KV1'),
('1643', 'Tương Dương', '17', 'Xã', 'KV1'),
('1644', 'Lượng Minh', '17', 'Xã', 'KV1'),
('1645', 'Yên Na', '17', 'Xã', 'KV1'),
('1646', 'Yên Hoà', '17', 'Xã', 'KV1'),
('1647', 'Nga My', '17', 'Xã', 'KV1'),
('1648', 'Hữu Khuông', '17', 'Xã', 'KV1'),
('1649', 'Nhôn Mai', '17', 'Xã', 'KV1'),
('1650', 'Trường Vinh', '17', 'Phường', 'KV1'),
('1651', 'Thành Vinh', '17', 'Phường', 'KV1'),
('1652', 'Vinh Hưng', '17', 'Phường', 'KV1'),
('1653', 'Vinh Phú', '17', 'Phường', 'KV1'),
('1654', 'Vinh Lộc', '17', 'Phường', 'KV1'),
('1655', 'Cửa Lò', '17', 'Phường', 'KV1'),
('1656', 'Yên Thành', '17', 'Xã', 'KV1'),
('1657', 'Quan Thành', '17', 'Xã', 'KV1'),
('1658', 'Hợp Minh', '17', 'Xã', 'KV1'),
('1659', 'Vân Tụ', '17', 'Xã', 'KV1'),
('1660', 'Vân Du', '17', 'Xã', 'KV1'),
('1661', 'Quang Đồng', '17', 'Xã', 'KV1'),
('1662', 'Giai Lạc', '17', 'Xã', 'KV1'),
('1663', 'Bình Minh', '17', 'Xã', 'KV1'),
('1664', 'Đông Thành', '17', 'Xã', 'KV1'),
('1665', 'Sông Trí', '18', 'Phường', 'KV1'),
('1666', 'Hải Ninh', '18', 'Phường', 'KV1'),
('1667', 'Hoành Sơn', '18', 'Phường', 'KV1'),
('1668', 'Vũng Áng', '18', 'Phường', 'KV1'),
('1669', 'Kỳ Xuân', '18', 'Xã', 'KV1'),
('1670', 'Kỳ Anh', '18', 'Xã', 'KV1'),
('1671', 'Kỳ Hoa', '18', 'Xã', 'KV1'),
('1672', 'Kỳ Văn', '18', 'Xã', 'KV1'),
('1673', 'Kỳ Khang', '18', 'Xã', 'KV1'),
('1674', 'Kỳ Lạc', '18', 'Xã', 'KV1'),
('1675', 'Kỳ Thượng', '18', 'Xã', 'KV1'),
('1676', 'Cẩm Xuyên', '18', 'Xã', 'KV1'),
('1677', 'Thiên Cầm', '18', 'Xã', 'KV1'),
('1678', 'Cẩm Duệ', '18', 'Xã', 'KV1'),
('1679', 'Cẩm Hưng', '18', 'Xã', 'KV1'),
('1680', 'Cẩm Lạc', '18', 'Xã', 'KV1'),
('1681', 'Cẩm Trung', '18', 'Xã', 'KV1'),
('1682', 'Yên Hoà', '18', 'Xã', 'KV1'),
('1683', 'Thành Sen', '18', 'Phường', 'KV1'),
('1684', 'Trần Phú', '18', 'Phường', 'KV1'),
('1685', 'Hà Huy Tập', '18', 'Phường', 'KV1'),
('1686', 'Thạch Lạc', '18', 'Xã', 'KV1'),
('1687', 'Đồng Tiến', '18', 'Xã', 'KV1'),
('1688', 'Thạch Khê', '18', 'Xã', 'KV1'),
('1689', 'Cẩm Bình', '18', 'Xã', 'KV1'),
('1690', 'Thạch Hà', '18', 'Xã', 'KV1'),
('1691', 'Toàn Lưu', '18', 'Xã', 'KV1'),
('1692', 'Việt Xuyên', '18', 'Xã', 'KV1'),
('1693', 'Đông Kinh', '18', 'Xã', 'KV1'),
('1694', 'Thạch Xuân', '18', 'Xã', 'KV1'),
('1695', 'Lộc Hà', '18', 'Xã', 'KV1'),
('1696', 'Hồng Lộc', '18', 'Xã', 'KV1'),
('1697', 'Mai Phụ', '18', 'Xã', 'KV1'),
('1698', 'Can Lộc', '18', 'Xã', 'KV1'),
('1699', 'Tùng Lộc', '18', 'Xã', 'KV1'),
('1700', 'Gia Hanh', '18', 'Xã', 'KV1'),
('1701', 'Trường Lưu', '18', 'Xã', 'KV1'),
('1702', 'Xuân Lộc', '18', 'Xã', 'KV1'),
('1703', 'Đồng Lộc', '18', 'Xã', 'KV1'),
('1704', 'Bắc Hồng Lĩnh', '18', 'Phường', 'KV1'),
('1705', 'Nam Hồng Lĩnh', '18', 'Phường', 'KV1'),
('1706', 'Tiên Điền', '18', 'Xã', 'KV1'),
('1707', 'Nghi Xuân', '18', 'Xã', 'KV1'),
('1708', 'Cổ Đạm', '18', 'Xã', 'KV1'),
('1709', 'Đan Hải', '18', 'Xã', 'KV1'),
('1710', 'Đức Thọ', '18', 'Xã', 'KV1'),
('1711', 'Đức Quang', '18', 'Xã', 'KV1'),
('1712', 'Đức Đồng', '18', 'Xã', 'KV1'),
('1713', 'Đức Thịnh', '18', 'Xã', 'KV1'),
('1714', 'Đức Minh', '18', 'Xã', 'KV1'),
('1715', 'Hương Sơn', '18', 'Xã', 'KV1'),
('1716', 'Sơn Tây', '18', 'Xã', 'KV1'),
('1717', 'Tứ Mỹ', '18', 'Xã', 'KV1'),
('1718', 'Sơn Giang', '18', 'Xã', 'KV1'),
('1719', 'Sơn Tiến', '18', 'Xã', 'KV1'),
('1720', 'Sơn Hồng', '18', 'Xã', 'KV1'),
('1721', 'Kim Hoa', '18', 'Xã', 'KV1'),
('1722', 'Vũ Quang', '18', 'Xã', 'KV1'),
('1723', 'Mai Hoa', '18', 'Xã', 'KV1'),
('1724', 'Thượng Đức', '18', 'Xã', 'KV1'),
('1725', 'Hương Khê', '18', 'Xã', 'KV1'),
('1726', 'Hương Phố', '18', 'Xã', 'KV1'),
('1727', 'Hương Đô', '18', 'Xã', 'KV1'),
('1728', 'Hà Linh', '18', 'Xã', 'KV1'),
('1729', 'Hương Bình', '18', 'Xã', 'KV1'),
('1730', 'Phúc Trạch', '18', 'Xã', 'KV1'),
('1731', 'Hương Xuân', '18', 'Xã', 'KV1'),
('1732', 'Sơn Kim 1', '18', 'Xã', 'KV1'),
('1733', 'Sơn Kim 2', '18', 'Xã', 'KV1'),
('1734', 'Đồng Hới', '19', 'Phường', 'KV1'),
('1735', 'Đồng Thuận', '19', 'Phường', 'KV1'),
('1736', 'Đồng Sơn', '19', 'Phường', 'KV1'),
('1737', 'Nam Gianh', '19', 'Xã', 'KV1'),
('1738', 'Nam Ba Đồn', '19', 'Xã', 'KV1'),
('1739', 'Ba Đồn', '19', 'Phường', 'KV1'),
('1740', 'Bắc Gianh', '19', 'Phường', 'KV1'),
('1741', 'Dân Hóa', '19', 'Xã', 'KV1'),
('1742', 'Kim Điền', '19', 'Xã', 'KV1'),
('1743', 'Kim Phú', '19', 'Xã', 'KV1'),
('1744', 'Minh Hóa', '19', 'Xã', 'KV1'),
('1745', 'Tân Thành', '19', 'Xã', 'KV1'),
('1746', 'Tuyên Lâm', '19', 'Xã', 'KV1'),
('1747', 'Tuyên Sơn', '19', 'Xã', 'KV1'),
('1748', 'Đồng Lê', '19', 'Xã', 'KV1'),
('1749', 'Tuyên Phú', '19', 'Xã', 'KV1'),
('1750', 'Tuyên Bình', '19', 'Xã', 'KV1'),
('1751', 'Tuyên Hóa', '19', 'Xã', 'KV1'),
('1752', 'Tân Gianh', '19', 'Xã', 'KV1'),
('1753', 'Trung Thuần', '19', 'Xã', 'KV1'),
('1754', 'Quảng Trạch', '19', 'Xã', 'KV1'),
('1755', 'Hoà Trạch', '19', 'Xã', 'KV1'),
('1756', 'Phú Trạch', '19', 'Xã', 'KV1'),
('1757', 'Thượng Trạch', '19', 'Xã', 'KV1'),
('1758', 'Phong Nha', '19', 'Xã', 'KV1'),
('1759', 'Bắc Trạch', '19', 'Xã', 'KV1'),
('1760', 'Đông Trạch', '19', 'Xã', 'KV1'),
('1761', 'Hoàn Lão', '19', 'Xã', 'KV1'),
('1762', 'Bố Trạch', '19', 'Xã', 'KV1'),
('1763', 'Nam Trạch', '19', 'Xã', 'KV1'),
('1764', 'Quảng Ninh', '19', 'Xã', 'KV1'),
('1765', 'Ninh Châu', '19', 'Xã', 'KV1'),
('1766', 'Trường Ninh', '19', 'Xã', 'KV1'),
('1767', 'Trường Sơn', '19', 'Xã', 'KV1'),
('1768', 'Lệ Thủy', '19', 'Xã', 'KV1'),
('1769', 'Cam Hồng', '19', 'Xã', 'KV1'),
('1770', 'Sen Ngư', '19', 'Xã', 'KV1'),
('1771', 'Tân Mỹ', '19', 'Xã', 'KV1'),
('1772', 'Trường Phú', '19', 'Xã', 'KV1'),
('1773', 'Lệ Ninh', '19', 'Xã', 'KV1'),
('1774', 'Kim Ngân', '19', 'Xã', 'KV1'),
('1775', 'Đông Hà', '19', 'Phường', 'KV1'),
('1776', 'Nam Đông Hà', '19', 'Phường', 'KV1'),
('1777', 'Quảng Trị', '19', 'Phường', 'KV1'),
('1778', 'Vĩnh Linh', '19', 'Xã', 'KV1'),
('1779', 'Cửa Tùng', '19', 'Xã', 'KV1'),
('1780', 'Vĩnh Hoàng', '19', 'Xã', 'KV1'),
('1781', 'Vĩnh Thủy', '19', 'Xã', 'KV1'),
('1782', 'Bến Quan', '19', 'Xã', 'KV1'),
('1783', 'Cồn Tiên', '19', 'Xã', 'KV1'),
('1784', 'Cửa Việt', '19', 'Xã', 'KV1'),
('1785', 'Gio Linh', '19', 'Xã', 'KV1'),
('1786', 'Bến Hải', '19', 'Xã', 'KV1'),
('1787', 'Hướng Lập', '19', 'Xã', 'KV1'),
('1788', 'Hướng Phùng', '19', 'Xã', 'KV1'),
('1789', 'Khe Sanh', '19', 'Xã', 'KV1'),
('1790', 'Tân Lập', '19', 'Xã', 'KV1'),
('1791', 'Lao Bảo', '19', 'Xã', 'KV1'),
('1792', 'Lìa', '19', 'Xã', 'KV1'),
('1793', 'A Dơi', '19', 'Xã', 'KV1'),
('1794', 'La Lay', '19', 'Xã', 'KV1'),
('1795', 'Tà Rụt', '19', 'Xã', 'KV1'),
('1796', 'Đakrông', '19', 'Xã', 'KV1'),
('1797', 'Ba Lòng', '19', 'Xã', 'KV1'),
('1798', 'Hướng Hiệp', '19', 'Xã', 'KV1'),
('1799', 'Cam Lộ', '19', 'Xã', 'KV1'),
('1800', 'Hiếu Giang', '19', 'Xã', 'KV1'),
('1801', 'Triệu Phong', '19', 'Xã', 'KV1'),
('1802', 'Ái Tử', '19', 'Xã', 'KV1'),
('1803', 'Triệu Bình', '19', 'Xã', 'KV1'),
('1804', 'Triệu Cơ', '19', 'Xã', 'KV1'),
('1805', 'Nam Cửa Việt', '19', 'Xã', 'KV1'),
('1806', 'Diên Sanh', '19', 'Xã', 'KV1'),
('1807', 'Mỹ Thủy', '19', 'Xã', 'KV1'),
('1808', 'Hải Lăng', '19', 'Xã', 'KV1'),
('1809', 'Vĩnh Định', '19', 'Xã', 'KV1'),
('1810', 'Nam Hải Lăng', '19', 'Xã', 'KV1'),
('1811', 'khu Cồn Cỏ', '19', 'Xã', 'KV1'),
('1812', 'Thuận An', '20', 'Phường', 'KV1'),
('1813', 'Hóa Châu', '20', 'Phường', 'KV1'),
('1814', 'Mỹ Thượng', '20', 'Phường', 'KV1'),
('1815', 'Vỹ Dạ', '20', 'Phường', 'KV1'),
('1816', 'Thuận Hóa', '20', 'Phường', 'KV1'),
('1817', 'An Cựu', '20', 'Phường', 'KV1'),
('1818', 'Thủy Xuân', '20', 'Phường', 'KV1'),
('1819', 'Kim Long', '20', 'Phường', 'KV1'),
('1820', 'Hương An', '20', 'Phường', 'KV1'),
('1821', 'Phú Xuân', '20', 'Phường', 'KV1'),
('1822', 'Hương Trà', '20', 'Phường', 'KV1'),
('1823', 'Kim Trà', '20', 'Phường', 'KV1'),
('1824', 'Thanh Thủy', '20', 'Phường', 'KV1'),
('1825', 'Hương Thủy', '20', 'Phường', 'KV1'),
('1826', 'Phú Bài', '20', 'Phường', 'KV1'),
('1827', 'Phong Điền', '20', 'Phường', 'KV1'),
('1828', 'Phong Thái', '20', 'Phường', 'KV1'),
('1829', 'Phong Dinh', '20', 'Phường', 'KV1'),
('1830', 'Phong Phú', '20', 'Phường', 'KV1'),
('1831', 'Phong Quảng', '20', 'Phường', 'KV1'),
('1832', 'Đan Điền', '20', 'Xã', 'KV1'),
('1833', 'Quảng Điền', '20', 'Xã', 'KV1'),
('1834', 'Phú Vinh', '20', 'Xã', 'KV1'),
('1835', 'Phú Hồ', '20', 'Xã', 'KV1'),
('1836', 'Phú Vang', '20', 'Xã', 'KV1'),
('1837', 'Vinh Lộc', '20', 'Xã', 'KV1'),
('1838', 'Hưng Lộc', '20', 'Xã', 'KV1'),
('1839', 'Lộc An', '20', 'Xã', 'KV1'),
('1840', 'Phú Lộc', '20', 'Xã', 'KV1'),
('1841', 'Chân Mây – Lăng Cô', '20', 'Xã', 'KV1'),
('1842', 'Long Quảng', '20', 'Xã', 'KV1'),
('1843', 'Nam Đông', '20', 'Xã', 'KV1'),
('1844', 'Khe Tre', '20', 'Xã', 'KV1'),
('1845', 'Bình Điền', '20', 'Xã', 'KV1'),
('1846', 'A Lưới 1', '20', 'Xã', 'KV1'),
('1847', 'A Lưới 2', '20', 'Xã', 'KV1'),
('1848', 'A Lưới 3', '20', 'Xã', 'KV1'),
('1849', 'A Lưới 4', '20', 'Xã', 'KV1'),
('1850', 'A Lưới 5', '20', 'Xã', 'KV1'),
('1851', 'Dương Nỗ', '20', 'Phường', 'KV1'),
('1852', 'Hải Châu', '21', 'Phường', 'KV1'),
('1853', 'Hoà Cường', '21', 'Phường', 'KV1'),
('1854', 'Thanh Khê', '21', 'Phường', 'KV1'),
('1855', 'An Khê', '21', 'Phường', 'KV1'),
('1856', 'An Hải', '21', 'Phường', 'KV1'),
('1857', 'Sơn Trà', '21', 'Phường', 'KV1'),
('1858', 'Ngũ Hành Sơn', '21', 'Phường', 'KV1'),
('1859', 'Hoà Khánh', '21', 'Phường', 'KV1'),
('1860', 'Hải Vân', '21', 'Phường', 'KV1'),
('1861', 'Liên Chiểu', '21', 'Phường', 'KV1'),
('1862', 'Cẩm Lệ', '21', 'Phường', 'KV1'),
('1863', 'Hoà Xuân', '21', 'Phường', 'KV1'),
('1864', 'Hoà Vang', '21', 'Xã', 'KV1'),
('1865', 'Hoà Tiến', '21', 'Xã', 'KV1'),
('1866', 'Bà Nà', '21', 'Xã', 'KV1'),
('1867', 'khu Hoàng Sa', '21', 'Xã', 'KV1'),
('1868', 'Núi Thành', '21', 'Xã', 'KV1'),
('1869', 'Tam Mỹ', '21', 'Xã', 'KV1'),
('1870', 'Tam Anh', '21', 'Xã', 'KV1'),
('1871', 'Đức Phú', '21', 'Xã', 'KV1'),
('1872', 'Tam Xuân', '21', 'Xã', 'KV1'),
('1873', 'Tam Hải', '21', 'Xã', 'KV1'),
('1874', 'Tam Kỳ', '21', 'Phường', 'KV1'),
('1875', 'Quảng Phú', '21', 'Phường', 'KV1'),
('1876', 'Hương Trà', '21', 'Phường', 'KV1'),
('1877', 'Bàn Thạch', '21', 'Phường', 'KV1'),
('1878', 'Tây Hồ', '21', 'Xã', 'KV1'),
('1879', 'Chiên Đàn', '21', 'Xã', 'KV1'),
('1880', 'Phú Ninh', '21', 'Xã', 'KV1'),
('1881', 'Lãnh Ngọc', '21', 'Xã', 'KV1'),
('1882', 'Tiên Phước', '21', 'Xã', 'KV1'),
('1883', 'Thạnh Bình', '21', 'Xã', 'KV1'),
('1884', 'Sơn Cẩm Hà', '21', 'Xã', 'KV1'),
('1885', 'Trà Liên', '21', 'Xã', 'KV1'),
('1886', 'Trà Giáp', '21', 'Xã', 'KV1'),
('1887', 'Trà Tân', '21', 'Xã', 'KV1'),
('1888', 'Trà Đốc', '21', 'Xã', 'KV1'),
('1889', 'Trà My', '21', 'Xã', 'KV1'),
('1890', 'Nam Trà My', '21', 'Xã', 'KV1'),
('1891', 'Trà Tập', '21', 'Xã', 'KV1'),
('1892', 'Trà Vân', '21', 'Xã', 'KV1'),
('1893', 'Trà Linh', '21', 'Xã', 'KV1'),
('1894', 'Trà Leng', '21', 'Xã', 'KV1'),
('1895', 'Thăng Bình', '21', 'Xã', 'KV1'),
('1896', 'Thăng An', '21', 'Xã', 'KV1'),
('1897', 'Thăng Trường', '21', 'Xã', 'KV1'),
('1898', 'Thăng Điền', '21', 'Xã', 'KV1'),
('1899', 'Thăng Phú', '21', 'Xã', 'KV1'),
('1900', 'Đồng Dương', '21', 'Xã', 'KV1'),
('1901', 'Quế Sơn Trung', '21', 'Xã', 'KV1'),
('1902', 'Quế Sơn', '21', 'Xã', 'KV1'),
('1903', 'Xuân Phú', '21', 'Xã', 'KV1'),
('1904', 'Nông Sơn', '21', 'Xã', 'KV1'),
('1905', 'Quế Phước', '21', 'Xã', 'KV1'),
('1906', 'Duy Nghĩa', '21', 'Xã', 'KV1'),
('1907', 'Nam Phước', '21', 'Xã', 'KV1'),
('1908', 'Duy Xuyên', '21', 'Xã', 'KV1'),
('1909', 'Thu Bồn', '21', 'Xã', 'KV1'),
('1910', 'Điện Bàn', '21', 'Phường', 'KV1'),
('1911', 'Điện Bàn Đông', '21', 'Phường', 'KV1'),
('1912', 'An Thắng', '21', 'Phường', 'KV1'),
('1913', 'Điện Bàn Bắc', '21', 'Phường', 'KV1'),
('1914', 'Điện Bàn Tây', '21', 'Xã', 'KV1'),
('1915', 'Gò Nổi', '21', 'Xã', 'KV1'),
('1916', 'Hội An', '21', 'Phường', 'KV1'),
('1917', 'Hội An Đông', '21', 'Phường', 'KV1'),
('1918', 'Hội An Tây', '21', 'Phường', 'KV1'),
('1919', 'Tân Hiệp', '21', 'Xã', 'KV1'),
('1920', 'Đại Lộc', '21', 'Xã', 'KV1'),
('1921', 'Hà Nha', '21', 'Xã', 'KV1'),
('1922', 'Thượng Đức', '21', 'Xã', 'KV1'),
('1923', 'Vu Gia', '21', 'Xã', 'KV1'),
('1924', 'Phú Thuận', '21', 'Xã', 'KV1'),
('1925', 'Thạnh Mỹ', '21', 'Xã', 'KV1'),
('1926', 'Bến Giằng', '21', 'Xã', 'KV1'),
('1927', 'Nam Giang', '21', 'Xã', 'KV1'),
('1928', 'Đắc Pring', '21', 'Xã', 'KV1'),
('1929', 'La Dêê', '21', 'Xã', 'KV1'),
('1930', 'La Êê', '21', 'Xã', 'KV1'),
('1931', 'Sông Vàng', '21', 'Xã', 'KV1'),
('1932', 'Sông Kôn', '21', 'Xã', 'KV1'),
('1933', 'Đông Giang', '21', 'Xã', 'KV1'),
('1934', 'Bến Hiên', '21', 'Xã', 'KV1'),
('1935', 'Avương', '21', 'Xã', 'KV1'),
('1936', 'Tây Giang', '21', 'Xã', 'KV1'),
('1937', 'Hùng Sơn', '21', 'Xã', 'KV1'),
('1938', 'Hiệp Đức', '21', 'Xã', 'KV1'),
('1939', 'Việt An', '21', 'Xã', 'KV1'),
('1940', 'Phước Trà', '21', 'Xã', 'KV1'),
('1941', 'Khâm Đức', '21', 'Xã', 'KV1'),
('1942', 'Phước Năng', '21', 'Xã', 'KV1'),
('1943', 'Phước Chánh', '21', 'Xã', 'KV1'),
('1944', 'Phước Thành', '21', 'Xã', 'KV1'),
('1945', 'Phước Hiệp', '21', 'Xã', 'KV1'),
('1946', 'Tịnh Khê', '22', 'Xã', 'KV1'),
('1947', 'Trương Quang Trọng', '22', 'Phường', 'KV1'),
('1948', 'An Phú', '22', 'Xã', 'KV1'),
('1949', 'Cẩm Thành', '22', 'Phường', 'KV1'),
('1950', 'Nghĩa Lộ', '22', 'Phường', 'KV1'),
('1951', 'Trà Câu', '22', 'Phường', 'KV1'),
('1952', 'Nguyễn Nghiêm', '22', 'Xã', 'KV1'),
('1953', 'Đức Phổ', '22', 'Phường', 'KV1'),
('1954', 'Khánh Cường', '22', 'Xã', 'KV1'),
('1955', 'Sa Huỳnh', '22', 'Phường', 'KV1'),
('1956', 'Bình Minh', '22', 'Xã', 'KV1'),
('1957', 'Bình Chương', '22', 'Xã', 'KV1'),
('1958', 'Bình Sơn', '22', 'Xã', 'KV1'),
('1959', 'Vạn Tường', '22', 'Xã', 'KV1'),
('1960', 'Đông Sơn', '22', 'Xã', 'KV1'),
('1961', 'Trường Giang', '22', 'Xã', 'KV1'),
('1962', 'Ba Gia', '22', 'Xã', 'KV1'),
('1963', 'Sơn Tịnh', '22', 'Xã', 'KV1'),
('1964', 'Thọ Phong', '22', 'Xã', 'KV1'),
('1965', 'Tư Nghĩa', '22', 'Xã', 'KV1'),
('1966', 'Vệ Giang', '22', 'Xã', 'KV1'),
('1967', 'Nghĩa Giang', '22', 'Xã', 'KV1'),
('1968', 'Trà Giang', '22', 'Xã', 'KV1'),
('1969', 'Nghĩa Hành', '22', 'Xã', 'KV1'),
('1970', 'Đình Cương', '22', 'Xã', 'KV1'),
('1971', 'Thiện Tín', '22', 'Xã', 'KV1'),
('1972', 'Phước Giang', '22', 'Xã', 'KV1'),
('1973', 'Long Phụng', '22', 'Xã', 'KV1'),
('1974', 'Mỏ Cày', '22', 'Xã', 'KV1'),
('1975', 'Mộ Đức', '22', 'Xã', 'KV1'),
('1976', 'Lân Phong', '22', 'Xã', 'KV1'),
('1977', 'Trà Bồng', '22', 'Xã', 'KV1'),
('1978', 'Đông Trà Bồng', '22', 'Xã', 'KV1'),
('1979', 'Tây Trà', '22', 'Xã', 'KV1'),
('1980', 'Thanh Bồng', '22', 'Xã', 'KV1'),
('1981', 'Cà Đam', '22', 'Xã', 'KV1'),
('1982', 'Tây Trà Bồng', '22', 'Xã', 'KV1'),
('1983', 'Sơn Hạ', '22', 'Xã', 'KV1'),
('1984', 'Sơn Linh', '22', 'Xã', 'KV1'),
('1985', 'Sơn Hà', '22', 'Xã', 'KV1'),
('1986', 'Sơn Thủy', '22', 'Xã', 'KV1'),
('1987', 'Sơn Kỳ', '22', 'Xã', 'KV1'),
('1988', 'Sơn Tây', '22', 'Xã', 'KV1'),
('1989', 'Sơn Tây Thượng', '22', 'Xã', 'KV1'),
('1990', 'Sơn Tây Hạ', '22', 'Xã', 'KV1'),
('1991', 'Minh Long', '22', 'Xã', 'KV1'),
('1992', 'Sơn Mai', '22', 'Xã', 'KV1'),
('1993', 'Ba Vì', '22', 'Xã', 'KV1'),
('1994', 'Ba Tô', '22', 'Xã', 'KV1'),
('1995', 'Ba Dinh', '22', 'Xã', 'KV1'),
('1996', 'Ba Tơ', '22', 'Xã', 'KV1'),
('1997', 'Ba Vinh', '22', 'Xã', 'KV1'),
('1998', 'Ba Động', '22', 'Xã', 'KV1'),
('1999', 'Đặng Thùy Trâm', '22', 'Xã', 'KV1'),
('2000', 'Ba Xa', '22', 'Xã', 'KV1'),
('2001', 'khu Lý Sơn', '22', 'Xã', 'KV1'),
('2002', 'Kon Tum', '22', 'Phường', 'KV1'),
('2003', 'Đăk Cấm', '22', 'Phường', 'KV1'),
('2004', 'Đăk BLa', '22', 'Phường', 'KV1'),
('2005', 'Ngọk Bay', '22', 'Xã', 'KV1'),
('2006', 'Ia Chim', '22', 'Xã', 'KV1'),
('2007', 'Đăk Rơ Wa', '22', 'Xã', 'KV1'),
('2008', 'Đăk Pxi', '22', 'Xã', 'KV1'),
('2009', 'Đăk Mar', '22', 'Xã', 'KV1'),
('2010', 'Đăk Ui', '22', 'Xã', 'KV1'),
('2011', 'Ngọk Réo', '22', 'Xã', 'KV1'),
('2012', 'Đăk Hà', '22', 'Xã', 'KV1'),
('2013', 'Ngọk Tụ', '22', 'Xã', 'KV1'),
('2014', 'Đăk Tô', '22', 'Xã', 'KV1'),
('2015', 'Kon Đào', '22', 'Xã', 'KV1'),
('2016', 'Đăk Sao', '22', 'Xã', 'KV1'),
('2017', 'Đăk Tờ Kan', '22', 'Xã', 'KV1'),
('2018', 'Tu Mơ Rông', '22', 'Xã', 'KV1'),
('2019', 'Măng Ri', '22', 'Xã', 'KV1'),
('2020', 'Bờ Y', '22', 'Xã', 'KV1'),
('2021', 'Sa Loong', '22', 'Xã', 'KV1'),
('2022', 'Dục Nông', '22', 'Xã', 'KV1'),
('2023', 'Xốp', '22', 'Xã', 'KV1'),
('2024', 'Ngọc Linh', '22', 'Xã', 'KV1'),
('2025', 'Đăk Plô', '22', 'Xã', 'KV1'),
('2026', 'Đăk Pék', '22', 'Xã', 'KV1'),
('2027', 'Đăk Môn', '22', 'Xã', 'KV1'),
('2028', 'Sa Thầy', '22', 'Xã', 'KV1'),
('2029', 'Sa Bình', '22', 'Xã', 'KV1'),
('2030', 'Ya Ly', '22', 'Xã', 'KV1'),
('2031', 'Ia Tơi', '22', 'Xã', 'KV1'),
('2032', 'Đăk Kôi', '22', 'Xã', 'KV1'),
('2033', 'Kon Braih', '22', 'Xã', 'KV1'),
('2034', 'Đăk Rve', '22', 'Xã', 'KV1'),
('2035', 'Măng Đen', '22', 'Xã', 'KV1'),
('2036', 'Măng Bút', '22', 'Xã', 'KV1'),
('2037', 'Kon Plông', '22', 'Xã', 'KV1'),
('2038', 'Đăk Long', '22', 'Xã', 'KV1'),
('2039', 'Rờ Kơi', '22', 'Xã', 'KV1'),
('2040', 'Mô Rai', '22', 'Xã', 'KV1'),
('2041', 'Ia Đal', '22', 'Xã', 'KV1'),
('2042', 'Nha Trang', '23', 'Phường', 'KV1'),
('2043', 'Bắc Nha Trang', '23', 'Phường', 'KV1'),
('2044', 'Tây Nha Trang', '23', 'Phường', 'KV1'),
('2045', 'Nam Nha Trang', '23', 'Phường', 'KV1'),
('2046', 'Bắc Cam Ranh', '23', 'Phường', 'KV1'),
('2047', 'Cam Ranh', '23', 'Phường', 'KV1'),
('2048', 'Cam Linh', '23', 'Phường', 'KV1'),
('2049', 'Ba Ngòi', '23', 'Phường', 'KV1'),
('2050', 'Nam Cam Ranh', '23', 'Xã', 'KV1'),
('2051', 'Bắc Ninh Hoà', '23', 'Xã', 'KV1'),
('2052', 'Ninh Hoà', '23', 'Phường', 'KV1'),
('2053', 'Tân Định', '23', 'Xã', 'KV1'),
('2054', 'Đông Ninh Hoà', '23', 'Phường', 'KV1'),
('2055', 'Hoà Thắng', '23', 'Phường', 'KV1'),
('2056', 'Nam Ninh Hoà', '23', 'Xã', 'KV1'),
('2057', 'Tây Ninh Hoà', '23', 'Xã', 'KV1'),
('2058', 'Hoà Trí', '23', 'Xã', 'KV1'),
('2059', 'Đại Lãnh', '23', 'Xã', 'KV1'),
('2060', 'Tu Bông', '23', 'Xã', 'KV1'),
('2061', 'Vạn Thắng', '23', 'Xã', 'KV1'),
('2062', 'Vạn Ninh', '23', 'Xã', 'KV1'),
('2063', 'Vạn Hưng', '23', 'Xã', 'KV1'),
('2064', 'Diên Khánh', '23', 'Xã', 'KV1'),
('2065', 'Diên Lạc', '23', 'Xã', 'KV1'),
('2066', 'Diên Điền', '23', 'Xã', 'KV1'),
('2067', 'Diên Lâm', '23', 'Xã', 'KV1'),
('2068', 'Diên Thọ', '23', 'Xã', 'KV1'),
('2069', 'Suối Hiệp', '23', 'Xã', 'KV1'),
('2070', 'Cam Lâm', '23', 'Xã', 'KV1'),
('2071', 'Suối Dầu', '23', 'Xã', 'KV1'),
('2072', 'Cam Hiệp', '23', 'Xã', 'KV1'),
('2073', 'Cam An', '23', 'Xã', 'KV1'),
('2074', 'Bắc Khánh Vĩnh', '23', 'Xã', 'KV1'),
('2075', 'Trung Khánh Vĩnh', '23', 'Xã', 'KV1'),
('2076', 'Tây Khánh Vĩnh', '23', 'Xã', 'KV1'),
('2077', 'Nam Khánh Vĩnh', '23', 'Xã', 'KV1'),
('2078', 'Khánh Vĩnh', '23', 'Xã', 'KV1'),
('2079', 'Khánh Sơn', '23', 'Xã', 'KV1'),
('2080', 'Tây Khánh Sơn', '23', 'Xã', 'KV1'),
('2081', 'Đông Khánh Sơn', '23', 'Xã', 'KV1'),
('2082', 'khu Trường Sa', '23', 'Xã', 'KV1'),
('2083', 'Phan Rang', '23', 'Phường', 'KV1'),
('2084', 'Đông Hải', '23', 'Phường', 'KV1'),
('2085', 'Ninh Chử', '23', 'Phường', 'KV1'),
('2086', 'Bảo An', '23', 'Phường', 'KV1'),
('2087', 'Đô Vinh', '23', 'Phường', 'KV1'),
('2088', 'Ninh Phước', '23', 'Xã', 'KV1'),
('2089', 'Phước Hữu', '23', 'Xã', 'KV1'),
('2090', 'Phước Hậu', '23', 'Xã', 'KV1'),
('2091', 'Thuận Nam', '23', 'Xã', 'KV1'),
('2092', 'Cà Ná', '23', 'Xã', 'KV1'),
('2093', 'Phước Hà', '23', 'Xã', 'KV1'),
('2094', 'Phước Dinh', '23', 'Xã', 'KV1'),
('2095', 'Ninh Hải', '23', 'Xã', 'KV1'),
('2096', 'Xuân Hải', '23', 'Xã', 'KV1'),
('2097', 'Vĩnh Hải', '23', 'Xã', 'KV1'),
('2098', 'Thuận Bắc', '23', 'Xã', 'KV1'),
('2099', 'Công Hải', '23', 'Xã', 'KV1'),
('2100', 'Ninh Sơn', '23', 'Xã', 'KV1'),
('2101', 'Lâm Sơn', '23', 'Xã', 'KV1'),
('2102', 'Anh Dũng', '23', 'Xã', 'KV1'),
('2103', 'Mỹ Sơn', '23', 'Xã', 'KV1'),
('2104', 'Bác Ái Đông', '23', 'Xã', 'KV1'),
('2105', 'Bác Ái', '23', 'Xã', 'KV1'),
('2106', 'Bác Ái Tây', '23', 'Xã', 'KV1'),
('2107', 'Quy Nhơn', '24', 'Phường', 'KV3'),
('2108', 'Quy Nhơn Đông', '24', 'Phường', 'KV3'),
('2109', 'Quy Nhơn Tây', '24', 'Phường', 'KV3'),
('2110', 'Quy Nhơn Nam', '24', 'Phường', 'KV3'),
('2111', 'Quy Nhơn Bắc', '24', 'Phường', 'KV3'),
('2112', 'Bình Định', '24', 'Phường', 'KV3'),
('2113', 'An Nhơn', '24', 'Phường', 'KV3'),
('2114', 'An Nhơn Đông', '24', 'Phường', 'KV3'),
('2115', 'An Nhơn Nam', '24', 'Phường', 'KV3'),
('2116', 'An Nhơn Bắc', '24', 'Phường', 'KV3'),
('2117', 'An Nhơn Tây', '24', 'Xã', 'KV3'),
('2118', 'Bồng Sơn', '24', 'Phường', 'KV3'),
('2119', 'Hoài Nhơn', '24', 'Phường', 'KV3'),
('2120', 'Tam Quan', '24', 'Phường', 'KV3'),
('2121', 'Hoài Nhơn Đông', '24', 'Phường', 'KV3'),
('2122', 'Hoài Nhơn Tây', '24', 'Phường', 'KV3'),
('2123', 'Hoài Nhơn Nam', '24', 'Phường', 'KV3'),
('2124', 'Hoài Nhơn Bắc', '24', 'Phường', 'KV3'),
('2125', 'Phù Cát', '24', 'Xã', 'KV3'),
('2126', 'Xuân An', '24', 'Xã', 'KV3'),
('2127', 'Ngô Mây', '24', 'Xã', 'KV3'),
('2128', 'Cát Tiến', '24', 'Xã', 'KV3'),
('2129', 'Đề Gi', '24', 'Xã', 'KV3'),
('2130', 'Hoà Hội', '24', 'Xã', 'KV3'),
('2131', 'Hội Sơn', '24', 'Xã', 'KV3'),
('2132', 'Phù Mỹ', '24', 'Xã', 'KV3'),
('2133', 'An Lương', '24', 'Xã', 'KV3'),
('2134', 'Bình Dương', '24', 'Xã', 'KV3'),
('2135', 'Phù Mỹ Đông', '24', 'Xã', 'KV3'),
('2136', 'Phù Mỹ Tây', '24', 'Xã', 'KV3'),
('2137', 'Phù Mỹ Nam', '24', 'Xã', 'KV3'),
('2138', 'Phù Mỹ Bắc', '24', 'Xã', 'KV3'),
('2139', 'Tuy Phước', '24', 'Xã', 'KV3'),
('2140', 'Tuy Phước Đông', '24', 'Xã', 'KV3'),
('2141', 'Tuy Phước Tây', '24', 'Xã', 'KV3'),
('2142', 'Tuy Phước Bắc', '24', 'Xã', 'KV3'),
('2143', 'Tây Sơn', '24', 'Xã', 'KV3'),
('2144', 'Bình Khê', '24', 'Xã', 'KV3'),
('2145', 'Bình Phú', '24', 'Xã', 'KV3'),
('2146', 'Bình Hiệp', '24', 'Xã', 'KV3'),
('2147', 'Bình An', '24', 'Xã', 'KV3'),
('2148', 'Hoài Ân', '24', 'Xã', 'KV3'),
('2149', 'Ân Tường', '24', 'Xã', 'KV3'),
('2150', 'Kim Sơn', '24', 'Xã', 'KV3'),
('2151', 'Vạn Đức', '24', 'Xã', 'KV3'),
('2152', 'Ân Hảo', '24', 'Xã', 'KV3'),
('2153', 'Vân Canh', '24', 'Xã', 'KV3'),
('2154', 'Canh Vinh', '24', 'Xã', 'KV3'),
('2155', 'Canh Liên', '24', 'Xã', 'KV3'),
('2156', 'Vĩnh Thạnh', '24', 'Xã', 'KV3'),
('2157', 'Vĩnh Thịnh', '24', 'Xã', 'KV3'),
('2158', 'Vĩnh Quang', '24', 'Xã', 'KV3'),
('2159', 'Vĩnh Sơn', '24', 'Xã', 'KV3'),
('2160', 'An Hoà', '24', 'Xã', 'KV3'),
('2161', 'An Lão', '24', 'Xã', 'KV3'),
('2162', 'An Vinh', '24', 'Xã', 'KV3'),
('2163', 'An Toàn', '24', 'Xã', 'KV3'),
('2164', 'Pleiku', '24', 'Phường', 'KV3'),
('2165', 'Hội Phú', '24', 'Phường', 'KV3'),
('2166', 'Thống Nhất', '24', 'Phường', 'KV3'),
('2167', 'Diên Hồng', '24', 'Phường', 'KV3'),
('2168', 'An Phú', '24', 'Phường', 'KV3'),
('2169', 'Biển Hồ', '24', 'Xã', 'KV3'),
('2170', 'Gào', '24', 'Xã', 'KV3'),
('2171', 'Ia Ly', '24', 'Xã', 'KV3'),
('2172', 'Chư Păh', '24', 'Xã', 'KV3'),
('2173', 'Ia Khươl', '24', 'Xã', 'KV3'),
('2174', 'Ia Phí', '24', 'Xã', 'KV3'),
('2175', 'Chư Prông', '24', 'Xã', 'KV3'),
('2176', 'Bàu Cạn', '24', 'Xã', 'KV3'),
('2177', 'Ia Boòng', '24', 'Xã', 'KV3'),
('2178', 'Ia Lâu', '24', 'Xã', 'KV3'),
('2179', 'Ia Pia', '24', 'Xã', 'KV3'),
('2180', 'Ia Tôr', '24', 'Xã', 'KV3'),
('2181', 'Chư Sê', '24', 'Xã', 'KV3'),
('2182', 'Bờ Ngoong', '24', 'Xã', 'KV3'),
('2183', 'Ia Ko', '24', 'Xã', 'KV3'),
('2184', 'Albá', '24', 'Xã', 'KV3'),
('2185', 'Chư Pưh', '24', 'Xã', 'KV3'),
('2186', 'Ia Le', '24', 'Xã', 'KV3'),
('2187', 'Ia Hrú', '24', 'Xã', 'KV3'),
('2188', 'An Khê', '24', 'Phường', 'KV3'),
('2189', 'An Bình', '24', 'Phường', 'KV3'),
('2190', 'Cửu An', '24', 'Xã', 'KV3'),
('2191', 'Đak Pơ', '24', 'Xã', 'KV3'),
('2192', 'Ya Hội', '24', 'Xã', 'KV3'),
('2193', 'Kbang', '24', 'Xã', 'KV3'),
('2194', 'Kông Bơ La', '24', 'Xã', 'KV3'),
('2195', 'Tơ Tung', '24', 'Xã', 'KV3'),
('2196', 'Sơn Lang', '24', 'Xã', 'KV3'),
('2197', 'Đak Rong', '24', 'Xã', 'KV3'),
('2198', 'Kông Chro', '24', 'Xã', 'KV3'),
('2199', 'Ya Ma', '24', 'Xã', 'KV3'),
('2200', 'Chư Krey', '24', 'Xã', 'KV3'),
('2201', 'SRó', '24', 'Xã', 'KV3'),
('2202', 'Đăk Song', '24', 'Xã', 'KV3'),
('2203', 'Chơ Long', '24', 'Xã', 'KV3'),
('2204', 'Ayun Pa', '24', 'Phường', 'KV3'),
('2205', 'Ia Rbol', '24', 'Xã', 'KV3'),
('2206', 'Ia Sao', '24', 'Xã', 'KV3'),
('2207', 'Phú Thiện', '24', 'Xã', 'KV3'),
('2208', 'Chư A Thai', '24', 'Xã', 'KV3'),
('2209', 'Ia Hiao', '24', 'Xã', 'KV3'),
('2210', 'Pờ Tó', '24', 'Xã', 'KV3'),
('2211', 'Ia Pa', '24', 'Xã', 'KV3'),
('2212', 'Ia Tul', '24', 'Xã', 'KV3'),
('2213', 'Phú Túc', '24', 'Xã', 'KV3'),
('2214', 'Ia Dreh', '24', 'Xã', 'KV3'),
('2215', 'Ia Rsai', '24', 'Xã', 'KV3'),
('2216', 'Uar', '24', 'Xã', 'KV3'),
('2217', 'Đak Đoa', '24', 'Xã', 'KV3'),
('2218', 'Kon Gang', '24', 'Xã', 'KV3'),
('2219', 'Ia Băng', '24', 'Xã', 'KV3'),
('2220', 'KDang', '24', 'Xã', 'KV3'),
('2221', 'Đak Sơmei', '24', 'Xã', 'KV3'),
('2222', 'Mang Yang', '24', 'Xã', 'KV3'),
('2223', 'Lơ Pang', '24', 'Xã', 'KV3'),
('2224', 'Kon Chiêng', '24', 'Xã', 'KV3'),
('2225', 'Hra', '24', 'Xã', 'KV3'),
('2226', 'Ayun', '24', 'Xã', 'KV3'),
('2227', 'Ia Grai', '24', 'Xã', 'KV3'),
('2228', 'Ia Krái', '24', 'Xã', 'KV3'),
('2229', 'Ia Hrung', '24', 'Xã', 'KV3'),
('2230', 'Đức Cơ', '24', 'Xã', 'KV3'),
('2231', 'Ia Dơk', '24', 'Xã', 'KV3'),
('2232', 'Ia Krêl', '24', 'Xã', 'KV3'),
('2233', 'Nhơn Châu', '24', 'Xã', 'KV3'),
('2234', 'Ia Púch', '24', 'Xã', 'KV3'),
('2235', 'Ia Mơ', '24', 'Xã', 'KV3'),
('2236', 'Ia Pnôn', '24', 'Xã', 'KV3'),
('2237', 'Ia Nan', '24', 'Xã', 'KV3'),
('2238', 'Ia Dom', '24', 'Xã', 'KV3'),
('2239', 'Ia Chia', '24', 'Xã', 'KV3'),
('2240', 'Ia O', '24', 'Xã', 'KV3'),
('2241', 'Krong', '24', 'Xã', 'KV3'),
('2242', 'Hoà Phú', '25', 'Xã', 'KV3'),
('2243', 'Buôn Ma Thuột', '25', 'Phường', 'KV3'),
('2244', 'Tân An', '25', 'Phường', 'KV3'),
('2245', 'Tân Lập', '25', 'Phường', 'KV3'),
('2246', 'Thành Nhất', '25', 'Phường', 'KV3'),
('2247', 'Ea Kao', '25', 'Phường', 'KV3'),
('2248', 'Ea Drông', '25', 'Xã', 'KV3'),
('2249', 'Buôn Hồ', '25', 'Phường', 'KV3'),
('2250', 'Cư Bao', '25', 'Phường', 'KV3'),
('2251', 'Ea Súp', '25', 'Xã', 'KV3'),
('2252', 'Ea Rốk', '25', 'Xã', 'KV3'),
('2253', 'Ea Bung', '25', 'Xã', 'KV3'),
('2254', 'Ia Rvê', '25', 'Xã', 'KV3'),
('2255', 'Ia Lốp', '25', 'Xã', 'KV3'),
('2256', 'Ea Wer', '25', 'Xã', 'KV3'),
('2257', 'Ea Nuôl', '25', 'Xã', 'KV3'),
('2258', 'Buôn Đôn', '25', 'Xã', 'KV3'),
('2259', 'Ea Kiết', '25', 'Xã', 'KV3'),
('2260', 'Ea M’Droh', '25', 'Xã', 'KV3'),
('2261', 'Quảng Phú', '25', 'Xã', 'KV3'),
('2262', 'Cuôr Đăng', '25', 'Xã', 'KV3'),
('2263', 'Cư M’gar', '25', 'Xã', 'KV3'),
('2264', 'Ea Tul', '25', 'Xã', 'KV3'),
('2265', 'Pơng Drang', '25', 'Xã', 'KV3'),
('2266', 'Krông Búk', '25', 'Xã', 'KV3'),
('2267', 'Cư Pơng', '25', 'Xã', 'KV3'),
('2268', 'Ea Khăl', '25', 'Xã', 'KV3'),
('2269', 'Ea Drăng', '25', 'Xã', 'KV3'),
('2270', 'Ea Wy', '25', 'Xã', 'KV3'),
('2271', 'Ea H’leo', '25', 'Xã', 'KV3'),
('2272', 'Ea Hiao', '25', 'Xã', 'KV3'),
('2273', 'Krông Năng', '25', 'Xã', 'KV3'),
('2274', 'Dliê Ya', '25', 'Xã', 'KV3'),
('2275', 'Tam Giang', '25', 'Xã', 'KV3'),
('2276', 'Phú Xuân', '25', 'Xã', 'KV3'),
('2277', 'Krông Pắc', '25', 'Xã', 'KV3'),
('2278', 'Ea Knuếc', '25', 'Xã', 'KV3'),
('2279', 'Tân Tiến', '25', 'Xã', 'KV3'),
('2280', 'Ea Phê', '25', 'Xã', 'KV3'),
('2281', 'Ea Kly', '25', 'Xã', 'KV3'),
('2282', 'Vụ Bổn', '25', 'Xã', 'KV3'),
('2283', 'Ea Kar', '25', 'Xã', 'KV3'),
('2284', 'Ea Ô', '25', 'Xã', 'KV3'),
('2285', 'Ea Knốp', '25', 'Xã', 'KV3'),
('2286', 'Cư Yang', '25', 'Xã', 'KV3'),
('2287', 'Ea Păl', '25', 'Xã', 'KV3'),
('2288', 'M’Drắk', '25', 'Xã', 'KV3'),
('2289', 'Ea Riêng', '25', 'Xã', 'KV3'),
('2290', 'Cư M’ta', '25', 'Xã', 'KV3'),
('2291', 'Krông Á', '25', 'Xã', 'KV3'),
('2292', 'Cư Prao', '25', 'Xã', 'KV3'),
('2293', 'Ea Trang', '25', 'Xã', 'KV3'),
('2294', 'Hoà Sơn', '25', 'Xã', 'KV3'),
('2295', 'Dang Kang', '25', 'Xã', 'KV3'),
('2296', 'Krông Bông', '25', 'Xã', 'KV3'),
('2297', 'Yang Mao', '25', 'Xã', 'KV3'),
('2298', 'Cư Pui', '25', 'Xã', 'KV3'),
('2299', 'Liên Sơn Lắk', '25', 'Xã', 'KV3'),
('2300', 'Đắk Liêng', '25', 'Xã', 'KV3'),
('2301', 'Nam Ka', '25', 'Xã', 'KV3'),
('2302', 'Đắk Phơi', '25', 'Xã', 'KV3'),
('2303', 'Krông Nô', '25', 'Xã', 'KV3'),
('2304', 'Ea Ning', '25', 'Xã', 'KV3'),
('2305', 'Dray Bhăng', '25', 'Xã', 'KV3'),
('2306', 'Ea Ktur', '25', 'Xã', 'KV3'),
('2307', 'Krông Ana', '25', 'Xã', 'KV3'),
('2308', 'Dur Kmăl', '25', 'Xã', 'KV3'),
('2309', 'Ea Na', '25', 'Xã', 'KV3'),
('2310', 'Tuy Hòa', '25', 'Phường', 'KV3'),
('2311', 'Phú Yên', '25', 'Phường', 'KV3'),
('2312', 'Bình Kiến', '25', 'Phường', 'KV3'),
('2313', 'Xuân Thọ', '25', 'Xã', 'KV3'),
('2314', 'Xuân Cảnh', '25', 'Xã', 'KV3'),
('2315', 'Xuân Lộc', '25', 'Xã', 'KV3'),
('2316', 'Xuân Đài', '25', 'Phường', 'KV3'),
('2317', 'Sông Cầu', '25', 'Phường', 'KV3'),
('2318', 'Hòa Xuân', '25', 'Xã', 'KV3'),
('2319', 'Đông Hòa', '25', 'Phường', 'KV3'),
('2320', 'Hòa Hiệp', '25', 'Phường', 'KV3'),
('2321', 'Tuy An Bắc', '25', 'Xã', 'KV3'),
('2322', 'Tuy An Đông', '25', 'Xã', 'KV3'),
('2323', 'Ô Loan', '25', 'Xã', 'KV3'),
('2324', 'Tuy An Nam', '25', 'Xã', 'KV3'),
('2325', 'Tuy An Tây', '25', 'Xã', 'KV3'),
('2326', 'Phú Hòa 1', '25', 'Xã', 'KV3'),
('2327', 'Phú Hòa 2', '25', 'Xã', 'KV3'),
('2328', 'Tây Hòa', '25', 'Xã', 'KV3'),
('2329', 'Hòa Thịnh', '25', 'Xã', 'KV3'),
('2330', 'Hòa Mỹ', '25', 'Xã', 'KV3'),
('2331', 'Sơn Thành', '25', 'Xã', 'KV3'),
('2332', 'Sơn Hòa', '25', 'Xã', 'KV3'),
('2333', 'Vân Hòa', '25', 'Xã', 'KV3'),
('2334', 'Tây Sơn', '25', 'Xã', 'KV3'),
('2335', 'Suối Trai', '25', 'Xã', 'KV3'),
('2336', 'Ea Ly', '25', 'Xã', 'KV3'),
('2337', 'Ea Bá', '25', 'Xã', 'KV3'),
('2338', 'Đức Bình', '25', 'Xã', 'KV3'),
('2339', 'Sông Hinh', '25', 'Xã', 'KV3'),
('2340', 'Xuân Lãnh', '25', 'Xã', 'KV3'),
('2341', 'Phú Mỡ', '25', 'Xã', 'KV3'),
('2342', 'Xuân Phước', '25', 'Xã', 'KV3'),
('2343', 'Đồng Xuân', '25', 'Xã', 'KV3'),
('2344', 'Xuân Hương - Đà Lạt', '26', 'Phường', 'KV1'),
('2345', 'Cam Ly - Đà Lạt', '26', 'Phường', 'KV1'),
('2346', 'Lâm Viên - Đà Lạt', '26', 'Phường', 'KV1'),
('2347', 'Xuân Trường - Đà Lạt', '26', 'Phường', 'KV1'),
('2348', 'Langbiang - Đà Lạt', '26', 'Phường', 'KV1'),
('2349', '1 Bảo Lộc', '26', 'Phường', 'KV1'),
('2350', '2 Bảo Lộc', '26', 'Phường', 'KV1'),
('2351', '3 Bảo Lộc', '26', 'Phường', 'KV1'),
('2353', 'Lạc Dương', '26', 'Xã', 'KV1'),
('2354', 'Đơn Dương', '26', 'Xã', 'KV1'),
('2355', 'Ka Đô', '26', 'Xã', 'KV1'),
('2356', 'Quảng Lập', '26', 'Xã', 'KV1'),
('2358', 'Hiệp Thạnh', '26', 'Xã', 'KV1'),
('2359', 'Đức Trọng', '26', 'Xã', 'KV1'),
('2360', 'Tân Hội', '26', 'Xã', 'KV1'),
('2361', 'Tà Hine', '26', 'Xã', 'KV1'),
('2362', 'Tà Năng', '26', 'Xã', 'KV1'),
('2363', 'Đinh Văn - Lâm Hà', '26', 'Xã', 'KV1'),
('2364', 'Phú Sơn - Lâm Hà', '26', 'Xã', 'KV1'),
('2365', 'Nam Hà - Lâm Hà', '26', 'Xã', 'KV1'),
('2366', 'Nam Ban - Lâm Hà', '26', 'Xã', 'KV1'),
('2367', 'Tân Hà - Lâm Hà', '26', 'Xã', 'KV1'),
('2368', 'Phúc Thọ - Lâm Hà', '26', 'Xã', 'KV1'),
('2369', 'Đam Rông 1', '26', 'Xã', 'KV1'),
('2370', 'Đam Rông 2', '26', 'Xã', 'KV1'),
('2371', 'Đam Rông 3', '26', 'Xã', 'KV1'),
('2372', 'Đam Rông 4', '26', 'Xã', 'KV1'),
('2373', 'Di Linh', '26', 'Xã', 'KV1'),
('2374', 'Hoà Ninh', '26', 'Xã', 'KV1'),
('2375', 'Hoà Bắc', '26', 'Xã', 'KV1'),
('2376', 'Đinh Trang Thượng', '26', 'Xã', 'KV1'),
('2377', 'Bảo Thuận', '26', 'Xã', 'KV1'),
('2378', 'Sơn Điền', '26', 'Xã', 'KV1'),
('2379', 'Gia Hiệp', '26', 'Xã', 'KV1'),
('2380', 'Bảo Lâm 1', '26', 'Xã', 'KV1'),
('2381', 'Bảo Lâm 2', '26', 'Xã', 'KV1'),
('2382', 'Bảo Lâm 3', '26', 'Xã', 'KV1'),
('2383', 'Bảo Lâm 4', '26', 'Xã', 'KV1'),
('2384', 'Bảo Lâm 5', '26', 'Xã', 'KV1'),
('2385', 'Đạ Huoai', '26', 'Xã', 'KV1'),
('2386', 'Đạ Huoai 2', '26', 'Xã', 'KV1'),
('2387', 'Đạ Huoai 3', '26', 'Xã', 'KV1'),
('2388', 'Đạ Tẻh', '26', 'Xã', 'KV1'),
('2389', 'Đạ Tẻh 2', '26', 'Xã', 'KV1'),
('2390', 'Đạ Tẻh 3', '26', 'Xã', 'KV1'),
('2391', 'Cát Tiên', '26', 'Xã', 'KV1'),
('2392', 'Cát Tiên 2', '26', 'Xã', 'KV1'),
('2393', 'Cát Tiên 3', '26', 'Xã', 'KV1'),
('2394', 'Hàm Thắng', '26', 'Phường', 'KV1'),
('2395', 'Bình Thuận', '26', 'Phường', 'KV1'),
('2396', 'Mũi Né', '26', 'Phường', 'KV1'),
('2397', 'Phú Thuỷ', '26', 'Phường', 'KV1'),
('2398', 'Phan Thiết', '26', 'Phường', 'KV1'),
('2399', 'Tiến Thành', '26', 'Phường', 'KV1'),
('2400', 'La Gi', '26', 'Phường', 'KV1'),
('2401', 'Phước Hội', '26', 'Phường', 'KV1'),
('2402', 'Tuyên Quang', '26', 'Xã', 'KV1'),
('2403', 'Tân Hải', '26', 'Xã', 'KV1'),
('2404', 'Vĩnh Hảo', '26', 'Xã', 'KV1'),
('2405', 'Liên Hương', '26', 'Xã', 'KV1'),
('2406', 'Tuy Phong', '26', 'Xã', 'KV1'),
('2407', 'Phan Rí Cửa', '26', 'Xã', 'KV1'),
('2408', 'Bắc Bình', '26', 'Xã', 'KV1'),
('2409', 'Hồng Thái', '26', 'Xã', 'KV1'),
('2410', 'Hải Ninh', '26', 'Xã', 'KV1'),
('2411', 'Phan Sơn', '26', 'Xã', 'KV1'),
('2412', 'Sông Lũy', '26', 'Xã', 'KV1'),
('2413', 'Lương Sơn', '26', 'Xã', 'KV1'),
('2414', 'Hoà Thắng', '26', 'Xã', 'KV1'),
('2415', 'Đông Giang', '26', 'Xã', 'KV1'),
('2416', 'La Dạ', '26', 'Xã', 'KV1'),
('2417', 'Hàm Thuận Bắc', '26', 'Xã', 'KV1'),
('2418', 'Hàm Thuận', '26', 'Xã', 'KV1'),
('2419', 'Hồng Sơn', '26', 'Xã', 'KV1'),
('2420', 'Hàm Liêm', '26', 'Xã', 'KV1'),
('2421', 'Hàm Thạnh', '26', 'Xã', 'KV1'),
('2422', 'Hàm Kiệm', '26', 'Xã', 'KV1'),
('2423', 'Tân Thành', '26', 'Xã', 'KV1'),
('2424', 'Hàm Thuận Nam', '26', 'Xã', 'KV1'),
('2425', 'Tân Lập', '26', 'Xã', 'KV1'),
('2426', 'Tân Minh', '26', 'Xã', 'KV1'),
('2427', 'Hàm Tân', '26', 'Xã', 'KV1'),
('2428', 'Sơn Mỹ', '26', 'Xã', 'KV1'),
('2429', 'Bắc Ruộng', '26', 'Xã', 'KV1'),
('2430', 'Nghị Đức', '26', 'Xã', 'KV1'),
('2431', 'Đồng Kho', '26', 'Xã', 'KV1'),
('2432', 'Tánh Linh', '26', 'Xã', 'KV1'),
('2433', 'Suối Kiết', '26', 'Xã', 'KV1'),
('2434', 'Nam Thành', '26', 'Xã', 'KV1'),
('2435', 'Đức Linh', '26', 'Xã', 'KV1'),
('2436', 'Hoài Đức', '26', 'Xã', 'KV1'),
('2437', 'Trà Tân', '26', 'Xã', 'KV1'),
('2438', 'khu Phú Quý', '26', 'Xã', 'KV1'),
('2439', 'Bắc Gia Nghĩa', '26', 'Phường', 'KV1'),
('2440', 'Nam Gia Nghĩa', '26', 'Phường', 'KV1'),
('2441', 'Đông Gia Nghĩa', '26', 'Phường', 'KV1'),
('2442', 'Đắk Wil', '26', 'Xã', 'KV1'),
('2443', 'Nam Dong', '26', 'Xã', 'KV1'),
('2444', 'Cư Jút', '26', 'Xã', 'KV1'),
('2445', 'Thuận An', '26', 'Xã', 'KV1'),
('2446', 'Đức Lập', '26', 'Xã', 'KV1'),
('2447', 'Đắk Mil', '26', 'Xã', 'KV1'),
('2448', 'Đắk Sắk', '26', 'Xã', 'KV1'),
('2449', 'Nam Đà', '26', 'Xã', 'KV1'),
('2450', 'Krông Nô', '26', 'Xã', 'KV1'),
('2451', 'Nâm Nung', '26', 'Xã', 'KV1'),
('2452', 'Quảng Phú', '26', 'Xã', 'KV1'),
('2453', 'Đắk song', '26', 'Xã', 'KV1'),
('2454', 'Đức An', '26', 'Xã', 'KV1'),
('2455', 'Thuận Hạnh', '26', 'Xã', 'KV1'),
('2456', 'Trường Xuân', '26', 'Xã', 'KV1'),
('2457', 'Tà Đùng', '26', 'Xã', 'KV1'),
('2458', 'Quảng Khê', '26', 'Xã', 'KV1'),
('2459', 'Quảng Tân', '26', 'Xã', 'KV1'),
('2460', 'Tuy Đức', '26', 'Xã', 'KV1'),
('2461', 'Kiến Đức', '26', 'Xã', 'KV1'),
('2462', 'Nhân Cơ', '26', 'Xã', 'KV1'),
('2463', 'Quảng Tín', '26', 'Xã', 'KV1'),
('2464', 'Ninh Gia', '26', 'Xã', 'KV1'),
('2465', 'Quảng Hoà', '26', 'Xã', 'KV1'),
('2466', 'Quảng Sơn', '26', 'Xã', 'KV1'),
('2467', 'Quảng Trực', '26', 'Xã', 'KV1'),
('2468', 'Hưng Điền', '27', 'Xã', 'KV1'),
('2469', 'Vĩnh Thạnh', '27', 'Xã', 'KV1'),
('2470', 'Tân Hưng', '27', 'Xã', 'KV1'),
('2471', 'Vĩnh Châu', '27', 'Xã', 'KV1'),
('2472', 'Tuyên Bình', '27', 'Xã', 'KV1'),
('2473', 'Vĩnh Hưng', '27', 'Xã', 'KV1'),
('2474', 'Khánh Hưng', '27', 'Xã', 'KV1'),
('2475', 'Tuyên Thạnh', '27', 'Xã', 'KV1'),
('2476', 'Bình Hiệp', '27', 'Xã', 'KV1'),
('2477', 'Kiến Tường', '27', 'Phường', 'KV1'),
('2478', 'Bình Hoà', '27', 'Xã', 'KV1'),
('2479', 'Mộc Hoá', '27', 'Xã', 'KV1'),
('2480', 'Hậu Thạnh', '27', 'Xã', 'KV1'),
('2481', 'Nhơn Hoà Lập', '27', 'Xã', 'KV1'),
('2482', 'Nhơn Ninh', '27', 'Xã', 'KV1'),
('2483', 'Tân Thạnh', '27', 'Xã', 'KV1'),
('2484', 'Bình Thành', '27', 'Xã', 'KV1'),
('2485', 'Thạnh Phước', '27', 'Xã', 'KV1'),
('2486', 'Thạnh Hóa', '27', 'Xã', 'KV1'),
('2487', 'Tân Tây', '27', 'Xã', 'KV1'),
('2488', 'Thủ Thừa', '27', 'Xã', 'KV1'),
('2489', 'Mỹ An', '27', 'Xã', 'KV1'),
('2490', 'Mỹ Thạnh', '27', 'Xã', 'KV1'),
('2491', 'Tân Long', '27', 'Xã', 'KV1'),
('2492', 'Mỹ Quý', '27', 'Xã', 'KV1'),
('2493', 'Đông Thành', '27', 'Xã', 'KV1'),
('2494', 'Đức Huệ', '27', 'Xã', 'KV1'),
('2495', 'An Ninh', '27', 'Xã', 'KV1'),
('2496', 'Hiệp Hoà', '27', 'Xã', 'KV1'),
('2497', 'Hậu Nghĩa', '27', 'Xã', 'KV1'),
('2498', 'Hoà Khánh', '27', 'Xã', 'KV1'),
('2499', 'Đức Lập', '27', 'Xã', 'KV1'),
('2500', 'Mỹ Hạnh', '27', 'Xã', 'KV1'),
('2501', 'Đức Hoà', '27', 'Xã', 'KV1'),
('2502', 'Thạnh Lợi', '27', 'Xã', 'KV1'),
('2503', 'Bình Đức', '27', 'Xã', 'KV1'),
('2504', 'Lương Hoà', '27', 'Xã', 'KV1'),
('2505', 'Bến Lức', '27', 'Xã', 'KV1'),
('2506', 'Mỹ Yên', '27', 'Xã', 'KV1'),
('2507', 'Long Cang', '27', 'Xã', 'KV1'),
('2508', 'Rạch Kiến', '27', 'Xã', 'KV1'),
('2509', 'Mỹ Lệ', '27', 'Xã', 'KV1'),
('2510', 'Tân Lân', '27', 'Xã', 'KV1'),
('2511', 'Cần Đước', '27', 'Xã', 'KV1'),
('2512', 'Long Hựu', '27', 'Xã', 'KV1'),
('2513', 'Phước Lý', '27', 'Xã', 'KV1'),
('2514', 'Mỹ Lộc', '27', 'Xã', 'KV1'),
('2515', 'Cần Giuộc', '27', 'Xã', 'KV1'),
('2516', 'Phước Vĩnh Tây', '27', 'Xã', 'KV1'),
('2517', 'Tân Tập', '27', 'Xã', 'KV1'),
('2518', 'Vàm Cỏ', '27', 'Xã', 'KV1'),
('2519', 'Tân Trụ', '27', 'Xã', 'KV1'),
('2520', 'Nhựt Tảo', '27', 'Xã', 'KV1'),
('2521', 'Thuận Mỹ', '27', 'Xã', 'KV1'),
('2522', 'An Lục Long', '27', 'Xã', 'KV1'),
('2523', 'Tầm Vu', '27', 'Xã', 'KV1'),
('2524', 'Vĩnh Công', '27', 'Xã', 'KV1'),
('2525', 'Long An', '27', 'Phường', 'KV1'),
('2526', 'Tân An', '27', 'Phường', 'KV1'),
('2527', 'Khánh Hậu', '27', 'Phường', 'KV1'),
('2528', 'Tân Ninh', '27', 'Phường', 'KV1'),
('2529', 'Bình Minh', '27', 'Phường', 'KV1'),
('2530', 'Ninh Thạnh', '27', 'Phường', 'KV1'),
('2531', 'Long Hoa', '27', 'Phường', 'KV1'),
('2532', 'Hoà Thành', '27', 'Phường', 'KV1'),
('2533', 'Thanh Điền', '27', 'Phường', 'KV1'),
('2534', 'Trảng Bàng', '27', 'Phường', 'KV1'),
('2535', 'An Tịnh', '27', 'Phường', 'KV1'),
('2536', 'Gò Dầu', '27', 'Phường', 'KV1'),
('2537', 'Gia Lộc', '27', 'Phường', 'KV1'),
('2538', 'Hưng Thuận', '27', 'Xã', 'KV1'),
('2539', 'Phước Chỉ', '27', 'Xã', 'KV1'),
('2540', 'Thạnh Đức', '27', 'Xã', 'KV1'),
('2541', 'Phước Thạnh', '27', 'Xã', 'KV1'),
('2542', 'Truông Mít', '27', 'Xã', 'KV1'),
('2543', 'Lộc Ninh', '27', 'Xã', 'KV1'),
('2544', 'Cầu Khởi', '27', 'Xã', 'KV1'),
('2545', 'Dương Minh Châu', '27', 'Xã', 'KV1'),
('2546', 'Tân Đông', '27', 'Xã', 'KV1'),
('2547', 'Tân Châu', '27', 'Xã', 'KV1'),
('2548', 'Tân Phú', '27', 'Xã', 'KV1'),
('2549', 'Tân Hội', '27', 'Xã', 'KV1'),
('2550', 'Tân Thành', '27', 'Xã', 'KV1'),
('2551', 'Tân Hoà', '27', 'Xã', 'KV1'),
('2552', 'Tân Lập', '27', 'Xã', 'KV1'),
('2553', 'Tân Biên', '27', 'Xã', 'KV1'),
('2554', 'Thạnh Bình', '27', 'Xã', 'KV1'),
('2555', 'Trà Vong', '27', 'Xã', 'KV1'),
('2556', 'Phước Vinh', '27', 'Xã', 'KV1'),
('2557', 'Hoà Hội', '27', 'Xã', 'KV1'),
('2558', 'Ninh Điền', '27', 'Xã', 'KV1'),
('2559', 'Châu Thành', '27', 'Xã', 'KV1'),
('2560', 'Hảo Đước', '27', 'Xã', 'KV1'),
('2561', 'Long Chữ', '27', 'Xã', 'KV1'),
('2562', 'Long Thuận', '27', 'Xã', 'KV1'),
('2563', 'Bến Cầu', '27', 'Xã', 'KV1'),
('2564', 'Biên Hoà', '28', 'Phường', 'KV1'),
('2565', 'Trấn Biên', '28', 'Phường', 'KV1'),
('2566', 'Tam Hiệp', '28', 'Phường', 'KV1'),
('2567', 'Long Bình', '28', 'Phường', 'KV1'),
('2568', 'Trảng Dài', '28', 'Phường', 'KV1'),
('2569', 'Hố Nai', '28', 'Phường', 'KV1'),
('2570', 'Long Hưng', '28', 'Phường', 'KV1'),
('2571', 'Đại Phước', '28', 'Xã', 'KV1'),
('2572', 'Nhơn Trạch', '28', 'Xã', 'KV1'),
('2573', 'Phước An', '28', 'Xã', 'KV1'),
('2574', 'Phước Thái', '28', 'Xã', 'KV1'),
('2575', 'Long Phước', '28', 'Xã', 'KV1'),
('2576', 'Bình An', '28', 'Xã', 'KV1'),
('2577', 'Long Thành', '28', 'Xã', 'KV1'),
('2578', 'An Phước', '28', 'Xã', 'KV1'),
('2579', 'An Viễn', '28', 'Xã', 'KV1'),
('2580', 'Bình Minh', '28', 'Xã', 'KV1'),
('2581', 'Trảng Bom', '28', 'Xã', 'KV1'),
('2582', 'Bàu Hàm', '28', 'Xã', 'KV1'),
('2583', 'Hưng Thịnh', '28', 'Xã', 'KV1'),
('2584', 'Dầu Giây', '28', 'Xã', 'KV1'),
('2585', 'Gia Kiệm', '28', 'Xã', 'KV1'),
('2586', 'Thống Nhất', '28', 'Xã', 'KV1'),
('2587', 'Bình Lộc', '28', 'Phường', 'KV1'),
('2588', 'Bảo Vinh', '28', 'Phường', 'KV1'),
('2589', 'Xuân Lập', '28', 'Phường', 'KV1'),
('2590', 'Long Khánh', '28', 'Phường', 'KV1'),
('2591', 'Hàng Gòn', '28', 'Phường', 'KV1'),
('2592', 'Xuân Quế', '28', 'Xã', 'KV1'),
('2593', 'Xuân Đường', '28', 'Xã', 'KV1'),
('2594', 'Cẩm Mỹ', '28', 'Xã', 'KV1'),
('2595', 'Sông Ray', '28', 'Xã', 'KV1'),
('2596', 'Xuân Đông', '28', 'Xã', 'KV1'),
('2597', 'Xuân Định', '28', 'Xã', 'KV1'),
('2598', 'Xuân Phú', '28', 'Xã', 'KV1'),
('2599', 'Xuân Lộc', '28', 'Xã', 'KV1'),
('2600', 'Xuân Hoà', '28', 'Xã', 'KV1'),
('2601', 'Xuân Thành', '28', 'Xã', 'KV1'),
('2602', 'Xuân Bắc', '28', 'Xã', 'KV1'),
('2603', 'La Ngà', '28', 'Xã', 'KV1'),
('2604', 'Định Quán', '28', 'Xã', 'KV1'),
('2605', 'Phú Vinh', '28', 'Xã', 'KV1'),
('2606', 'Phú Hoà', '28', 'Xã', 'KV1'),
('2607', 'Tà Lài', '28', 'Xã', 'KV1'),
('2608', 'Nam Cát Tiên', '28', 'Xã', 'KV1'),
('2609', 'Tân Phú', '28', 'Xã', 'KV1'),
('2610', 'Phú Lâm', '28', 'Xã', 'KV1'),
('2611', 'Trị An', '28', 'Xã', 'KV1'),
('2612', 'Tân An', '28', 'Xã', 'KV1'),
('2613', 'Tân Triều', '28', 'Phường', 'KV1'),
('2614', 'Minh Hưng', '28', 'Phường', 'KV1'),
('2615', 'Chơn Thành', '28', 'Phường', 'KV1'),
('2616', 'Nha Bích', '28', 'Xã', 'KV1'),
('2617', 'Tân Quan', '28', 'Xã', 'KV1'),
('2618', 'Tân Hưng', '28', 'Xã', 'KV1'),
('2619', 'Tân Khai', '28', 'Xã', 'KV1'),
('2620', 'Minh Đức', '28', 'Xã', 'KV1'),
('2621', 'Bình Long', '28', 'Phường', 'KV1'),
('2622', 'An Lộc', '28', 'Phường', 'KV1'),
('2623', 'Lộc Thành', '28', 'Xã', 'KV1'),
('2624', 'Lộc Ninh', '28', 'Xã', 'KV1'),
('2625', 'Lộc Hưng', '28', 'Xã', 'KV1'),
('2626', 'Lộc Tấn', '28', 'Xã', 'KV1'),
('2627', 'Lộc Thạnh', '28', 'Xã', 'KV1'),
('2628', 'Lộc Quang', '28', 'Xã', 'KV1'),
('2629', 'Tân Tiến', '28', 'Xã', 'KV1'),
('2630', 'Thiện Hưng', '28', 'Xã', 'KV1'),
('2631', 'Hưng Phước', '28', 'Xã', 'KV1'),
('2632', 'Phú Nghĩa', '28', 'Xã', 'KV1'),
('2633', 'Đa Kia', '28', 'Xã', 'KV1'),
('2634', 'Phước Bình', '28', 'Phường', 'KV1'),
('2635', 'Phước Long', '28', 'Phường', 'KV1'),
('2636', 'Bình Tân', '28', 'Xã', 'KV1'),
('2637', 'Long Hà', '28', 'Xã', 'KV1'),
('2638', 'Phú Riềng', '28', 'Xã', 'KV1'),
('2639', 'Phú Trung', '28', 'Xã', 'KV1'),
('2640', 'Đồng Xoài', '28', 'Phường', 'KV1'),
('2641', 'Bình Phước', '28', 'Phường', 'KV1'),
('2642', 'Thuận Lợi', '28', 'Xã', 'KV1'),
('2643', 'Đồng Tâm', '28', 'Xã', 'KV1'),
('2644', 'Tân Lợi', '28', 'Xã', 'KV1'),
('2645', 'Đồng Phú', '28', 'Xã', 'KV1'),
('2646', 'Phước Sơn', '28', 'Xã', 'KV1'),
('2647', 'Nghĩa Trung', '28', 'Xã', 'KV1'),
('2648', 'Bù Đăng', '28', 'Xã', 'KV1'),
('2649', 'Thọ Sơn', '28', 'Xã', 'KV1'),
('2650', 'Đak Nhau', '28', 'Xã', 'KV1'),
('2651', 'Bom Bo', '28', 'Xã', 'KV1'),
('2652', 'Tam Phước', '28', 'Phường', 'KV1'),
('2653', 'Phước Tân', '28', 'Phường', 'KV1'),
('2654', 'Thanh Sơn', '28', 'Xã', 'KV1'),
('2655', 'Đak Lua', '28', 'Xã', 'KV1'),
('2656', 'Phú Lý', '28', 'Xã', 'KV1'),
('2657', 'Bù Gia Mập', '28', 'Xã', 'KV1'),
('2658', 'Đăk Ơ', '28', 'Xã', 'KV1'),
('2659', 'Vũng Tàu', '29', 'Phường', 'KV1'),
('2660', 'Tam Thắng', '29', 'Phường', 'KV1'),
('2661', 'Rạch Dừa', '29', 'Phường', 'KV1'),
('2662', 'Phước Thắng', '29', 'Phường', 'KV1'),
('2663', 'Bà Rịa', '29', 'Phường', 'KV1'),
('2664', 'Long Hương', '29', 'Phường', 'KV1'),
('2665', 'Phú Mỹ', '29', 'Phường', 'KV1'),
('2666', 'Tam Long', '29', 'Phường', 'KV1'),
('2667', 'Tân Thành', '29', 'Phường', 'KV1'),
('2668', 'Tân Phước', '29', 'Phường', 'KV1'),
('2669', 'Tân Hải', '29', 'Phường', 'KV1'),
('2670', 'Châu Pha', '29', 'Xã', 'KV1'),
('2671', 'Ngãi Giao', '29', 'Xã', 'KV1'),
('2672', 'Bình Giã', '29', 'Xã', 'KV1'),
('2673', 'Kim Long', '29', 'Xã', 'KV1'),
('2674', 'Châu Đức', '29', 'Xã', 'KV1'),
('2675', 'Xuân Sơn', '29', 'Xã', 'KV1'),
('2676', 'Nghĩa Thành', '29', 'Xã', 'KV1'),
('2677', 'Hồ Tràm', '29', 'Xã', 'KV1'),
('2678', 'Xuyên Mộc', '29', 'Xã', 'KV1'),
('2679', 'Hòa Hội', '29', 'Xã', 'KV1'),
('2680', 'Bàu Lâm', '29', 'Xã', 'KV1'),
('2681', 'Phước Hải', '29', 'Xã', 'KV1'),
('2682', 'Long Hải', '29', 'Xã', 'KV1'),
('2683', 'Đất Đỏ', '29', 'Xã', 'KV1'),
('2684', 'Long Điền', '29', 'Xã', 'KV1'),
('2685', 'khu Côn Đảo', '29', 'Xã', 'KV1'),
('2686', 'Đông Hoà', '29', 'Phường', 'KV1'),
('2687', 'Dĩ An', '29', 'Phường', 'KV1'),
('2688', 'Tân Đông Hiệp', '29', 'Phường', 'KV1'),
('2689', 'Thuận An', '29', 'Phường', 'KV1'),
('2690', 'Thuận Giao', '29', 'Phường', 'KV1'),
('2691', 'Bình Hoà', '29', 'Phường', 'KV1'),
('2692', 'Lái Thiêu', '29', 'Phường', 'KV1'),
('2693', 'An Phú', '29', 'Phường', 'KV1'),
('2694', 'Bình Dương', '29', 'Phường', 'KV1'),
('2695', 'Chánh Hiệp', '29', 'Phường', 'KV1'),
('2696', 'Thủ Dầu Một', '29', 'Phường', 'KV1'),
('2697', 'Phú Lợi', '29', 'Phường', 'KV1'),
('2698', 'Vĩnh Tân', '29', 'Phường', 'KV1'),
('2699', 'Bình Cơ', '29', 'Phường', 'KV1'),
('2700', 'Tân Uyên', '29', 'Phường', 'KV1'),
('2701', 'Tân Hiệp', '29', 'Phường', 'KV1'),
('2702', 'Tân Khánh', '29', 'Phường', 'KV1'),
('2703', 'Hoà Lợi', '29', 'Phường', 'KV1'),
('2704', 'Phú An', '29', 'Phường', 'KV1'),
('2705', 'Tây Nam', '29', 'Phường', 'KV1'),
('2706', 'Long Nguyên', '29', 'Phường', 'KV1'),
('2707', 'Bến Cát', '29', 'Phường', 'KV1'),
('2708', 'Chánh Phú Hoà', '29', 'Phường', 'KV1'),
('2709', 'Bắc Tân Uyên', '29', 'Xã', 'KV1'),
('2710', 'Thường Tân', '29', 'Xã', 'KV1'),
('2711', 'An Long', '29', 'Xã', 'KV1'),
('2712', 'Phước Thành', '29', 'Xã', 'KV1'),
('2713', 'Phước Hoà', '29', 'Xã', 'KV1'),
('2714', 'Phú Giáo', '29', 'Xã', 'KV1'),
('2715', 'Trừ Văn Thố', '29', 'Xã', 'KV1'),
('2716', 'Bàu Bàng', '29', 'Xã', 'KV1'),
('2717', 'Minh Thạnh', '29', 'Xã', 'KV1'),
('2718', 'Long Hoà', '29', 'Xã', 'KV1'),
('2719', 'Dầu Tiếng', '29', 'Xã', 'KV1'),
('2720', 'Thanh An', '29', 'Xã', 'KV1'),
('2721', 'Sài Gòn', '29', 'Phường', 'KV1'),
('2722', 'Tân Định', '29', 'Phường', 'KV1'),
('2723', 'Bến Thành', '29', 'Phường', 'KV1'),
('2724', 'Cầu Ông Lãnh', '29', 'Phường', 'KV1'),
('2725', 'Bàn Cờ', '29', 'Phường', 'KV1'),
('2726', 'Xuân Hoà', '29', 'Phường', 'KV1'),
('2727', 'Nhiêu Lộc', '29', 'Phường', 'KV1'),
('2728', 'Xóm Chiếu', '29', 'Phường', 'KV1'),
('2729', 'Khánh Hội', '29', 'Phường', 'KV1'),
('2730', 'Vĩnh Hội', '29', 'Phường', 'KV1'),
('2731', 'Chợ Quán', '29', 'Phường', 'KV1'),
('2732', 'An Đông', '29', 'Phường', 'KV1'),
('2733', 'Chợ Lớn', '29', 'Phường', 'KV1'),
('2734', 'Bình Tây', '29', 'Phường', 'KV1'),
('2735', 'Bình Tiên', '29', 'Phường', 'KV1'),
('2736', 'Bình Phú', '29', 'Phường', 'KV1'),
('2737', 'Phú Lâm', '29', 'Phường', 'KV1'),
('2738', 'Tân Thuận', '29', 'Phường', 'KV1'),
('2739', 'Phú Thuận', '29', 'Phường', 'KV1'),
('2740', 'Tân Mỹ', '29', 'Phường', 'KV1'),
('2741', 'Tân Hưng', '29', 'Phường', 'KV1'),
('2742', 'Chánh Hưng', '29', 'Phường', 'KV1'),
('2743', 'Phú Định', '29', 'Phường', 'KV1'),
('2744', 'Bình Đông', '29', 'Phường', 'KV1'),
('2745', 'Diên Hồng', '29', 'Phường', 'KV1'),
('2746', 'Vườn Lài', '29', 'Phường', 'KV1'),
('2747', 'Hoà Hưng', '29', 'Phường', 'KV1'),
('2748', 'Minh Phụng', '29', 'Phường', 'KV1'),
('2749', 'Bình Thới', '29', 'Phường', 'KV1'),
('2750', 'Hoà Bình', '29', 'Phường', 'KV1'),
('2751', 'Phú Thọ', '29', 'Phường', 'KV1'),
('2752', 'Đông Hưng Thuận', '29', 'Phường', 'KV1'),
('2753', 'Trung Mỹ Tây', '29', 'Phường', 'KV1'),
('2754', 'Tân Thới Hiệp', '29', 'Phường', 'KV1'),
('2755', 'Thới An', '29', 'Phường', 'KV1'),
('2756', 'An Phú Đông', '29', 'Phường', 'KV1'),
('2757', 'An Lạc', '29', 'Phường', 'KV1'),
('2758', 'Tân Tạo', '29', 'Phường', 'KV1'),
('2759', 'Bình Tân', '29', 'Phường', 'KV1'),
('2760', 'Bình Trị Đông', '29', 'Phường', 'KV1'),
('2761', 'Bình Hưng Hoà', '29', 'Phường', 'KV1'),
('2762', 'Gia Định', '29', 'Phường', 'KV1'),
('2763', 'Bình Thạnh', '29', 'Phường', 'KV1'),
('2764', 'Bình Lợi Trung', '29', 'Phường', 'KV1'),
('2765', 'Thạnh Mỹ Tây', '29', 'Phường', 'KV1'),
('2766', 'Bình Quới', '29', 'Phường', 'KV1'),
('2767', 'Hạnh Thông', '29', 'Phường', 'KV1'),
('2768', 'An Nhơn', '29', 'Phường', 'KV1'),
('2769', 'Gò Vấp', '29', 'Phường', 'KV1'),
('2770', 'An Hội Đông', '29', 'Phường', 'KV1'),
('2771', 'Thông Tây Hội', '29', 'Phường', 'KV1'),
('2772', 'An Hội Tây', '29', 'Phường', 'KV1'),
('2773', 'Đức Nhuận', '29', 'Phường', 'KV1'),
('2774', 'Cầu Kiệu', '29', 'Phường', 'KV1'),
('2775', 'Phú Nhuận', '29', 'Phường', 'KV1'),
('2776', 'Tân Sơn Hoà', '29', 'Phường', 'KV1'),
('2777', 'Tân Sơn Nhất', '29', 'Phường', 'KV1'),
('2778', 'Tân Hoà', '29', 'Phường', 'KV1'),
('2779', 'Bảy Hiền', '29', 'Phường', 'KV1'),
('2780', 'Tân Bình', '29', 'Phường', 'KV1'),
('2781', 'Tân Sơn', '29', 'Phường', 'KV1'),
('2782', 'Tây Thạnh', '29', 'Phường', 'KV1'),
('2783', 'Tân Sơn Nhì', '29', 'Phường', 'KV1'),
('2784', 'Phú Thọ Hoà', '29', 'Phường', 'KV1'),
('2785', 'Tân Phú', '29', 'Phường', 'KV1'),
('2786', 'Phú Thạnh', '29', 'Phường', 'KV1'),
('2787', 'Hiệp Bình', '29', 'Phường', 'KV1'),
('2788', 'Thủ Đức', '29', 'Phường', 'KV1'),
('2789', 'Tam Bình', '29', 'Phường', 'KV1'),
('2790', 'Linh Xuân', '29', 'Phường', 'KV1'),
('2791', 'Tăng Nhơn Phú', '29', 'Phường', 'KV1'),
('2792', 'Long Bình', '29', 'Phường', 'KV1'),
('2793', 'Long Phước', '29', 'Phường', 'KV1'),
('2794', 'Long Trường', '29', 'Phường', 'KV1'),
('2795', 'Cát Lái', '29', 'Phường', 'KV1'),
('2796', 'Bình Trưng', '29', 'Phường', 'KV1'),
('2797', 'Phước Long', '29', 'Phường', 'KV1'),
('2798', 'An Khánh', '29', 'Phường', 'KV1'),
('2799', 'Vĩnh Lộc', '29', 'Xã', 'KV1'),
('2800', 'Tân Vĩnh Lộc', '29', 'Xã', 'KV1'),
('2801', 'Bình Lợi', '29', 'Xã', 'KV1'),
('2802', 'Tân Nhựt', '29', 'Xã', 'KV1'),
('2803', 'Bình Chánh', '29', 'Xã', 'KV1'),
('2804', 'Hưng Long', '29', 'Xã', 'KV1'),
('2805', 'Bình Hưng', '29', 'Xã', 'KV1'),
('2806', 'Bình Khánh', '29', 'Xã', 'KV1'),
('2807', 'An Thới Đông', '29', 'Xã', 'KV1'),
('2808', 'Cần Giờ', '29', 'Xã', 'KV1'),
('2809', 'Củ Chi', '29', 'Xã', 'KV1'),
('2810', 'Tân An Hội', '29', 'Xã', 'KV1'),
('2811', 'Thái Mỹ', '29', 'Xã', 'KV1'),
('2812', 'An Nhơn Tây', '29', 'Xã', 'KV1'),
('2813', 'Nhuận Đức', '29', 'Xã', 'KV1'),
('2814', 'Phú Hoà Đông', '29', 'Xã', 'KV1'),
('2815', 'Bình Mỹ', '29', 'Xã', 'KV1'),
('2816', 'Đông Thạnh', '29', 'Xã', 'KV1'),
('2817', 'Hóc Môn', '29', 'Xã', 'KV1'),
('2818', 'Xuân Thới Sơn', '29', 'Xã', 'KV1'),
('2819', 'Bà Điểm', '29', 'Xã', 'KV1'),
('2820', 'Nhà Bè', '29', 'Xã', 'KV1'),
('2821', 'Hiệp Phước', '29', 'Xã', 'KV1'),
('2822', 'Long Sơn', '29', 'Xã', 'KV1'),
('2823', 'Hòa Hiệp', '29', 'Xã', 'KV1'),
('2824', 'Bình Châu', '29', 'Xã', 'KV1'),
('2825', 'Thới Hoà', '29', 'Phường', 'KV1'),
('2826', 'Thạnh An', '29', 'Xã', 'KV1'),
('2827', 'Trà Vinh', '30', 'Phường', 'KV1'),
('2828', 'Cái Nhum', '30', 'Xã', 'KV1'),
('2829', 'Long Đức', '30', 'Phường', 'KV1'),
('2830', 'Tân Long Hội', '30', 'Xã', 'KV1'),
('2831', 'Nguyệt Hóa', '30', 'Phường', 'KV1'),
('2832', 'Nhơn Phú', '30', 'Xã', 'KV1'),
('2833', 'Hòa Thuận', '30', 'Phường', 'KV1'),
('2834', 'Bình Phước', '30', 'Xã', 'KV1'),
('2835', 'Càng Long', '30', 'Xã', 'KV1'),
('2836', 'An Bình', '30', 'Xã', 'KV1'),
('2837', 'An Trường', '30', 'Xã', 'KV1'),
('2838', 'Long Hồ', '30', 'Xã', 'KV1'),
('2839', 'Tân An', '30', 'Xã', 'KV1'),
('2840', 'Phú Quới', '30', 'Xã', 'KV1'),
('2841', 'Nhị Long', '30', 'Xã', 'KV1'),
('2842', 'Thanh Đức', '30', 'Phường', 'KV1'),
('2843', 'Bình Phú', '30', 'Xã', 'KV1'),
('2844', 'Long Châu', '30', 'Phường', 'KV1'),
('2845', 'Châu Thành', '30', 'Xã', 'KV1'),
('2846', 'Phước Hậu', '30', 'Phường', 'KV1'),
('2847', 'Song Lộc', '30', 'Xã', 'KV1'),
('2848', 'Tân Hạnh', '30', 'Phường', 'KV1'),
('2849', 'Hưng Mỹ', '30', 'Xã', 'KV1'),
('2850', 'Tân Ngãi', '30', 'Phường', 'KV1'),
('2851', 'Hòa Minh', '30', 'Xã', 'KV1'),
('2852', 'Quới Thiện', '30', 'Xã', 'KV1'),
('2853', 'Long Hòa', '30', 'Xã', 'KV1'),
('2854', 'Trung Thành', '30', 'Xã', 'KV1'),
('2855', 'Cầu Kè', '30', 'Xã', 'KV1'),
('2856', 'Trung Ngãi', '30', 'Xã', 'KV1'),
('2857', 'Phong Thạnh', '30', 'Xã', 'KV1'),
('2858', 'Quới An', '30', 'Xã', 'KV1'),
('2859', 'An Phú Tân', '30', 'Xã', 'KV1'),
('2860', 'Trung Hiệp', '30', 'Xã', 'KV1'),
('2861', 'Tam Ngãi', '30', 'Xã', 'KV1'),
('2862', 'Hiếu Phụng', '30', 'Xã', 'KV1'),
('2863', 'Tiểu Cần', '30', 'Xã', 'KV1'),
('2864', 'Hiếu Thành', '30', 'Xã', 'KV1'),
('2865', 'Tân Hòa', '30', 'Xã', 'KV1'),
('2866', 'Lục Sỹ Thành', '30', 'Xã', 'KV1'),
('2867', 'Hùng Hòa', '30', 'Xã', 'KV1'),
('2868', 'Trà Ôn', '30', 'Xã', 'KV1'),
('2869', 'Tập Ngãi', '30', 'Xã', 'KV1'),
('2870', 'Trà Côn', '30', 'Xã', 'KV1'),
('2871', 'Cầu Ngang', '30', 'Xã', 'KV1'),
('2872', 'Vĩnh Xuân', '30', 'Xã', 'KV1'),
('2873', 'Mỹ Long', '30', 'Xã', 'KV1'),
('2874', 'Hòa Bình', '30', 'Xã', 'KV1'),
('2875', 'Vinh Kim', '30', 'Xã', 'KV1'),
('2876', 'Hòa Hiệp', '30', 'Xã', 'KV1'),
('2877', 'Nhị Trường', '30', 'Xã', 'KV1'),
('2878', 'Tam Bình', '30', 'Xã', 'KV1'),
('2879', 'Hiệp Mỹ', '30', 'Xã', 'KV1'),
('2880', 'Ngãi Tứ', '30', 'Xã', 'KV1'),
('2881', 'Trà Cú', '30', 'Xã', 'KV1'),
('2882', 'Song Phú', '30', 'Xã', 'KV1'),
('2883', 'Lưu Nghiệp Anh', '30', 'Xã', 'KV1'),
('2884', 'Cái Ngang', '30', 'Xã', 'KV1'),
('2885', 'Đại An', '30', 'Xã', 'KV1'),
('2886', 'Tân Quới', '30', 'Xã', 'KV1'),
('2887', 'Hàm Giang', '30', 'Xã', 'KV1'),
('2888', 'Tân Lược', '30', 'Xã', 'KV1'),
('2889', 'Long Hiệp', '30', 'Xã', 'KV1'),
('2890', 'Mỹ Thuận', '30', 'Xã', 'KV1'),
('2891', 'Tập Sơn', '30', 'Xã', 'KV1'),
('2892', 'Bình Minh', '30', 'Phường', 'KV1'),
('2893', 'Duyên Hải', '30', 'Phường', 'KV1'),
('2894', 'Cái Vồn', '30', 'Phường', 'KV1'),
('2895', 'Trường Long Hòa', '30', 'Phường', 'KV1'),
('2896', 'Đông Thành', '30', 'Phường', 'KV1'),
('2897', 'Long Hữu', '30', 'Xã', 'KV1'),
('2898', 'Long Thành', '30', 'Xã', 'KV1'),
('2899', 'Đông Hải', '30', 'Xã', 'KV1'),
('2900', 'Long Vĩnh', '30', 'Xã', 'KV1'),
('2901', 'Đôn Châu', '30', 'Xã', 'KV1'),
('2902', 'Ngũ Lạc', '30', 'Xã', 'KV1'),
('2903', 'An Hội', '30', 'Phường', 'KV1'),
('2904', 'Phú Khương', '30', 'Phường', 'KV1'),
('2905', 'Bến Tre', '30', 'Phường', 'KV1'),
('2906', 'Sơn Đông', '30', 'Phường', 'KV1'),
('2907', 'Phú Tân', '30', 'Phường', 'KV1'),
('2908', 'Phú Túc', '30', 'Xã', 'KV1'),
('2909', 'Giao Long', '30', 'Xã', 'KV1'),
('2910', 'Tiên Thủy', '30', 'Xã', 'KV1'),
('2911', 'Tân Phú', '30', 'Xã', 'KV1'),
('2912', 'Phú Phụng', '30', 'Xã', 'KV1'),
('2913', 'Chợ Lách', '30', 'Xã', 'KV1'),
('2914', 'Vĩnh Thành', '30', 'Xã', 'KV1'),
('2915', 'Hưng Khánh Trung', '30', 'Xã', 'KV1'),
('2916', 'Phước Mỹ Trung', '30', 'Xã', 'KV1'),
('2917', 'Tân Thành Bình', '30', 'Xã', 'KV1'),
('2918', 'Nhuận Phú Tân', '30', 'Xã', 'KV1'),
('2919', 'Đồng Khởi', '30', 'Xã', 'KV1'),
('2920', 'Mỏ Cày', '30', 'Xã', 'KV1'),
('2921', 'Thành Thới', '30', 'Xã', 'KV1'),
('2922', 'An Định', '30', 'Xã', 'KV1'),
('2923', 'Hương Mỹ', '30', 'Xã', 'KV1'),
('2924', 'Đại Điền', '30', 'Xã', 'KV1'),
('2925', 'Quới Điền', '30', 'Xã', 'KV1'),
('2926', 'Thạnh Phú', '30', 'Xã', 'KV1'),
('2927', 'An Qui', '30', 'Xã', 'KV1'),
('2928', 'Thạnh Hải', '30', 'Xã', 'KV1'),
('2929', 'Thạnh Phong', '30', 'Xã', 'KV1'),
('2930', 'Tân Thủy', '30', 'Xã', 'KV1'),
('2931', 'Bảo Thạnh', '30', 'Xã', 'KV1'),
('2932', 'Ba Tri', '30', 'Xã', 'KV1'),
('2933', 'Tân Xuân', '30', 'Xã', 'KV1'),
('2934', 'Mỹ Chánh Hòa', '30', 'Xã', 'KV1'),
('2935', 'An Ngãi Trung', '30', 'Xã', 'KV1'),
('2936', 'An Hiệp', '30', 'Xã', 'KV1'),
('2937', 'Hưng Nhượng', '30', 'Xã', 'KV1'),
('2938', 'Giồng Trôm', '30', 'Xã', 'KV1'),
('2939', 'Tân Hào', '30', 'Xã', 'KV1'),
('2940', 'Phước Long', '30', 'Xã', 'KV1'),
('2941', 'Lương Phú', '30', 'Xã', 'KV1'),
('2942', 'Châu Hòa', '30', 'Xã', 'KV1'),
('2943', 'Lương Hòa', '30', 'Xã', 'KV1'),
('2944', 'Thới Thuận', '30', 'Xã', 'KV1'),
('2945', 'Thạnh Phước', '30', 'Xã', 'KV1'),
('2946', 'Bình Đại', '30', 'Xã', 'KV1'),
('2947', 'Thạnh Trị', '30', 'Xã', 'KV1'),
('2948', 'Lộc Thuận', '30', 'Xã', 'KV1'),
('2949', 'Châu Hưng', '30', 'Xã', 'KV1'),
('2950', 'Phú Thuận', '30', 'Xã', 'KV1'),
('2951', 'Mỹ Tho', '31', 'Phường', 'KV1'),
('2952', 'Đạo Thạnh', '31', 'Phường', 'KV1'),
('2953', 'Mỹ Phong', '31', 'Phường', 'KV1'),
('2954', 'Thới Sơn', '31', 'Phường', 'KV1'),
('2955', 'Trung An', '31', 'Phường', 'KV1'),
('2956', 'Gò Công', '31', 'Phường', 'KV1'),
('2957', 'Long Thuận', '31', 'Phường', 'KV1'),
('2958', 'Sơn Qui', '31', 'Phường', 'KV1'),
('2959', 'Bình Xuân', '31', 'Phường', 'KV1'),
('2960', 'Mỹ Phước Tây', '31', 'Phường', 'KV1'),
('2961', 'Thanh Hoà', '31', 'Phường', 'KV1'),
('2962', 'Cai Lậy', '31', 'Phường', 'KV1'),
('2963', 'Nhị Quý', '31', 'Phường', 'KV1'),
('2964', 'Tân Phú', '31', 'Xã', 'KV1'),
('2965', 'Thanh Hưng', '31', 'Xã', 'KV1'),
('2966', 'An Hữu', '31', 'Xã', 'KV1'),
('2967', 'Mỹ Lợi', '31', 'Xã', 'KV1'),
('2968', 'Mỹ Đức Tây', '31', 'Xã', 'KV1'),
('2969', 'Mỹ Thiện', '31', 'Xã', 'KV1'),
('2970', 'Hậu Mỹ', '31', 'Xã', 'KV1'),
('2971', 'Hội Cư', '31', 'Xã', 'KV1'),
('2972', 'Cái Bè', '31', 'Xã', 'KV1'),
('2973', 'Bình Phú', '31', 'Xã', 'KV1'),
('2974', 'Hiệp Đức', '31', 'Xã', 'KV1'),
('2975', 'Ngũ Hiệp', '31', 'Xã', 'KV1'),
('2976', 'Long Tiên', '31', 'Xã', 'KV1'),
('2977', 'Mỹ Thành', '31', 'Xã', 'KV1'),
('2978', 'Thạnh Phú', '31', 'Xã', 'KV1'),
('2979', 'Tân Phước 1', '31', 'Xã', 'KV1'),
('2980', 'Tân Phước 2', '31', 'Xã', 'KV1'),
('2981', 'Tân Phước 3', '31', 'Xã', 'KV1'),
('2982', 'Hưng Thạnh', '31', 'Xã', 'KV1'),
('2983', 'Tân Hương', '31', 'Xã', 'KV1'),
('2984', 'Châu Thành', '31', 'Xã', 'KV1'),
('2985', 'Long Hưng', '31', 'Xã', 'KV1'),
('2986', 'Long Định', '31', 'Xã', 'KV1'),
('2987', 'Vĩnh Kim', '31', 'Xã', 'KV1'),
('2988', 'Kim Sơn', '31', 'Xã', 'KV1'),
('2989', 'Bình Trưng', '31', 'Xã', 'KV1'),
('2990', 'Mỹ Tịnh An', '31', 'Xã', 'KV1'),
('2991', 'Lương Hoà Lạc', '31', 'Xã', 'KV1'),
('2992', 'Tân Thuận Bình', '31', 'Xã', 'KV1'),
('2993', 'Chợ Gạo', '31', 'Xã', 'KV1'),
('2994', 'An Thạnh Thủy', '31', 'Xã', 'KV1'),
('2995', 'Bình Ninh', '31', 'Xã', 'KV1'),
('2996', 'Vĩnh Bình', '31', 'Xã', 'KV1'),
('2997', 'Đồng Sơn', '31', 'Xã', 'KV1'),
('2998', 'Phú Thành', '31', 'Xã', 'KV1'),
('2999', 'Long Bình', '31', 'Xã', 'KV1'),
('3000', 'Vĩnh Hựu', '31', 'Xã', 'KV1'),
('3001', 'Gò Công Đông', '31', 'Xã', 'KV1'),
('3002', 'Tân Điền', '31', 'Xã', 'KV1'),
('3003', 'Tân Hoà', '31', 'Xã', 'KV1'),
('3004', 'Tân Đông', '31', 'Xã', 'KV1'),
('3005', 'Gia Thuận', '31', 'Xã', 'KV1'),
('3006', 'Tân Thới', '31', 'Xã', 'KV1'),
('3007', 'Tân Phú Đông', '31', 'Xã', 'KV1'),
('3008', 'Tân Hồng', '31', 'Xã', 'KV1'),
('3009', 'Tân Thành', '31', 'Xã', 'KV1'),
('3010', 'Tân Hộ Cơ', '31', 'Xã', 'KV1'),
('3011', 'An Phước', '31', 'Xã', 'KV1'),
('3012', 'An Bình', '31', 'Phường', 'KV1'),
('3013', 'Hồng Ngự', '31', 'Phường', 'KV1'),
('3014', 'Thường Lạc', '31', 'Phường', 'KV1'),
('3015', 'Thường Phước', '31', 'Xã', 'KV1'),
('3016', 'Long Khánh', '31', 'Xã', 'KV1'),
('3017', 'Long Phú Thuận', '31', 'Xã', 'KV1'),
('3018', 'An Hoà', '31', 'Xã', 'KV1'),
('3019', 'Tam Nông', '31', 'Xã', 'KV1'),
('3020', 'Phú Thọ', '31', 'Xã', 'KV1'),
('3021', 'Tràm Chim', '31', 'Xã', 'KV1'),
('3022', 'Phú Cường', '31', 'Xã', 'KV1'),
('3023', 'An Long', '31', 'Xã', 'KV1'),
('3024', 'Thanh Bình', '31', 'Xã', 'KV1'),
('3025', 'Tân Thạnh', '31', 'Xã', 'KV1'),
('3026', 'Bình Thành', '31', 'Xã', 'KV1'),
('3027', 'Tân Long', '31', 'Xã', 'KV1'),
('3028', 'Tháp Mười', '31', 'Xã', 'KV1'),
('3029', 'Thanh Mỹ', '31', 'Xã', 'KV1'),
('3030', 'Mỹ Quí', '31', 'Xã', 'KV1'),
('3031', 'Đốc Binh Kiều', '31', 'Xã', 'KV1'),
('3032', 'Trường Xuân', '31', 'Xã', 'KV1'),
('3033', 'Phương Thịnh', '31', 'Xã', 'KV1'),
('3034', 'Phong Mỹ', '31', 'Xã', 'KV1'),
('3035', 'Ba Sao', '31', 'Xã', 'KV1'),
('3036', 'Mỹ Thọ', '31', 'Xã', 'KV1'),
('3037', 'Bình Hàng Trung', '31', 'Xã', 'KV1'),
('3038', 'Mỹ Hiệp', '31', 'Xã', 'KV1'),
('3039', 'Cao Lãnh', '31', 'Phường', 'KV1'),
('3040', 'Mỹ Ngãi', '31', 'Phường', 'KV1'),
('3041', 'Mỹ Trà', '31', 'Phường', 'KV1'),
('3042', 'Mỹ An Hưng', '31', 'Xã', 'KV1'),
('3043', 'Tân Khánh Trung', '31', 'Xã', 'KV1'),
('3044', 'Lấp Vò', '31', 'Xã', 'KV1'),
('3045', 'Lai Vung', '31', 'Xã', 'KV1'),
('3046', 'Hoà Long', '31', 'Xã', 'KV1'),
('3047', 'Phong Hoà', '31', 'Xã', 'KV1'),
('3048', 'Sa Đéc', '31', 'Phường', 'KV1'),
('3049', 'Tân Dương', '31', 'Xã', 'KV1'),
('3050', 'Phú Hựu', '31', 'Xã', 'KV1'),
('3051', 'Tân Nhuận Đông', '31', 'Xã', 'KV1'),
('3052', 'Tân Phú Trung', '31', 'Xã', 'KV1'),
('3053', 'Mỹ Hoà Hưng', '32', 'Xã', 'KV1'),
('3054', 'Long Xuyên', '32', 'Phường', 'KV1'),
('3055', 'Bình Đức', '32', 'Phường', 'KV1'),
('3056', 'Mỹ Thới', '32', 'Phường', 'KV1'),
('3057', 'Châu Đốc', '32', 'Phường', 'KV1'),
('3058', 'Vĩnh Tế', '32', 'Phường', 'KV1'),
('3059', 'An Phú', '32', 'Xã', 'KV1'),
('3060', 'Vĩnh Hậu', '32', 'Xã', 'KV1'),
('3061', 'Nhơn Hội', '32', 'Xã', 'KV1'),
('3062', 'Khánh Bình', '32', 'Xã', 'KV1'),
('3063', 'Phú Hữu', '32', 'Xã', 'KV1'),
('3064', 'Tân An', '32', 'Xã', 'KV1'),
('3065', 'Châu Phong', '32', 'Xã', 'KV1'),
('3066', 'Vĩnh Xương', '32', 'Xã', 'KV1'),
('3067', 'Tân Châu', '32', 'Phường', 'KV1'),
('3068', 'Long Phú', '32', 'Phường', 'KV1'),
('3069', 'Phú Tân', '32', 'Xã', 'KV1'),
('3070', 'Phú An', '32', 'Xã', 'KV1'),
('3071', 'Bình Thạnh Đông', '32', 'Xã', 'KV1'),
('3072', 'Chợ Vàm', '32', 'Xã', 'KV1'),
('3073', 'Hoà Lạc', '32', 'Xã', 'KV1'),
('3074', 'Phú Lâm', '32', 'Xã', 'KV1'),
('3075', 'Châu Phú', '32', 'Xã', 'KV1'),
('3076', 'Mỹ Đức', '32', 'Xã', 'KV1'),
('3077', 'Vĩnh Thạnh Trung', '32', 'Xã', 'KV1'),
('3078', 'Bình Mỹ', '32', 'Xã', 'KV1'),
('3079', 'Thạnh Mỹ Tây', '32', 'Xã', 'KV1'),
('3080', 'An Cư', '32', 'Xã', 'KV1'),
('3081', 'Núi Cấm', '32', 'Xã', 'KV1'),
('3082', 'Tịnh Biên', '32', 'Phường', 'KV1'),
('3083', 'Thới Sơn', '32', 'Phường', 'KV1'),
('3084', 'Chi Lăng', '32', 'Phường', 'KV1'),
('3085', 'Ba Chúc', '32', 'Xã', 'KV1'),
('3086', 'Tri Tôn', '32', 'Xã', 'KV1'),
('3087', 'Ô Lâm', '32', 'Xã', 'KV1'),
('3088', 'Cô Tô', '32', 'Xã', 'KV1'),
('3089', 'Vĩnh Gia', '32', 'Xã', 'KV1'),
('3090', 'An Châu', '32', 'Xã', 'KV1'),
('3091', 'Bình Hoà', '32', 'Xã', 'KV1'),
('3092', 'Cần Đăng', '32', 'Xã', 'KV1'),
('3093', 'Vĩnh Hanh', '32', 'Xã', 'KV1'),
('3094', 'Vĩnh An', '32', 'Xã', 'KV1'),
('3095', 'Chợ Mới', '32', 'Xã', 'KV1'),
('3096', 'Cù Lao Giêng', '32', 'Xã', 'KV1'),
('3097', 'Hội An', '32', 'Xã', 'KV1'),
('3098', 'Long Điền', '32', 'Xã', 'KV1'),
('3099', 'Nhơn Mỹ', '32', 'Xã', 'KV1'),
('3100', 'Long Kiến', '32', 'Xã', 'KV1'),
('3101', 'Thoại Sơn', '32', 'Xã', 'KV1'),
('3102', 'Óc Eo', '32', 'Xã', 'KV1'),
('3103', 'Định Mỹ', '32', 'Xã', 'KV1'),
('3104', 'Phú Hoà', '32', 'Xã', 'KV1'),
('3105', 'Vĩnh Trạch', '32', 'Xã', 'KV1'),
('3106', 'Tây Phú', '32', 'Xã', 'KV1'),
('3107', 'Vĩnh Bình', '32', 'Xã', 'KV1'),
('3108', 'Vĩnh Thuận', '32', 'Xã', 'KV1'),
('3109', 'Vĩnh Phong', '32', 'Xã', 'KV1'),
('3110', 'Vĩnh Hoà', '32', 'Xã', 'KV1'),
('3111', 'U Minh Thượng', '32', 'Xã', 'KV1'),
('3112', 'Đông Hoà', '32', 'Xã', 'KV1'),
('3113', 'Tân Thạnh', '32', 'Xã', 'KV1'),
('3114', 'Đông Hưng', '32', 'Xã', 'KV1'),
('3115', 'An Minh', '32', 'Xã', 'KV1'),
('3116', 'Vân Khánh', '32', 'Xã', 'KV1'),
('3117', 'Tây Yên', '32', 'Xã', 'KV1'),
('3118', 'Đông Thái', '32', 'Xã', 'KV1'),
('3119', 'An Biên', '32', 'Xã', 'KV1'),
('3120', 'Định Hoà', '32', 'Xã', 'KV1'),
('3121', 'Gò Quao', '32', 'Xã', 'KV1'),
('3122', 'Vĩnh Hoà Hưng', '32', 'Xã', 'KV1'),
('3123', 'Vĩnh Tuy', '32', 'Xã', 'KV1'),
('3124', 'Giồng Riềng', '32', 'Xã', 'KV1'),
('3125', 'Thạnh Hưng', '32', 'Xã', 'KV1'),
('3126', 'Long Thạnh', '32', 'Xã', 'KV1'),
('3127', 'Hoà Hưng', '32', 'Xã', 'KV1'),
('3128', 'Ngọc Chúc', '32', 'Xã', 'KV1'),
('3129', 'Hoà Thuận', '32', 'Xã', 'KV1'),
('3130', 'Tân Hội', '32', 'Xã', 'KV1'),
('3131', 'Tân Hiệp', '32', 'Xã', 'KV1'),
('3132', 'Thạnh Đông', '32', 'Xã', 'KV1'),
('3133', 'Thạnh Lộc', '32', 'Xã', 'KV1'),
('3134', 'Châu Thành', '32', 'Xã', 'KV1'),
('3135', 'Bình An', '32', 'Xã', 'KV1'),
('3136', 'Hòn Đất', '32', 'Xã', 'KV1'),
('3137', 'Sơn Kiên', '32', 'Xã', 'KV1'),
('3138', 'Mỹ Thuận', '32', 'Xã', 'KV1'),
('3139', 'Bình Sơn', '32', 'Xã', 'KV1'),
('3140', 'Bình Giang', '32', 'Xã', 'KV1'),
('3141', 'Giang Thành', '32', 'Xã', 'KV1'),
('3142', 'Vĩnh Điều', '32', 'Xã', 'KV1'),
('3143', 'Hoà Điền', '32', 'Xã', 'KV1'),
('3144', 'Kiên Lương', '32', 'Xã', 'KV1'),
('3145', 'Sơn Hải', '32', 'Xã', 'KV1'),
('3146', 'Hòn Nghệ', '32', 'Xã', 'KV1'),
('3147', 'khu Kiên Hải', '32', 'Xã', 'KV1'),
('3148', 'Vĩnh Thông', '32', 'Phường', 'KV1'),
('3149', 'Rạch Giá', '32', 'Phường', 'KV1'),
('3150', 'Hà Tiên', '32', 'Phường', 'KV1'),
('3151', 'Tô Châu', '32', 'Phường', 'KV1'),
('3152', 'Tiên Hải', '32', 'Xã', 'KV1'),
('3153', 'khu Phú Quốc', '32', 'Xã', 'KV1'),
('3154', 'khu Thổ Châu', '32', 'Xã', 'KV1'),
('3155', 'Ninh Kiều', '33', 'Phường', 'KV1'),
('3156', 'Cái Khế', '33', 'Phường', 'KV1'),
('3157', 'Tân An', '33', 'Phường', 'KV1'),
('3158', 'An Bình', '33', 'Phường', 'KV1'),
('3159', 'Thới An Đông', '33', 'Phường', 'KV1'),
('3160', 'Bình Thủy', '33', 'Phường', 'KV1'),
('3161', 'Long Tuyền', '33', 'Phường', 'KV1'),
('3162', 'Cái Răng', '33', 'Phường', 'KV1'),
('3163', 'Hưng Phú', '33', 'Phường', 'KV1'),
('3164', 'Ô Môn', '33', 'Phường', 'KV1'),
('3165', 'Thới Long', '33', 'Phường', 'KV1'),
('3166', 'Phước Thới', '33', 'Phường', 'KV1'),
('3167', 'Trung Nhứt', '33', 'Phường', 'KV1'),
('3168', 'Thốt Nốt', '33', 'Phường', 'KV1'),
('3169', 'Thuận Hưng', '33', 'Phường', 'KV1'),
('3170', 'Tân Lộc', '33', 'Phường', 'KV1'),
('3171', 'Phong Điền', '33', 'Xã', 'KV1'),
('3172', 'Nhơn Ái', '33', 'Xã', 'KV1'),
('3173', 'Trường Long', '33', 'Xã', 'KV1'),
('3174', 'Thới Lai', '33', 'Xã', 'KV1'),
('3175', 'Đông Thuận', '33', 'Xã', 'KV1'),
('3176', 'Trường Xuân', '33', 'Xã', 'KV1'),
('3177', 'Trường Thành', '33', 'Xã', 'KV1'),
('3178', 'Cờ Đỏ', '33', 'Xã', 'KV1'),
('3179', 'Đông Hiệp', '33', 'Xã', 'KV1'),
('3180', 'Thạnh Phú', '33', 'Xã', 'KV1'),
('3181', 'Thới Hưng', '33', 'Xã', 'KV1'),
('3182', 'Trung Hưng', '33', 'Xã', 'KV1'),
('3183', 'Vĩnh Thạnh', '33', 'Xã', 'KV1'),
('3184', 'Vĩnh Trinh', '33', 'Xã', 'KV1'),
('3185', 'Thạnh An', '33', 'Xã', 'KV1'),
('3186', 'Thạnh Quới', '33', 'Xã', 'KV1'),
('3187', 'Hỏa Lựu', '33', 'Xã', 'KV1'),
('3188', 'Vị Thanh', '33', 'Phường', 'KV1'),
('3189', 'Vị Tân', '33', 'Phường', 'KV1'),
('3190', 'Vị Thủy', '33', 'Xã', 'KV1'),
('3191', 'Vĩnh Thuận Đông', '33', 'Xã', 'KV1'),
('3192', 'Vị Thanh 1', '33', 'Xã', 'KV1'),
('3193', 'Vĩnh Tường', '33', 'Xã', 'KV1'),
('3194', 'Vĩnh Viễn', '33', 'Xã', 'KV1'),
('3195', 'Xà Phiên', '33', 'Xã', 'KV1'),
('3196', 'Lương Tâm', '33', 'Xã', 'KV1'),
('3197', 'Long Bình', '33', 'Phường', 'KV1'),
('3198', 'Long Mỹ', '33', 'Phường', 'KV1'),
('3199', 'Long Phú 1', '33', 'Phường', 'KV1'),
('3200', 'Thạnh Xuân', '33', 'Xã', 'KV1'),
('3201', 'Tân Hoà', '33', 'Xã', 'KV1'),
('3202', 'Trường Long Tây', '33', 'Xã', 'KV1'),
('3203', 'Châu Thành', '33', 'Xã', 'KV1'),
('3204', 'Đông Phước', '33', 'Xã', 'KV1'),
('3205', 'Phú Hữu', '33', 'Xã', 'KV1'),
('3206', 'Đại Thành', '33', 'Phường', 'KV1'),
('3207', 'Ngã Bảy', '33', 'Phường', 'KV1'),
('3208', 'Tân Bình', '33', 'Xã', 'KV1'),
('3209', 'Hoà An', '33', 'Xã', 'KV1'),
('3210', 'Phương Bình', '33', 'Xã', 'KV1'),
('3211', 'Tân Phước Hưng', '33', 'Xã', 'KV1'),
('3212', 'Hiệp Hưng', '33', 'Xã', 'KV1'),
('3213', 'Phụng Hiệp', '33', 'Xã', 'KV1'),
('3214', 'Thạnh Hoà', '33', 'Xã', 'KV1'),
('3215', 'Phú Lợi', '33', 'Phường', 'KV1'),
('3216', 'Sóc Trăng', '33', 'Phường', 'KV1'),
('3217', 'Mỹ Xuyên', '33', 'Phường', 'KV1'),
('3218', 'Hoà Tú', '33', 'Xã', 'KV1'),
('3219', 'Gia Hoà', '33', 'Xã', 'KV1'),
('3220', 'Nhu Gia', '33', 'Xã', 'KV1'),
('3221', 'Ngọc Tố', '33', 'Xã', 'KV1'),
('3222', 'Trường Khánh', '33', 'Xã', 'KV1'),
('3223', 'Đại Ngãi', '33', 'Xã', 'KV1'),
('3224', 'Tân Thạnh', '33', 'Xã', 'KV1'),
('3225', 'Long Phú', '33', 'Xã', 'KV1'),
('3226', 'Nhơn Mỹ', '33', 'Xã', 'KV1'),
('3227', 'Phong Nẫm', '33', 'Xã', 'KV1'),
('3228', 'An Lạc Thôn', '33', 'Xã', 'KV1'),
('3229', 'Kế Sách', '33', 'Xã', 'KV1'),
('3230', 'Thới An Hội', '33', 'Xã', 'KV1'),
('3231', 'Đại Hải', '33', 'Xã', 'KV1'),
('3232', 'Phú Tâm', '33', 'Xã', 'KV1'),
('3233', 'An Ninh', '33', 'Xã', 'KV1'),
('3234', 'Thuận Hoà', '33', 'Xã', 'KV1'),
('3235', 'Hồ Đắc Kiện', '33', 'Xã', 'KV1'),
('3236', 'Mỹ Tú', '33', 'Xã', 'KV1'),
('3237', 'Long Hưng', '33', 'Xã', 'KV1'),
('3238', 'Mỹ Phước', '33', 'Xã', 'KV1'),
('3239', 'Mỹ Hương', '33', 'Xã', 'KV1'),
('3240', 'Vĩnh Hải', '33', 'Xã', 'KV1'),
('3241', 'Lai Hoà', '33', 'Xã', 'KV1'),
('3242', 'Vĩnh Phước', '33', 'Phường', 'KV1'),
('3243', 'Vĩnh Châu', '33', 'Phường', 'KV1'),
('3244', 'Khánh Hoà', '33', 'Phường', 'KV1'),
('3245', 'Tân Long', '33', 'Xã', 'KV1'),
('3246', 'Ngã Năm', '33', 'Phường', 'KV1'),
('3247', 'Mỹ Quới', '33', 'Phường', 'KV1'),
('3248', 'Phú Lộc', '33', 'Xã', 'KV1'),
('3249', 'Vĩnh Lợi', '33', 'Xã', 'KV1'),
('3250', 'Lâm Tân', '33', 'Xã', 'KV1'),
('3251', 'Thạnh Thới An', '33', 'Xã', 'KV1'),
('3252', 'Tài Văn', '33', 'Xã', 'KV1'),
('3253', 'Liêu Tú', '33', 'Xã', 'KV1'),
('3254', 'Lịch Hội Thượng', '33', 'Xã', 'KV1'),
('3255', 'Trần Đề', '33', 'Xã', 'KV1'),
('3256', 'An Thạnh', '33', 'Xã', 'KV1'),
('3257', 'Cù Lao Dung', '33', 'Xã', 'KV1'),
('3258', 'An Xuyên', '34', 'Phường', 'KV1'),
('3259', 'Lý Văn Lâm', '34', 'Phường', 'KV1'),
('3260', 'Tân Thành', '34', 'Phường', 'KV1'),
('3261', 'Hòa Thành', '34', 'Phường', 'KV1'),
('3262', 'Tân Thuận', '34', 'Xã', 'KV1'),
('3263', 'Tân Tiến', '34', 'Xã', 'KV1'),
('3264', 'Tạ An Khương', '34', 'Xã', 'KV1'),
('3265', 'Trần Phán', '34', 'Xã', 'KV1'),
('3266', 'Thanh Tùng', '34', 'Xã', 'KV1'),
('3267', 'Đầm Dơi', '34', 'Xã', 'KV1'),
('3268', 'Quách Phẩm', '34', 'Xã', 'KV1'),
('3269', 'U Minh', '34', 'Xã', 'KV1'),
('3270', 'Nguyễn Phích', '34', 'Xã', 'KV1'),
('3271', 'Khánh Lâm', '34', 'Xã', 'KV1'),
('3272', 'Khánh An', '34', 'Xã', 'KV1'),
('3273', 'Phan Ngọc Hiển', '34', 'Xã', 'KV1'),
('3274', 'Đất Mũi', '34', 'Xã', 'KV1'),
('3275', 'Tân Ân', '34', 'Xã', 'KV1'),
('3276', 'Khánh Bình', '34', 'Xã', 'KV1'),
('3277', 'Đá Bạc', '34', 'Xã', 'KV1'),
('3278', 'Khánh Hưng', '34', 'Xã', 'KV1'),
('3279', 'Sông Đốc', '34', 'Xã', 'KV1'),
('3280', 'Trần Văn Thời', '34', 'Xã', 'KV1'),
('3281', 'Thới Bình', '34', 'Xã', 'KV1'),
('3282', 'Trí Phải', '34', 'Xã', 'KV1'),
('3283', 'Tân Lộc', '34', 'Xã', 'KV1'),
('3284', 'Hồ Thị Kỷ', '34', 'Xã', 'KV1'),
('3285', 'Biển Bạch', '34', 'Xã', 'KV1'),
('3286', 'Đất Mới', '34', 'Xã', 'KV1'),
('3287', 'Năm Căn', '34', 'Xã', 'KV1'),
('3288', 'Tam Giang', '34', 'Xã', 'KV1'),
('3289', 'Cái Đôi Vàm', '34', 'Xã', 'KV1'),
('3290', 'Nguyễn Việt Khái', '34', 'Xã', 'KV1'),
('3291', 'Phú Tân', '34', 'Xã', 'KV1'),
('3292', 'Phú Mỹ', '34', 'Xã', 'KV1'),
('3293', 'Lương Thế Trân', '34', 'Xã', 'KV1'),
('3294', 'Tân Hưng', '34', 'Xã', 'KV1'),
('3295', 'Hưng Mỹ', '34', 'Xã', 'KV1'),
('3296', 'Cái Nước', '34', 'Xã', 'KV1'),
('3297', 'Bạc Liêu', '34', 'Phường', 'KV1'),
('3298', 'Vĩnh Trạch', '34', 'Phường', 'KV1'),
('3299', 'Hiệp Thành', '34', 'Phường', 'KV1'),
('3300', 'Giá Rai', '34', 'Phường', 'KV1'),
('3301', 'Láng Tròn', '34', 'Phường', 'KV1'),
('3302', 'Phong Thạnh', '34', 'Xã', 'KV1'),
('3303', 'Hồng Dân', '34', 'Xã', 'KV1'),
('3304', 'Vĩnh Lộc', '34', 'Xã', 'KV1'),
('3305', 'Ninh Thạnh Lợi', '34', 'Xã', 'KV1'),
('3306', 'Ninh Quới', '34', 'Xã', 'KV1'),
('3307', 'Gành Hào', '34', 'Xã', 'KV1'),
('3308', 'Định Thành', '34', 'Xã', 'KV1'),
('3309', 'An Trạch', '34', 'Xã', 'KV1'),
('3310', 'Long Điền', '34', 'Xã', 'KV1'),
('3311', 'Đông Hải', '34', 'Xã', 'KV1'),
('3312', 'Hoà Bình', '34', 'Xã', 'KV1'),
('3313', 'Vĩnh Mỹ', '34', 'Xã', 'KV1'),
('3314', 'Vĩnh Hậu', '34', 'Xã', 'KV1'),
('3315', 'Phước Long', '34', 'Xã', 'KV1'),
('3316', 'Vĩnh Phước', '34', 'Xã', 'KV1'),
('3317', 'Phong Hiệp', '34', 'Xã', 'KV1'),
('3318', 'Vĩnh Thanh', '34', 'Xã', 'KV1'),
('3319', 'Vĩnh Lợi', '34', 'Xã', 'KV1'),
('3320', 'Hưng Hội', '34', 'Xã', 'KV1'),
('3321', 'Châu Thới', '34', 'Xã', 'KV1');

-- INSERT DATA - Đối tượng ưu tiên (Priority Objects)
-- =====================================================
INSERT INTO doi_tuong (ma_doi_tuong, ten_doi_tuong, ti_le_giam_hoc_phi, do_uu_tien, mo_ta) VALUES
('DT01', 'Con liệt sĩ', 100.0, 1, 'Miễn 100% học phí'),
('DT02', 'Con thương binh, bệnh binh (mất sức lao động từ 81% trở lên)', 80.0, 2, 'Giảm 80% học phí'),
('DT03', 'Con thương binh, bệnh binh (mất sức lao động từ 61% đến 80%)', 70.0, 3, 'Giảm 70% học phí'),
('DT04', 'Hộ nghèo', 70.0, 4, 'Giảm 70% học phí'),
('DT05', 'Mồ côi cả cha lẫn mẹ, không nơi nương tựa', 70.0, 5, 'Giảm 70% học phí'),
('DT06', 'Vùng sâu vùng xa (KV3 + Dân tộc thiểu số)', 50.0, 6, 'Giảm 50% HP - Sinh viên thuộc khu vực KV3 VÀ là dân tộc thiểu số'),
('DT07', 'Hộ cận nghèo', 50.0, 7, 'Giảm 50% học phí'),
('DT08', 'Dân tộc thiểu số vùng đặc biệt khó khăn', 50.0, 8, 'Giảm 50% học phí'),
('DT09', 'Dân tộc thiểu số', 30.0, 9, 'Giảm 30% học phí'),
('DT10', 'Mồ côi cha hoặc mẹ', 30.0, 10, 'Giảm 30% học phí'),
('DT11', 'Khuyết tật', 50.0, 11, 'Giảm 50% học phí'),
('DT12', 'Con thương binh (mất sức lao động từ 21% đến 60%)', 30.0, 12, 'Giảm 30% học phí');

-- =====================================================
-- INSERT DATA - Tiết học (Class Periods)
-- Thứ 2 - Thứ 7, Tiết 1-10 và Buổi tối
-- Ghi chú: 
--   - Giờ nghỉ giải lao: 10:30-10:45 (giữa Tiết 4 và Tiết 5)
--   - Giờ nghỉ trưa: 11:30-13:00 (giữa Tiết 5 và Tiết 6)
--   - Giờ nghỉ chiều: 15:15-15:30 (giữa Tiết 8 và Tiết 9)
-- =====================================================
INSERT INTO tiet_hoc (ma_tiet, ten_tiet, gio_bat_dau, gio_ket_thuc, thu_tu, mo_ta) VALUES
('T1', 'Tiết 1', '07:30:00', '08:15:00', 1, 'Tiết 1 (7:30 - 8:15)'),
('T2', 'Tiết 2', '08:15:00', '09:00:00', 2, 'Tiết 2 (8:15 - 9:00)'),
('T3', 'Tiết 3', '09:00:00', '09:45:00', 3, 'Tiết 3 (9:00 - 9:45)'),
('T4', 'Tiết 4', '09:45:00', '10:30:00', 4, 'Tiết 4 (9:45 - 10:30)'),
-- Nghỉ giải lao: 10:30-10:45
('T5', 'Tiết 5', '10:45:00', '11:30:00', 5, 'Tiết 5 (10:45 - 11:30)'),
-- Nghỉ trưa: 11:30-13:00
('T6', 'Tiết 6', '13:00:00', '13:45:00', 6, 'Tiết 6 (13:00 - 13:45)'),
('T7', 'Tiết 7', '13:45:00', '14:30:00', 7, 'Tiết 7 (13:45 - 14:30)'),
('T8', 'Tiết 8', '14:30:00', '15:15:00', 8, 'Tiết 8 (14:30 - 15:15)'),
-- Nghỉ giải lao: 15:15-15:30
('T9', 'Tiết 9', '15:30:00', '16:15:00', 9, 'Tiết 9 (15:30 - 16:15)'),
('T10', 'Tiết 10', '16:15:00', '17:00:00', 10, 'Tiết 10 (16:15 - 17:00)'),
('TOI', 'Buổi tối', '17:45:00', '20:45:00', 11, 'Buổi tối (17:45 - 20:45)');

-- =====================================================
-- INSERT DATA - Cấu hình đăng ký môn học
-- Quy định số tín chỉ tối đa và điều kiện vượt
-- =====================================================
INSERT INTO cau_hinh_dang_ky (ma_cau_hinh, ten_cau_hinh, gia_tri, gia_tri_so, mo_ta) VALUES
('MAX_TC_HK', 'Số tín chỉ tối đa mỗi học kỳ', 24, NULL, 'Sinh viên không được đăng ký quá 24 tín chỉ mỗi học kỳ'),
('MIN_GPA_VUOT', 'Điểm GPA tối thiểu để vượt tín chỉ', 0, 8.50, 'Sinh viên cần có GPA >= 8.5 để đăng ký vượt số tín chỉ tối đa'),
('MAX_TC_VUOT', 'Số tín chỉ tối đa khi vượt', 30, NULL, 'Sinh viên có GPA >= 8.5 được đăng ký tối đa 30 tín chỉ'),
('DIEM_DAU', 'Điểm đậu tối thiểu', 5, 5.00, 'Điểm trung bình môn >= 5.0 mới được tính là đậu'),
('MIN_TC_HK', 'Số tín chỉ tối thiểu mỗi học kỳ', 14, NULL, 'Sinh viên phải đăng ký tối thiểu 14 tín chỉ mỗi học kỳ');

-- =====================================================
-- INSERT DATA - Khoa (Faculties)
-- =====================================================
INSERT INTO khoa (ma_khoa, ten_khoa, ten_viet_tat, sdt, email, dia_chi) VALUES
('CNTT', 'Khoa Công nghệ Thông tin', 'CNTT', '0283.8971234', 'cntt@uit.edu.vn', 'Phòng E101'),
('KTMT', 'Khoa Kỹ thuật Máy tính', 'KTMT', '0283.8971235', 'ktmt@uit.edu.vn', 'Phòng E102'),
('HTTT', 'Khoa Hệ thống Thông tin', 'HTTT', '0283.8971236', 'httt@uit.edu.vn', 'Phòng E103'),
('KHMT', 'Khoa Khoa học Máy tính', 'KHMT', '0283.8971237', 'khmt@uit.edu.vn', 'Phòng E104'),
('MMT', 'Khoa Mạng máy tính và Truyền thông', 'MMT&TT', '0283.8971238', 'mmt@uit.edu.vn', 'Phòng E105'),
('KTTT', 'Khoa Kỹ thuật Thông tin', 'KTTT', '0283.8971239', 'kttt@uit.edu.vn', 'Phòng E106'),
('CNPM', 'Khoa Công nghệ Phần mềm', 'CNPM', '0283.8971240', 'cnpm@uit.edu.vn', 'Phòng E107');

-- =====================================================
-- INSERT DATA - Ngành học (Academic Programs)
-- Cập nhật theo chương trình đào tạo thực tế
-- =====================================================
INSERT INTO nganh_hoc (ma_nganh, ten_nganh, ma_khoa, so_tin_chi_toi_thieu) VALUES
('KTPM', 'Kỹ thuật Phần mềm', 'CNPM', 130),
('KHMT', 'Khoa học Máy tính', 'KHMT', 126),
('HTTT', 'Hệ thống Thông tin', 'HTTT', 132),
('HTTT_TT', 'Hệ thống Thông tin Tiên tiến', 'HTTT', 130),
('MMT', 'Mạng máy tính và Truyền thông dữ liệu', 'MMT', 130),
('TMDT', 'Thương mại điện tử', 'HTTT', 125),
('ATTT', 'An toàn Thông tin', 'MMT', 129),
('KTMT', 'Kỹ thuật Máy tính', 'KTMT', 128),
('CNTT', 'Công nghệ Thông tin', 'CNTT', 125),
('CNTT_VN', 'Công nghệ Thông tin Việt Nhật', 'CNTT', 132),
('KHDL', 'Khoa học Dữ liệu', 'KTTT', 123),
('TTNT', 'Trí tuệ Nhân tạo', 'KHMT', 128),
('TKVM', 'Thiết kế Vi mạch', 'KTMT', 132);

-- =====================================================
-- INSERT DATA - Môn học (Courses)
-- =====================================================
INSERT INTO mon_hoc (ma_mon_hoc, ten_mon_hoc, ma_khoa, loai_mon, so_tiet) VALUES
('ACCT3603', 'Hệ thống thông tin kế toán', 'HTTT', 'LT', 45),
('ACCT5123', 'Hoạch định nguồn lực doanh nghiệp', 'HTTT', 'LT', 45),
('ADENG1', 'Tiếng Anh tăng cường 1', 'HTTT', 'LT', 15),
('ADENG2', 'Tiếng Anh tăng cường 2', 'HTTT', 'LT', 15),
('ADENG3', 'Tiếng Anh tăng cường 3', 'HTTT', 'LT', 15),
('ADENG4', 'Tiếng Anh tăng cường 4', 'HTTT', 'LT', 15),
('AI001', 'Giới thiệu ngành Trí tuệ nhân tạo', 'KHMT', 'LT', 15),
('AI002', 'Tư duy Trí tuệ nhân tạo', 'KHMT', 'LT', 45),
('AI002_TH', 'Tư duy Trí tuệ nhân tạo (Thực hành)', 'KHMT', 'TH', 30),
('AI301', 'Khởi nghiệp và sáng tạo', 'KHMT', 'LT', 30),
('AI302', 'Kỹ thuật viết báo cáo và trình bày', 'KHMT', 'LT', 30),
('AI503', 'Đồ án tốt nghiệp', 'KHMT', 'LT', 90),
('AI504', 'Đồ án tốt nghiệp tại doanh nghiệp', 'KHMT', 'LT', 150),
('AI505', 'Khoá luận tốt nghiệp', 'KHMT', 'LT', 150),
('BCH058', 'Kỹ năng truyền thông giao tiếp', 'CNTT', 'LT', 15),
('BCH058_TH', 'Kỹ năng truyền thông giao tiếp (Thực hành)', 'CNTT', 'TH', 30),
('BOQC1', 'Nhập môn máy tính lượng tử', 'CNTT', 'LT', 15),
('BUS1125', 'Khởi nghiệp kinh doanh', 'CNTT', 'LT', 30),
('BUS1125_TH', 'Khởi nghiệp kinh doanh (Thực hành)', 'CNTT', 'TH', 30),
('CARC1', 'Kiến trúc máy tính', 'KTMT', 'LT', 45),
('CE005', 'Giới thiệu ngành Kỹ Thuật Máy tính', 'KTMT', 'LT', 15),
('CE006', 'Giới thiệu ngành Thiết kế vi mạch', 'KTMT', 'LT', 15),
('CE101', 'Lý thuyết mạch điện', 'KTMT', 'LT', 60),
('CE102', 'Hệ thống số', 'KTMT', 'LT', 45),
('CE102_TH', 'Hệ thống số (Thực hành)', 'KTMT', 'TH', 30),
('CE103', 'Vi xử lý-vi điều khiển', 'KTMT', 'LT', 45),
('CE103_TH', 'Vi xử lý-vi điều khiển (Thực hành)', 'KTMT', 'TH', 30),
('CE104', 'Các thiết bị và mạch điện tử', 'KTMT', 'LT', 15),
('CE105', 'Xử lý tín hiệu số', 'KTMT', 'LT', 15),
('CE106', 'Thiết kế vi mạch với HDL', 'KTMT', 'LT', 45),
('CE106_TH', 'Thiết kế vi mạch với HDL (Thực hành)', 'KTMT', 'TH', 30),
('CE107', 'Hệ thống nhúng', 'KTMT', 'LT', 15),
('CE108', 'Hệ điều hành nâng cao', 'KTMT', 'LT', 45),
('CE109', 'Lập trình nhúng căn bản', 'KTMT', 'LT', 30),
('CE109_TH', 'Lập trình nhúng căn bản (Thực hành)', 'KTMT', 'TH', 30),
('CE110', 'Lập trình hệ thống với Java', 'KTMT', 'LT', 45),
('CE110_TH', 'Lập trình hệ thống với Java (Thực hành)', 'KTMT', 'TH', 30),
('CE111', 'Kiến trúc máy tính nâng cao', 'KTMT', 'LT', 30),
('CE111_TH', 'Kiến trúc máy tính nâng cao (Thực hành)', 'KTMT', 'TH', 30),
('CE112', 'Đồ án môn học thiết kế mạch', 'KTMT', 'TH', 60),
('CE113', 'Điều khiển tự động', 'KTMT', 'LT', 45),
('CE114', 'Lập trình trên thiết bị di động', 'KTMT', 'LT', 30),
('CE114_TH', 'Lập trình trên thiết bị di động (Thực hành)', 'KTMT', 'TH', 30),
('CE115', 'Thiết kế mạng', 'KTMT', 'LT', 45),
('CE115_TH', 'Thiết kế mạng (Thực hành)', 'KTMT', 'TH', 30),
('CE116', 'Đồ án môn học ngành KTMT', 'KTMT', 'TH', 60),
('CE117', 'Thực hành điện- điện tử', 'KTMT', 'LT', 15),
('CE118', 'Thiết kế luận lý số', 'KTMT', 'LT', 45),
('CE118_TH', 'Thiết kế luận lý số (Thực hành)', 'KTMT', 'TH', 30),
('CE119', 'Thực hành Kiến trúc máy tính', 'KTMT', 'TH', 30),
('CE121', 'Lý thuyết mạch điện', 'KTMT', 'LT', 15),
('CE122', 'Phân tích mạch kỹ thuật', 'KTMT', 'LT', 45),
('CE122_TH', 'Phân tích mạch kỹ thuật (Thực hành)', 'KTMT', 'TH', 30),
('CE124', 'Các thiết bị và mạch điện tử', 'KTMT', 'LT', 45),
('CE124_TH', 'Các thiết bị và mạch điện tử (Thực hành)', 'KTMT', 'TH', 30),
('CE125', 'Kỹ thuật phân tích mạch', 'KTMT', 'LT', 45),
('CE125_TH', 'Kỹ thuật phân tích mạch (Thực hành)', 'KTMT', 'TH', 30),
('CE126', 'Vật lý bán dẫn và ứng dụng', 'KTMT', 'LT', 45),
('CE126_TH', 'Vật lý bán dẫn và ứng dụng (Thực hành)', 'KTMT', 'TH', 30),
('CE201', 'Đồ án 1', 'KTMT', 'LT', 15),
('CE202', 'An toàn mạng máy tính', 'KTMT', 'LT', 45),
('CE203', 'Điều khiển tự động nâng cao', 'KTMT', 'LT', 45),
('CE204', 'Thiết kế và lập trình Web', 'KTMT', 'LT', 45),
('CE205', 'Xử lý tín hiệu số', 'KTMT', 'LT', 45),
('CE205_TH', 'Xử lý tín hiệu số (Thực hành)', 'KTMT', 'TH', 30),
('CE206', 'Đồ án 2', 'KTMT', 'LT', 15),
('CE207', 'Đồ án Thiết kế vi mạch 1', 'KTMT', 'LT', 15),
('CE208', 'Đồ án Thiết kế vi mạch 2', 'KTMT', 'TH', 60),
('CE211', 'Lập trình nhúng căn bản', 'KTMT', 'LT', 45),
('CE211_TH', 'Lập trình nhúng căn bản (Thực hành)', 'KTMT', 'TH', 30),
('CE212', 'Điều khiển tự động', 'KTMT', 'LT', 15),
('CE213', 'Thiết kế hệ thống số với HDL', 'KTMT', 'LT', 15),
('CE219', 'Tương tác người - máy', 'KTMT', 'LT', 45),
('CE221', 'Thiết kế vi mạch với HDL', 'KTMT', 'LT', 15),
('CE222', 'Thiết kế vi mạch số', 'KTMT', 'LT', 45),
('CE222_TH', 'Thiết kế vi mạch số (Thực hành)', 'KTMT', 'TH', 30),
('CE224', 'Thiết kế hệ thống nhúng', 'KTMT', 'LT', 45),
('CE224_TH', 'Thiết kế hệ thống nhúng (Thực hành)', 'KTMT', 'TH', 30),
('CE226', 'Thiết kế VLSI', 'KTMT', 'LT', 45),
('CE226_TH', 'Thiết kế VLSI (Thực hành)', 'KTMT', 'TH', 30),
('CE232', 'Thiết kế hệ thống nhúng không dây', 'KTMT', 'LT', 45),
('CE232_TH', 'Thiết kế hệ thống nhúng không dây (Thực hành)', 'KTMT', 'TH', 30),
('CE233', 'Kỹ thuật Robot', 'KTMT', 'LT', 45),
('CE233_TH', 'Kỹ thuật Robot (Thực hành)', 'KTMT', 'TH', 30),
('CE301', 'Hệ thống chứng thực số', 'KTMT', 'LT', 45),
('CE302', 'Thiết kế vi mạch', 'KTMT', 'LT', 30),
('CE302_TH', 'Thiết kế vi mạch (Thực hành)', 'KTMT', 'TH', 30),
('CE303', 'Robot công nghiệp', 'KTMT', 'LT', 15),
('CE3031', 'Công nghệ cảm biến', 'KTMT', 'LT', 15),
('CE304', 'Robot công nghiệp', 'KTMT', 'LT', 15),
('CE306', 'Thị giác máy tính', 'KTMT', 'LT', 45),
('CE312', 'Hệ thống thời gian thực', 'KTMT', 'LT', 15),
('CE313', 'Xử lý song song và hệ thống phân tán', 'KTMT', 'LT', 15),
('CE314', 'Trình biên dịch', 'KTMT', 'LT', 15),
('CE315', 'Lập trình hệ thống với Java', 'KTMT', 'LT', 30),
('CE315_TH', 'Lập trình hệ thống với Java (Thực hành)', 'KTMT', 'TH', 30),
('CE316', 'Logic mờ và ứng dụng', 'KTMT', 'LT', 45),
('CE317', 'Điều khiển tự động nâng cao', 'KTMT', 'LT', 15),
('CE318', 'Trình biên dịch', 'KTMT', 'LT', 15),
('CE319', 'Logic mờ và ứng dụng', 'KTMT', 'LT', 45),
('CE319_TH', 'Logic mờ và ứng dụng (Thực hành)', 'KTMT', 'TH', 30),
('CE320', 'Logic mờ cho ứng dụng hệ thống nhúng', 'KTMT', 'LT', 45),
('CE320_TH', 'Logic mờ cho ứng dụng hệ thống nhúng (Thực hành)', 'KTMT', 'TH', 30),
('CE321', 'Kỹ thuật chế tạo vi mạch', 'KTMT', 'LT', 45),
('CE322', 'Thiết kế vi mạch hỗn hợp', 'KTMT', 'LT', 30),
('CE322_TH', 'Thiết kế vi mạch hỗn hợp (Thực hành)', 'KTMT', 'TH', 30),
('CE323', 'Kĩ thuật thiết kế mạch in', 'KTMT', 'LT', 15),
('CE324', 'Thiết kế vi mạch tương tự', 'KTMT', 'LT', 15),
('CE325', 'Thiết kế dựa trên vi xử lý', 'KTMT', 'LT', 15),
('CE326', 'Tự động hóa thiết kế vi mạch', 'KTMT', 'LT', 30),
('CE326_TH', 'Tự động hóa thiết kế vi mạch (Thực hành)', 'KTMT', 'TH', 30),
('CE327', 'Tối ưu hóa dựa trên FPGA', 'KTMT', 'LT', 15),
('CE331', 'Kỹ thuật chế tạo vi mạch', 'KTMT', 'LT', 45),
('CE331_TH', 'Kỹ thuật chế tạo vi mạch (Thực hành)', 'KTMT', 'TH', 30),
('CE332', 'Thiết kế vi mạch hỗn hợp', 'KTMT', 'LT', 45),
('CE332_TH', 'Thiết kế vi mạch hỗn hợp (Thực hành)', 'KTMT', 'TH', 30),
('CE333', 'Tiếng Anh chuyên ngành Kỹ thuật Máy tính', 'KTMT', 'LT', 15),
('CE334', 'Thiết kế vi mạch tương tự', 'KTMT', 'LT', 15),
('CE335', 'Thiết kế dựa trên vi xử lý', 'KTMT', 'LT', 15),
('CE336', 'Tự động hóa thiết kế vi mạch', 'KTMT', 'LT', 15),
('CE337', 'Tối ưu hóa dựa trên FPGA', 'KTMT', 'LT', 15),
('CE338', 'Hệ thống thời gian thực', 'KTMT', 'LT', 15),
('CE339', 'Công nghệ IoT và Ứng dụng', 'KTMT', 'LT', 15),
('CE340', 'Trí tuệ nhân tạo cho hệ thống nhúng', 'KTMT', 'LT', 45),
('CE340_TH', 'Trí tuệ nhân tạo cho hệ thống nhúng (Thực hành)', 'KTMT', 'TH', 30),
('CE341', 'Lập trình nhúng trên các thiết bị di động', 'KTMT', 'LT', 45),
('CE341_TH', 'Lập trình nhúng trên các thiết bị di động (Thực hành)', 'KTMT', 'TH', 30),
('CE342', 'Hệ thống thông minh', 'KTMT', 'LT', 45),
('CE342_TH', 'Hệ thống thông minh (Thực hành)', 'KTMT', 'TH', 30),
('CE343', 'Trí tuệ nhân tạo cho xe tự hành', 'KTMT', 'LT', 45),
('CE343_TH', 'Trí tuệ nhân tạo cho xe tự hành (Thực hành)', 'KTMT', 'TH', 30),
('CE344', 'Trí tuệ nhân tạo cho IoT', 'KTMT', 'LT', 45),
('CE344_TH', 'Trí tuệ nhân tạo cho IoT (Thực hành)', 'KTMT', 'TH', 30),
('CE345', 'Kiến trúc IoT: Giao thức mạng và bảo mật', 'KTMT', 'LT', 45),
('CE345_TH', 'Kiến trúc IoT: Giao thức mạng và bảo mật (Thực hành)', 'KTMT', 'TH', 30),
('CE346', 'Thiết kế Antenna tích hợp cho thiết bị IoT', 'KTMT', 'LT', 45),
('CE346_TH', 'Thiết kế Antenna tích hợp cho thiết bị IoT (Thực hành)', 'KTMT', 'TH', 30),
('CE347', 'Điều khiển thông minh cho robot', 'KTMT', 'LT', 45),
('CE347_TH', 'Điều khiển thông minh cho robot (Thực hành)', 'KTMT', 'TH', 30),
('CE348', 'Công nghệ cảm biến trong IoT', 'KTMT', 'LT', 45),
('CE348_TH', 'Công nghệ cảm biến trong IoT (Thực hành)', 'KTMT', 'TH', 30),
('CE349', 'Hệ thống nhúng trên SoC', 'KTMT', 'LT', 45),
('CE349_TH', 'Hệ thống nhúng trên SoC (Thực hành)', 'KTMT', 'TH', 30),
('CE350', 'Xử lý ảnh hướng ASIC', 'KTMT', 'LT', 45),
('CE350_TH', 'Xử lý ảnh hướng ASIC (Thực hành)', 'KTMT', 'TH', 30),
('CE351', 'Thiết kế bộ tăng tốc phần cứng', 'KTMT', 'LT', 45),
('CE351_TH', 'Thiết kế bộ tăng tốc phần cứng (Thực hành)', 'KTMT', 'TH', 30),
('CE352', 'Xử lý tín hiệu số trên FPGA', 'KTMT', 'LT', 15),
('CE353', 'Thiết kế vật lý vi mạch', 'KTMT', 'LT', 45),
('CE353_TH', 'Thiết kế vật lý vi mạch (Thực hành)', 'KTMT', 'TH', 30),
('CE401', 'Kỹ thuật hệ thống máy tính', 'KTMT', 'LT', 15),
('CE402', 'Các hệ điều hành nhúng', 'KTMT', 'LT', 15),
('CE403', 'Thiết kế số', 'KTMT', 'LT', 15),
('CE404', 'Kỹ thuật chế tạo vi mạch', 'KTMT', 'LT', 45),
('CE405', 'Tương tác người máy', 'KTMT', 'LT', 45),
('CE406', 'Tương tác người – Máy', 'KTMT', 'LT', 45),
('CE406_TH', 'Tương tác người – Máy (Thực hành)', 'KTMT', 'TH', 30),
('CE407', 'Đồ án chuyên ngành Hệ thống nhúng và Robot', 'KTMT', 'TH', 60),
('CE408', 'Đồ án chuyên ngành Thiết kế vi mạch và phần cứng', 'KTMT', 'LT', 15),
('CE409', 'Kỹ thuật thiết kế kiểm tra', 'KTMT', 'LT', 15),
('CE410', 'Kỹ thuật hệ thống máy tính', 'KTMT', 'LT', 15),
('CE411', 'Chuyên đề hệ thống nhúng và robot', 'KTMT', 'LT', 45),
('CE411_TH', 'Chuyên đề hệ thống nhúng và robot (Thực hành)', 'KTMT', 'TH', 30),
('CE412', 'Đồ án chuyên ngành Hệ thống nhúng và IoT', 'KTMT', 'TH', 60),
('CE413', 'Đồ án chuyên ngành Robotics và AI', 'KTMT', 'LT', 15),
('CE421', 'Chuyên đề thiết kế vi mạch và phần cứng', 'KTMT', 'LT', 15),
('CE430', 'Lập trình hệ thống', 'KTMT', 'LT', 45),
('CE430_TH', 'Lập trình hệ thống (Thực hành)', 'KTMT', 'TH', 30),
('CE432', 'Thiết kế vi mạch hướng ASIC', 'KTMT', 'LT', 15),
('CE433', 'Thiết kế hệ thống SoC', 'KTMT', 'LT', 15),
('CE434', 'Chuyên đề thiết kế hệ vi mạch 1', 'KTMT', 'LT', 45),
('CE434_TH', 'Chuyên đề thiết kế hệ vi mạch 1 (Thực hành)', 'KTMT', 'TH', 30),
('CE435', 'Chuyên đề thiết kế hệ vi mạch 2', 'KTMT', 'LT', 45),
('CE435_TH', 'Chuyên đề thiết kế hệ vi mạch 2 (Thực hành)', 'KTMT', 'TH', 30),
('CE436', 'Xử lý tín hiệu số và ứng dụng', 'KTMT', 'LT', 15),
('CE437', 'Chuyên đề thiết kế hệ thống nhúng 1', 'KTMT', 'LT', 45),
('CE437_TH', 'Chuyên đề thiết kế hệ thống nhúng 1 (Thực hành)', 'KTMT', 'TH', 30),
('CE438', 'Chuyên đề thiết kế hệ thống nhúng 2', 'KTMT', 'LT', 45),
('CE438_TH', 'Chuyên đề thiết kế hệ thống nhúng 2 (Thực hành)', 'KTMT', 'TH', 30),
('CE439', 'Lập trình song song và hệ phân tán', 'KTMT', 'LT', 15),
('CE440', 'Hệ thống định vị với ứng dụng AI', 'KTMT', 'LT', 45),
('CE440_TH', 'Hệ thống định vị với ứng dụng AI (Thực hành)', 'KTMT', 'TH', 30),
('CE441', 'Chuyên đề thiết kế Robotics và AI 1', 'KTMT', 'LT', 15),
('CE442', 'Chuyên đề thiết kế Robotics và AI 2', 'KTMT', 'LT', 15),
('CE501', 'Thực tập doanh nghiệp', 'KTMT', 'TH', 90),
('CE502', 'Thực tập doanh nghiệp', 'KTMT', 'LT', 30),
('CE505', 'Khóa luận tốt nghiệp', 'KTMT', 'LT', 150),
('CE506', 'Luận văn chuyên sâu đặc thù', 'KTMT', 'TH', 420),
('CE507', 'Đồ án tốt nghiệp tại doanh nghiệp', 'KTMT', 'LT', 150),
('CE508', 'Đồ án tốt nghiệp', 'KTMT', 'TH', 180),
('CE510', 'Chuyên đề tốt nghiệp định hướng Hệ thống nhúng và IoT', 'KTMT', 'LT', 45),
('CE510_TH', 'Chuyên đề tốt nghiệp định hướng Hệ thống nhúng và IoT (Thực hành)', 'KTMT', 'TH', 30),
('CE511', 'Chuyên đề tốt nghiệp định hướng Robotic và AI', 'KTMT', 'LT', 45),
('CE511_TH', 'Chuyên đề tốt nghiệp định hướng Robotic và AI (Thực hành)', 'KTMT', 'TH', 30),
('CE512', 'Chuyên đề tốt nghiệp định hướng thiết kế vi mạch', 'KTMT', 'LT', 45),
('CE512_TH', 'Chuyên đề tốt nghiệp định hướng thiết kế vi mạch (Thực hành)', 'KTMT', 'TH', 30),
('CM101', 'Quản lý giao tiếp', 'HTTT', 'LT', 45),
('CNBU001', 'Mạng máy tính', 'MMT', 'LT', 45),
('CNBU001_TH', 'Mạng máy tính (Thực hành)', 'MMT', 'TH', 30),
('CNBU002', 'Bảo mật', 'MMT', 'LT', 45),
('CNBU002_TH', 'Bảo mật (Thực hành)', 'MMT', 'TH', 30),
('CNBU003', 'Dự án nghiên cứu', 'MMT', 'LT', 60),
('CNBU003_TH', 'Dự án nghiên cứu (Thực hành)', 'MMT', 'TH', 120),
('CNBU004', 'Thiết kế và phát triển website', 'MMT', 'LT', 45),
('CNBU004_TH', 'Thiết kế và phát triển website (Thực hành)', 'MMT', 'TH', 30),
('CNBU005', 'Internet of Things', 'MMT', 'LT', 45),
('CNBU005_TH', 'Internet of Things (Thực hành)', 'MMT', 'TH', 30),
('CNBU006', 'An toàn mạng máy tính', 'MMT', 'LT', 45),
('CNBU006_TH', 'An toàn mạng máy tính (Thực hành)', 'MMT', 'TH', 30),
('CNBU007', 'Pháp chứng kỹ thuật số', 'MMT', 'LT', 45),
('CNBU007_TH', 'Pháp chứng kỹ thuật số (Thực hành)', 'MMT', 'TH', 30),
('CNBU008', 'Quản lý an toàn thông tin', 'MMT', 'LT', 45),
('CNBU008_TH', 'Quản lý an toàn thông tin (Thực hành)', 'MMT', 'TH', 30),
('CNBU009', 'Thực tập', 'MMT', 'LT', 15),
('CNBU101', 'Toán cho Tin học', 'MMT', 'LT', 600),
('CNBU101_TH', 'Toán cho Tin học (Thực hành)', 'MMT', 'TH', 750),
('CNBU102', 'Công nghệ mạng máy tính', 'MMT', 'LT', 600),
('CNBU102_TH', 'Công nghệ mạng máy tính (Thực hành)', 'MMT', 'TH', 750),
('CNBU103', 'Lập trình cho kỹ sư mạng máy tính', 'MMT', 'LT', 600),
('CNBU103_TH', 'Lập trình cho kỹ sư mạng máy tính (Thực hành)', 'MMT', 'TH', 750),
('CNBU104', 'Hệ thống Servers', 'MMT', 'LT', 600),
('CNBU104_TH', 'Hệ thống Servers (Thực hành)', 'MMT', 'TH', 750),
('CNBU105', 'Hệ thống mạng doanh nghiệp', 'MMT', 'LT', 600),
('CNBU105_TH', 'Hệ thống mạng doanh nghiệp (Thực hành)', 'MMT', 'TH', 750),
('CNBU106', 'Hoạt động an ninh mạng', 'MMT', 'LT', 600),
('CNBU106_TH', 'Hoạt động an ninh mạng (Thực hành)', 'MMT', 'TH', 750),
('CNBU107', 'Dự án chuyên ngành', 'MMT', 'LT', 600),
('CNBU107_TH', 'Dự án chuyên ngành (Thực hành)', 'MMT', 'TH', 750),
('CNBU108', 'Hệ điều hành', 'MMT', 'LT', 660),
('CNBU108_TH', 'Hệ điều hành (Thực hành)', 'MMT', 'TH', 750),
('CNBU201', 'Công nghệ mạng không dây', 'MMT', 'LT', 600),
('CNBU201_TH', 'Công nghệ mạng không dây (Thực hành)', 'MMT', 'TH', 750),
('CNBU202', 'Hệ thống tường lửa nâng cao', 'MMT', 'LT', 600),
('CNBU202_TH', 'Hệ thống tường lửa nâng cao (Thực hành)', 'MMT', 'TH', 750),
('CNBU203', 'An toàn mạng máy tính', 'MMT', 'LT', 600),
('CNBU203_TH', 'An toàn mạng máy tính (Thực hành)', 'MMT', 'TH', 750),
('CNBU204', 'Ethical Hacking', 'MMT', 'LT', 600),
('CNBU204_TH', 'Ethical Hacking (Thực hành)', 'MMT', 'TH', 750),
('CNBU205', 'Dự án cá nhân', 'MMT', 'LT', 600),
('CNBU205_TH', 'Dự án cá nhân (Thực hành)', 'MMT', 'TH', 750),
('CNET1', 'Mạng máy tính', 'MMT', 'LT', 45),
('CNET1_TH', 'Mạng máy tính (Thực hành)', 'MMT', 'TH', 30),
('CS003', 'Máy học nâng cao', 'KHMT', 'LT', 45),
('CS004', 'Máy học trong xử lý ngôn ngữ tự nhiên', 'KHMT', 'LT', 45),
('CS005', 'Giới thiệu ngành Khoa học Máy tính', 'KHMT', 'LT', 15),
('CS013', 'Máy học nâng cao', 'KHMT', 'LT', 45),
('CS013_TH', 'Máy học nâng cao (Thực hành)', 'KHMT', 'TH', 30),
('CS014', 'Máy học trong xử lý ngôn ngữ tự nhiên', 'KHMT', 'LT', 45),
('CS014_TH', 'Máy học trong xử lý ngôn ngữ tự nhiên (Thực hành)', 'KHMT', 'TH', 30),
('CS019', 'Chuyên đề ứng dụng Trí tuệ nhân tạo', 'KHMT', 'LT', 60),
('CS101', 'Nguyên lý và phương pháp lập trình', 'KHMT', 'LT', 45),
('CS102', 'Phân tích & thiết kế thuật toán', 'KHMT', 'LT', 45),
('CS103', 'Cơ sở lập trình', 'KHMT', 'LT', 15),
('CS104', 'Nhập môn công nghệ phần mềm', 'KHMT', 'LT', 45),
('CS105', 'Đồ họa máy tính', 'KHMT', 'LT', 45),
('CS105_TH', 'Đồ họa máy tính (Thực hành)', 'KHMT', 'TH', 30),
('CS106', 'Trí tuệ nhân tạo', 'KHMT', 'LT', 45),
('CS106_TH', 'Trí tuệ nhân tạo (Thực hành)', 'KHMT', 'TH', 30),
('CS107', 'Các hệ cơ sở tri thức', 'KHMT', 'LT', 60),
('CS108', 'Lý thuyết thông tin', 'KHMT', 'LT', 45),
('CS109', 'Máy học', 'KHMT', 'LT', 60),
('CS110', 'Nhập môn công nghệ tri thức & máy học', 'KHMT', 'LT', 45),
('CS110_TH', 'Nhập môn công nghệ tri thức & máy học (Thực hành)', 'KHMT', 'TH', 30),
('CS111', 'Nguyên lý và phương pháp lập trình', 'KHMT', 'LT', 45),
('CS111_TH', 'Nguyên lý và phương pháp lập trình (Thực hành)', 'KHMT', 'TH', 30),
('CS1113', 'Khoa học máy tính I', 'HTTT', 'LT', 45),
('CS1113_TH', 'Khoa học máy tính I (Thực hành)', 'HTTT', 'TH', 30),
('CS112', 'Phân tích và thiết kế thuật toán', 'KHMT', 'LT', 15),
('CS113', 'Đồ họa máy tính và Xử lý ảnh', 'KHMT', 'LT', 15),
('CS114', 'Máy học', 'KHMT', 'LT', 15),
('CS115', 'Toán cho Khoa học máy tính', 'KHMT', 'LT', 60),
('CS116', 'Lập trình Python cho Máy học', 'KHMT', 'LT', 15),
('CS117', 'Tư duy tính toán', 'KHMT', 'LT', 45),
('CS117_TH', 'Tư duy tính toán (Thực hành)', 'KHMT', 'TH', 30),
('CS210', 'Xử lý ngôn ngữ tự nhiên nâng cao', 'KHMT', 'LT', 60),
('CS211', 'Trí tuệ nhân tạo nâng cao', 'KHMT', 'LT', 45),
('CS211_TH', 'Trí tuệ nhân tạo nâng cao (Thực hành)', 'KHMT', 'TH', 30),
('CS212', 'Xử lý ngôn ngữ tự nhiên', 'KHMT', 'LT', 45),
('CS212_TH', 'Xử lý ngôn ngữ tự nhiên (Thực hành)', 'KHMT', 'TH', 30),
('CS213', 'Ngôn ngữ học máy tính', 'CNTT', 'LT', 60),
('CS2133', 'Khoa học máy tính II', 'HTTT', 'LT', 45),
('CS2133_TH', 'Khoa học máy tính II (Thực hành)', 'HTTT', 'TH', 30),
('CS2134', 'Khoa học máy tính', 'HTTT', 'LT', 45),
('CS2134_TH', 'Khoa học máy tính (Thực hành)', 'HTTT', 'TH', 30),
('CS214', 'Biểu diễn tri thức và suy luận', 'KHMT', 'LT', 45),
('CS214_TH', 'Biểu diễn tri thức và suy luận (Thực hành)', 'KHMT', 'TH', 30),
('CS217', 'Các hệ cơ sở tri thức', 'KHMT', 'LT', 15),
('CS221', 'Xử lý ngôn ngữ tự nhiên', 'KHMT', 'LT', 15),
('CS222', 'Xử lý ngôn ngữ tự nhiên nâng cao', 'KHMT', 'LT', 45),
('CS222_TH', 'Xử lý ngôn ngữ tự nhiên nâng cao (Thực hành)', 'KHMT', 'TH', 30),
('CS223', 'Máy học nâng cao', 'KHMT', 'LT', 45),
('CS223_TH', 'Máy học nâng cao (Thực hành)', 'KHMT', 'TH', 30),
('CS224', 'Máy học xử lý ngôn ngữ tự nhiên', 'KHMT', 'LT', 45),
('CS224_TH', 'Máy học xử lý ngôn ngữ tự nhiên (Thực hành)', 'KHMT', 'TH', 30),
('CS225', 'Lập trình symbolic trong trí tuệ nhân tạo', 'KHMT', 'LT', 60),
('CS226', 'Ngôn ngữ học máy tính', 'KHMT', 'LT', 60),
('CS227', 'Khai thác dữ liệu và ứng dụng', 'KHMT', 'LT', 45),
('CS227_TH', 'Khai thác dữ liệu và ứng dụng (Thực hành)', 'KHMT', 'TH', 30),
('CS228', 'Máy học và ứng dụng', 'KHMT', 'LT', 45),
('CS228_TH', 'Máy học và ứng dụng (Thực hành)', 'KHMT', 'TH', 30),
('CS229', 'Ngữ nghĩa học tính toán', 'KHMT', 'LT', 45),
('CS229_TH', 'Ngữ nghĩa học tính toán (Thực hành)', 'KHMT', 'TH', 30),
('CS231', 'Nhập môn Thị giác máy tính', 'KHMT', 'LT', 45),
('CS231_TH', 'Nhập môn Thị giác máy tính (Thực hành)', 'KHMT', 'TH', 30),
('CS232', 'Tính toán đa phương tiện', 'KHMT', 'LT', 45),
('CS232_TH', 'Tính toán đa phương tiện (Thực hành)', 'KHMT', 'TH', 30),
('CS233', 'Nhận dạng Thị giác', 'KHMT', 'LT', 45),
('CS233_TH', 'Nhận dạng Thị giác (Thực hành)', 'KHMT', 'TH', 30),
('CS2433', 'Lập trình C/C++', 'HTTT', 'LT', 45),
('CS2433_TH', 'Lập trình C/C++ (Thực hành)', 'HTTT', 'TH', 30),
('CS301', 'Chuyên đề nghiên cứu khoa học', 'KHMT', 'LT', 60),
('CS302', 'Seminar', 'KHMT', 'LT', 45),
('CS311', 'Kỹ thuật lập trình trí tuệ nhân tạo', 'KHMT', 'LT', 45),
('CS311_TH', 'Kỹ thuật lập trình trí tuệ nhân tạo (Thực hành)', 'KHMT', 'TH', 30),
('CS312', 'Hệ thống đa tác tử', 'KHMT', 'LT', 45),
('CS312_TH', 'Hệ thống đa tác tử (Thực hành)', 'KHMT', 'TH', 30),
('CS313', 'Khai thác dữ liệu và ứng dụng', 'KHMT', 'LT', 15),
('CS314', 'Lập trình symbolic trong trí tuệ nhân tạo', 'KHMT', 'LT', 45),
('CS314_TH', 'Lập trình symbolic trong trí tuệ nhân tạo (Thực hành)', 'KHMT', 'TH', 30),
('CS315', 'Máy học nâng cao', 'KHMT', 'LT', 45),
('CS315_TH', 'Máy học nâng cao (Thực hành)', 'KHMT', 'TH', 30),
('CS316', 'Các hệ giải bài toán thông minh', 'KHMT', 'LT', 45),
('CS316_TH', 'Các hệ giải bài toán thông minh (Thực hành)', 'KHMT', 'TH', 30),
('CS317', 'Phát triển và vận hành hệ thống máy học', 'KHMT', 'LT', 45),
('CS317_TH', 'Phát triển và vận hành hệ thống máy học (Thực hành)', 'KHMT', 'TH', 30),
('CS321', 'Ngôn ngữ học ngữ liệu', 'KHMT', 'LT', 45),
('CS321_TH', 'Ngôn ngữ học ngữ liệu (Thực hành)', 'KHMT', 'TH', 30),
('CS322', 'Biểu diễn tri thức và ứng dụng', 'KHMT', 'LT', 60),
('CS323', 'Các hệ thống hỏi-đáp', 'KHMT', 'LT', 45),
('CS323_TH', 'Các hệ thống hỏi-đáp (Thực hành)', 'KHMT', 'TH', 30),
('CS324', 'Máy học trong xử lý ngôn ngữ tự nhiên', 'KHMT', 'LT', 45),
('CS324_TH', 'Máy học trong xử lý ngôn ngữ tự nhiên (Thực hành)', 'KHMT', 'TH', 30),
('CS325', 'Dịch máy', 'KHMT', 'LT', 45),
('CS325_TH', 'Dịch máy (Thực hành)', 'KHMT', 'TH', 30),
('CS326', 'Các kĩ thuật trong xử lý ngôn ngữ tự nhiên', 'KHMT', 'LT', 45),
('CS326_TH', 'Các kĩ thuật trong xử lý ngôn ngữ tự nhiên (Thực hành)', 'KHMT', 'TH', 30),
('CS331', 'Thị giác máy tính nâng cao', 'KHMT', 'LT', 45),
('CS331_TH', 'Thị giác máy tính nâng cao (Thực hành)', 'KHMT', 'TH', 30),
('CS332', 'Máy học trong Thị giác Máy tính', 'KHMT', 'LT', 45),
('CS332_TH', 'Máy học trong Thị giác Máy tính (Thực hành)', 'KHMT', 'TH', 30),
('CS333', 'Đồ họa game', 'KHMT', 'LT', 30),
('CS333_TH', 'Đồ họa game (Thực hành)', 'KHMT', 'TH', 30),
('CS334', 'Lập trình tính toán hình thức', 'KHMT', 'LT', 45),
('CS334_TH', 'Lập trình tính toán hình thức (Thực hành)', 'KHMT', 'TH', 30),
('CS335', 'Tìm Kiếm Ảnh và Video', 'KHMT', 'LT', 45),
('CS335_TH', 'Tìm Kiếm Ảnh và Video (Thực hành)', 'KHMT', 'TH', 30),
('CS336', 'Truy vấn thông tin đa phương tiện', 'KHMT', 'LT', 45),
('CS336_TH', 'Truy vấn thông tin đa phương tiện (Thực hành)', 'KHMT', 'TH', 30),
('CS3363', 'Tổ chức ngôn ngữ lập trình', 'HTTT', 'LT', 45),
('CS3363_TH', 'Tổ chức ngôn ngữ lập trình (Thực hành)', 'HTTT', 'TH', 30),
('CS337', 'Xử lý âm thanh và tiếng nói', 'KHMT', 'LT', 45),
('CS337_TH', 'Xử lý âm thanh và tiếng nói (Thực hành)', 'KHMT', 'TH', 30),
('CS3373', 'Lập trình hướng đối tượng nâng cao cho môi trường windows', 'HTTT', 'LT', 45),
('CS3373_TH', 'Lập trình hướng đối tượng nâng cao cho môi trường windows (Thực hành)', 'HTTT', 'TH', 30),
('CS338', 'Nhận dạng', 'KHMT', 'LT', 45),
('CS338_TH', 'Nhận dạng (Thực hành)', 'KHMT', 'TH', 30),
('CS339', 'Xử lý văn bản Y khoa', 'KHMT', 'LT', 45),
('CS339_TH', 'Xử lý văn bản Y khoa (Thực hành)', 'KHMT', 'TH', 30),
('CS3423', 'Cấu trúc tập tin', 'HTTT', 'LT', 45),
('CS3423_TH', 'Cấu trúc tập tin (Thực hành)', 'HTTT', 'TH', 30),
('CS3443', 'Hệ thống máy tính', 'HTTT', 'LT', 45),
('CS351', 'Chuyên đề NCKH 1', 'KHMT', 'LT', 60),
('CS3513', 'Phương pháp số cho máy tính kỹ thuật số', 'HTTT', 'LT', 45),
('CS352', 'Chuyên đề NCKH 2', 'KHMT', 'LT', 60),
('CS3613', 'Cơ sở tính toán', 'HTTT', 'LT', 45),
('CS3613_TH', 'Cơ sở tính toán (Thực hành)', 'HTTT', 'TH', 30),
('CS3653', 'Toán rời rạc cho máy tính', 'HTTT', 'LT', 45),
('CS371', 'Seminar chuyên đề 1', 'KHMT', 'LT', 30),
('CS372', 'Seminar chuyên đề 2', 'KHMT', 'LT', 30),
('CS401', 'Công nghệ Java', 'KHMT', 'LT', 45),
('CS401_TH', 'Công nghệ Java (Thực hành)', 'KHMT', 'TH', 30),
('CS402', 'Phân tích thiết kế HTTT quản lý', 'KHMT', 'LT', 45),
('CS403', 'Các dịch vụ web', 'KHMT', 'LT', 45),
('CS404', 'Công nghệ đa tác tử (Muli-Agent)', 'KHMT', 'LT', 60),
('CS405', 'Logic mờ và ứng dụng', 'KHMT', 'LT', 45),
('CS405_TH', 'Logic mờ và ứng dụng (Thực hành)', 'KHMT', 'TH', 30),
('CS406', 'Xử lý ảnh và ứng dụng', 'KHMT', 'LT', 45),
('CS406_TH', 'Xử lý ảnh và ứng dụng (Thực hành)', 'KHMT', 'TH', 30),
('CS407', 'Các kỹ thuật trong xử lý NNTN', 'KHMT', 'LT', 60),
('CS408', 'Các hệ giải toán thông minh', 'KHMT', 'LT', 60),
('CS409', 'Hệ suy diễn mờ', 'KHMT', 'LT', 45),
('CS409_TH', 'Hệ suy diễn mờ (Thực hành)', 'KHMT', 'TH', 30),
('CS410', 'Mạng neural và thuật giải di truyền', 'KHMT', 'LT', 45),
('CS410_TH', 'Mạng neural và thuật giải di truyền (Thực hành)', 'KHMT', 'TH', 30),
('CS411', 'Dịch máy', 'KHMT', 'LT', 60),
('CS412', 'Web ngữ nghĩa', 'KHMT', 'LT', 45),
('CS412_TH', 'Web ngữ nghĩa (Thực hành)', 'KHMT', 'TH', 30),
('CS414', 'Lý thuyết automat và ứng dụng', 'KHMT', 'LT', 45),
('CS414_TH', 'Lý thuyết automat và ứng dụng (Thực hành)', 'KHMT', 'TH', 30),
('CS4143', 'Đồ họa máy tính', 'HTTT', 'LT', 45),
('CS415', 'Mã hóa thông tin', 'KHMT', 'LT', 45),
('CS415_TH', 'Mã hóa thông tin (Thực hành)', 'KHMT', 'TH', 30),
('CS4153', 'Phát triển ứng dụng trên di động', 'HTTT', 'LT', 45),
('CS417', 'Nhận dạng', 'KHMT', 'LT', 30),
('CS417_TH', 'Nhận dạng (Thực hành)', 'KHMT', 'TH', 30),
('CS418', 'Trực quan máy tính', 'KHMT', 'LT', 45),
('CS418_TH', 'Trực quan máy tính (Thực hành)', 'KHMT', 'TH', 30),
('CS419', 'Truy xuất thông tin', 'KHMT', 'LT', 45),
('CS419_TH', 'Truy xuất thông tin (Thực hành)', 'KHMT', 'TH', 30),
('CS420', 'Các vấn đề chọn lọc trong Thị giác máy tính', 'KHMT', 'LT', 45),
('CS420_TH', 'Các vấn đề chọn lọc trong Thị giác máy tính (Thực hành)', 'KHMT', 'TH', 30),
('CS421', 'Khai thác dữ liệu đa phương tiện', 'KHMT', 'LT', 45),
('CS421_TH', 'Khai thác dữ liệu đa phương tiện (Thực hành)', 'KHMT', 'TH', 30),
('CS4243', 'Thuật toán và tiến trình trong an toàn máy tính', 'HTTT', 'LT', 45),
('CS4273', 'Nhập môn Công nghệ phần mềm', 'HTTT', 'LT', 45),
('CS4273_TH', 'Nhập môn Công nghệ phần mềm (Thực hành)', 'HTTT', 'TH', 30),
('CS4283', 'Mạng máy tính', 'HTTT', 'LT', 45),
('CS431', 'Các kĩ thuật học sâu và ứng dụng', 'KHMT', 'LT', 15),
('CS4323', 'Hệ điều hành', 'HTTT', 'LT', 45),
('CS4343', 'Cấu trúc dữ liệu và giải thuật', 'HTTT', 'LT', 45),
('CS4343_TH', 'Cấu trúc dữ liệu và giải thuật (Thực hành)', 'HTTT', 'TH', 30),
('CS4344', 'An ninh mạng', 'HTTT', 'LT', 45),
('CS4793', 'Trí tuệ nhân tạo', 'HTTT', 'LT', 45),
('CS4793_TH', 'Trí tuệ nhân tạo (Thực hành)', 'HTTT', 'TH', 30),
('CS4883', 'Các vấn đề xã hội trong tính toán', 'HTTT', 'LT', 45),
('CS5000', 'Luận văn', 'HTTT', 'LT', 150),
('CS501', 'Khóa luận tốt nghiệp', 'KHMT', 'LT', 150),
('CS502', 'Các công nghệ web và ứng dụng', 'KHMT', 'LT', 30),
('CS503', 'Môn tốt nghiệp KHMT 2', 'KHMT', 'LT', 45),
('CS5030', 'Thực tập tốt nghiệp', 'HTTT', 'LT', 45),
('CS5031', 'Thực tập doanh nghiệp', 'HTTT', 'LT', 30),
('CS504', 'Công nghệ .NET', 'KHMT', 'LT', 45),
('CS504_TH', 'Công nghệ .NET (Thực hành)', 'KHMT', 'TH', 30),
('CS505', 'Khoá luận tốt nghiệp', 'KHMT', 'LT', 150),
('CS506', 'Chuyên đề J2EE', 'KHMT', 'LT', 45),
('CS506_TH', 'Chuyên đề J2EE (Thực hành)', 'KHMT', 'TH', 30),
('CS507', 'Hệ điều hành Linux', 'KHMT', 'LT', 45),
('CS507_TH', 'Hệ điều hành Linux (Thực hành)', 'KHMT', 'TH', 30),
('CS508', 'Lập trình cơ sở dữ liệu', 'KHMT', 'LT', 45),
('CS508_TH', 'Lập trình cơ sở dữ liệu (Thực hành)', 'KHMT', 'TH', 30),
('CS510', 'Lý thuyết thông tin', 'KHMT', 'LT', 45),
('CS511', 'Ngôn ngữ lập trình C#', 'KHMT', 'LT', 15),
('CS513', 'Ngôn ngữ lập trình Java', 'KHMT', 'LT', 45),
('CS513_TH', 'Ngôn ngữ lập trình Java (Thực hành)', 'KHMT', 'TH', 30),
('CS515', 'Phân tích thiết kế hệ thống thông tin', 'KHMT', 'LT', 45),
('CS515_TH', 'Phân tích thiết kế hệ thống thông tin (Thực hành)', 'KHMT', 'TH', 30),
('CS516', 'Phân tích thiết kế hướng đối tượng với UML', 'KHMT', 'LT', 45),
('CS516_TH', 'Phân tích thiết kế hướng đối tượng với UML (Thực hành)', 'KHMT', 'TH', 30),
('CS517', 'Quản lý dự án', 'KHMT', 'LT', 45),
('CS518', 'Xây dựng phần mềm hướng đối tượng', 'KHMT', 'LT', 45),
('CS518_TH', 'Xây dựng phần mềm hướng đối tượng (Thực hành)', 'KHMT', 'TH', 30),
('CS519', 'Phương pháp luận nghiên cứu khoa học', 'KHMT', 'LT', 45),
('CS521', 'Toán rời rạc nâng cao', 'KHMT', 'LT', 15),
('CS522', 'Đại số máy tính', 'KHMT', 'LT', 15),
('CS523', 'Cấu trúc dữ liệu và giải thuật nâng cao', 'KHMT', 'LT', 15),
('CS524', 'Một số ứng dụng của xử lý ngôn ngữ tự nhiên', 'KHMT', 'LT', 45),
('CS524_TH', 'Một số ứng dụng của xử lý ngôn ngữ tự nhiên (Thực hành)', 'KHMT', 'TH', 30),
('CS525', 'Thị giác máy tính trong tương tác người – máy', 'KHMT', 'LT', 45),
('CS525_TH', 'Thị giác máy tính trong tương tác người – máy (Thực hành)', 'KHMT', 'TH', 30),
('CS526', 'Phát triển ứng dụng đa phương tiện trên thiết bị di động', 'KHMT', 'LT', 15),
('CS527', 'Thực tại ảo', 'KHMT', 'LT', 45),
('CS527_TH', 'Thực tại ảo (Thực hành)', 'KHMT', 'TH', 30),
('CS528', 'Trực quan hóa thông tin', 'KHMT', 'LT', 45),
('CS528_TH', 'Trực quan hóa thông tin (Thực hành)', 'KHMT', 'TH', 30),
('CS529', 'Các vấn đề nghiên cứu và ứng dụng trong khoa học máy tính', 'KHMT', 'LT', 60),
('CS530', 'Đồ án chuyên ngành', 'KHMT', 'LT', 45),
('CS531', 'Đồ họa trong video game', 'KHMT', 'LT', 45),
('CS531_TH', 'Đồ họa trong video game (Thực hành)', 'KHMT', 'TH', 30),
('CS532', 'Thị giác máy tính trong tương tác người-máy', 'KHMT', 'LT', 45),
('CS532_TH', 'Thị giác máy tính trong tương tác người-máy (Thực hành)', 'KHMT', 'TH', 30),
('CS534', 'Lập trình Javascript và ứng dụng', 'KHMT', 'LT', 45),
('CS534_TH', 'Lập trình Javascript và ứng dụng (Thực hành)', 'KHMT', 'TH', 30),
('CS535', 'Tổng hợp tiếng nói', 'KHMT', 'LT', 15),
('CS5423', 'Nguyên lý các hệ cơ sở dữ liệu', 'HTTT', 'LT', 45),
('CS5423_TH', 'Nguyên lý các hệ cơ sở dữ liệu (Thực hành)', 'HTTT', 'TH', 30),
('CS5433', 'Các hệ cơ sở dữ liệu phân tán', 'HTTT', 'LT', 15),
('CS551', 'Thực tập', 'KHMT', 'LT', 30),
('CS553', 'Đồ án tốt nghiệp', 'KHMT', 'LT', 90),
('CS554', 'Đồ án tốt nghiệp tại doanh nghiệp', 'KHMT', 'LT', 150),
('CSBU001', 'Lập trình', 'KHMT', 'LT', 45),
('CSBU001_TH', 'Lập trình (Thực hành)', 'KHMT', 'TH', 30),
('CSBU002', 'Mạng máy tính', 'KHMT', 'LT', 45),
('CSBU002_TH', 'Mạng máy tính (Thực hành)', 'KHMT', 'TH', 30),
('CSBU003', 'Thực hành nghề nghiệp', 'KHMT', 'LT', 60),
('CSBU004', 'Toán cho Tin học', 'KHMT', 'LT', 45),
('CSBU004_TH', 'Toán cho Tin học (Thực hành)', 'KHMT', 'TH', 30),
('CSBU005', 'Bảo mật', 'KHMT', 'LT', 45),
('CSBU005_TH', 'Bảo mật (Thực hành)', 'KHMT', 'TH', 30),
('CSBU006', 'Quản lý dự án máy tính thành công', 'KHMT', 'LT', 60),
('CSBU007', 'Thiết kế và phát triển cơ sở dữ liệu', 'KHMT', 'LT', 45),
('CSBU007_TH', 'Thiết kế và phát triển cơ sở dữ liệu (Thực hành)', 'KHMT', 'TH', 30),
('CSBU008', 'Kiến trúc máy tính', 'KHMT', 'LT', 45),
('CSBU008_TH', 'Kiến trúc máy tính (Thực hành)', 'KHMT', 'TH', 30),
('CSBU009', 'Dự án nghiên cứu', 'KHMT', 'LT', 60),
('CSBU009_TH', 'Dự án nghiên cứu (Thực hành)', 'KHMT', 'TH', 120),
('CSBU010', 'Công nghệ kinh doanh thông minh', 'KHMT', 'LT', 45),
('CSBU010_TH', 'Công nghệ kinh doanh thông minh (Thực hành)', 'KHMT', 'TH', 30),
('CSBU011', 'Toán rời rạc', 'KHMT', 'LT', 60),
('CSBU012', 'Cấu trúc dữ liệu và giải thuật', 'KHMT', 'LT', 45),
('CSBU012_TH', 'Cấu trúc dữ liệu và giải thuật (Thực hành)', 'KHMT', 'TH', 30),
('CSBU013', 'Lập trình nâng cao', 'KHMT', 'LT', 45),
('CSBU013_TH', 'Lập trình nâng cao (Thực hành)', 'KHMT', 'TH', 30),
('CSBU014', 'Máy học', 'KHMT', 'LT', 45),
('CSBU014_TH', 'Máy học (Thực hành)', 'KHMT', 'TH', 30),
('CSBU015', 'Điện toán đám mây', 'KHMT', 'LT', 45),
('CSBU015_TH', 'Điện toán đám mây (Thực hành)', 'KHMT', 'TH', 30),
('CSBU016', 'Thực tập', 'KHMT', 'LT', 15),
('CSBU101', 'Lập trình máy tính', 'KHMT', 'LT', 600),
('CSBU101_TH', 'Lập trình máy tính (Thực hành)', 'KHMT', 'TH', 750),
('CSBU102', 'Hệ thống máy tính', 'KHMT', 'LT', 600),
('CSBU102_TH', 'Hệ thống máy tính (Thực hành)', 'KHMT', 'TH', 750),
('CSBU103', 'Phát triển và thiết kế web', 'KHMT', 'LT', 600),
('CSBU103_TH', 'Phát triển và thiết kế web (Thực hành)', 'KHMT', 'TH', 750),
('CSBU104', 'Cấu trúc dữ liệu và giải thuật', 'KHMT', 'LT', 600),
('CSBU104_TH', 'Cấu trúc dữ liệu và giải thuật (Thực hành)', 'KHMT', 'TH', 750),
('CSBU105', 'Mạng máy tính căn bản', 'KHMT', 'LT', 600),
('CSBU105_TH', 'Mạng máy tính căn bản (Thực hành)', 'KHMT', 'TH', 750),
('CSBU106', 'Đồ án đổi mới sáng tạo', 'KHMT', 'LT', 720),
('CSBU106_TH', 'Đồ án đổi mới sáng tạo (Thực hành)', 'KHMT', 'TH', 960),
('CSBU107', 'Lập trình hướng đối tượng', 'KHMT', 'LT', 600),
('CSBU107_TH', 'Lập trình hướng đối tượng (Thực hành)', 'KHMT', 'TH', 750),
('CSBU108', 'Hệ điều hành', 'KHMT', 'LT', 600),
('CSBU108_TH', 'Hệ điều hành (Thực hành)', 'KHMT', 'TH', 750),
('CSBU109', 'Phát triển ứng dụng web và cơ sở dữ liệu', 'KHMT', 'LT', 600),
('CSBU109_TH', 'Phát triển ứng dụng web và cơ sở dữ liệu (Thực hành)', 'KHMT', 'TH', 750),
('CSBU110', 'Toán rời rạc và Lập trình khai báo', 'KHMT', 'LT', 600),
('CSBU110_TH', 'Toán rời rạc và Lập trình khai báo (Thực hành)', 'KHMT', 'TH', 750),
('CSBU111', 'An ninh mạng', 'KHMT', 'LT', 600),
('CSBU111_TH', 'An ninh mạng (Thực hành)', 'KHMT', 'TH', 750),
('CSBU112', 'Thiết kế phần mềm', 'KHMT', 'LT', 600),
('CSBU112_TH', 'Thiết kế phần mềm (Thực hành)', 'KHMT', 'TH', 750),
('CSBU201', 'Thiết kế trải nghiệm người dùng', 'KHMT', 'LT', 600),
('CSBU201_TH', 'Thiết kế trải nghiệm người dùng (Thực hành)', 'KHMT', 'TH', 750),
('CSBU202', 'Phát triển ứng dụng cho thiết bị di động và thiết bị đeo', 'KHMT', 'LT', 720),
('CSBU202_TH', 'Phát triển ứng dụng cho thiết bị di động và thiết bị đeo (Thực hành)', 'KHMT', 'TH', 960),
('CSBU203', 'Điện toán đám mây', 'KHMT', 'LT', 600),
('CSBU203_TH', 'Điện toán đám mây (Thực hành)', 'KHMT', 'TH', 750),
('CSBU204', 'Trí tuệ nhân tạo và Máy học', 'KHMT', 'LT', 600),
('CSBU204_TH', 'Trí tuệ nhân tạo và Máy học (Thực hành)', 'KHMT', 'TH', 750),
('CSBU205', 'Dự án cá nhân', 'KHMT', 'LT', 720),
('CSBU205_TH', 'Dự án cá nhân (Thực hành)', 'KHMT', 'TH', 960),
('CSC01', 'Tin học đại cương', 'KHMT', 'LT', 45),
('CSC01_TH', 'Tin học đại cương (Thực hành)', 'KHMT', 'TH', 30),
('CSC11', 'Khoa học máy tính I', 'KHMT', 'LT', 60),
('CSC12', 'Khoa học máy tính II', 'KHMT', 'LT', 60),
('CSC21', 'Tin học đại cương (TE)', 'KHMT', 'LT', 15),
('CSKI1', 'Kỹ năng truyền thông làm việc nhóm', 'KHMT', 'LT', 60),
('CU001', 'Văn hóa doanh nghiệp Nhật', 'KTTT', 'LT', 30),
('DAI015', 'Thực hành văn bản Tiếng Việt', 'CNTT', 'LT', 30),
('DBSS1', 'Cơ sở dữ liệu', 'CNTT', 'LT', 45),
('DBSS1_TH', 'Cơ sở dữ liệu (Thực hành)', 'CNTT', 'TH', 30),
('DS005', 'Giới thiệu ngành Khoa học Dữ liệu', 'KTTT', 'LT', 15),
('DS101', 'Thống kê và xác suất chuyên sâu', 'KTTT', 'LT', 15),
('DS102', 'Học máy thống kê', 'KTTT', 'LT', 45),
('DS102_TH', 'Học máy thống kê (Thực hành)', 'KTTT', 'TH', 30),
('DS103', 'Thu thập và tiền xử lý dữ liệu', 'KTTT', 'LT', 45),
('DS103_TH', 'Thu thập và tiền xử lý dữ liệu (Thực hành)', 'KTTT', 'TH', 30),
('DS104', 'Tính toán song song & phân tán', 'KTTT', 'LT', 45),
('DS104_TH', 'Tính toán song song & phân tán (Thực hành)', 'KTTT', 'TH', 30),
('DS105', 'Phân tích và trực quan dữ liệu', 'KTTT', 'LT', 15),
('DS106', 'Tối ưu hóa và ứng dụng', 'KTTT', 'LT', 30),
('DS106_TH', 'Tối ưu hóa và ứng dụng (Thực hành)', 'KTTT', 'TH', 30),
('DS107', 'Tư duy tính toán cho Khoa học dữ liệu', 'KTTT', 'LT', 45),
('DS107_TH', 'Tư duy tính toán cho Khoa học dữ liệu (Thực hành)', 'KTTT', 'TH', 30),
('DS108', 'Tiền xử lý và xây dựng bộ dữ liệu', 'KTTT', 'LT', 15),
('DS111', 'Phân tích dữ liệu', 'KTTT', 'LT', 15),
('DS200', 'Phân tích dữ liệu lớn', 'KTTT', 'LT', 45),
('DS200_TH', 'Phân tích dữ liệu lớn (Thực hành)', 'KTTT', 'TH', 30),
('DS201', 'Deep Learning trong khoa học dữ liệu', 'KTTT', 'LT', 45),
('DS201_TH', 'Deep Learning trong khoa học dữ liệu (Thực hành)', 'KTTT', 'TH', 30),
('DS202', 'Đồ án khoa học dữ liệu và ứng dụng 1', 'KTTT', 'TH', 60),
('DS203', 'Đồ án khoa học dữ liệu và ứng dụng 2', 'KTTT', 'TH', 60),
('DS204', 'Đồ án khoa học dữ liệu và ứng dụng', 'KTTT', 'TH', 60),
('DS207', 'Đồ án', 'KTTT', 'TH', 60),
('DS300', 'Hệ khuyến nghị', 'KTTT', 'LT', 45),
('DS300_TH', 'Hệ khuyến nghị (Thực hành)', 'KTTT', 'TH', 30),
('DS301', 'Các giải thuật khai phá dữ liệu lớn', 'KTTT', 'LT', 45),
('DS301_TH', 'Các giải thuật khai phá dữ liệu lớn (Thực hành)', 'KTTT', 'TH', 30),
('DS302', 'Phân tích thống kê đa biến', 'KTTT', 'LT', 30),
('DS302_TH', 'Phân tích thống kê đa biến (Thực hành)', 'KTTT', 'TH', 30),
('DS303', 'Thống kê Bayes', 'KTTT', 'LT', 30),
('DS303_TH', 'Thống kê Bayes (Thực hành)', 'KTTT', 'TH', 30),
('DS304', 'Thiết kế và phân tích thực nghiệm', 'KTTT', 'LT', 45),
('DS305', 'Phân tích dữ liệu chuỗi thời gian và ứng dụng', 'KTTT', 'LT', 30),
('DS305_TH', 'Phân tích dữ liệu chuỗi thời gian và ứng dụng (Thực hành)', 'KTTT', 'TH', 30),
('DS306', 'Phân tích dữ liệu lớn trong tài chính', 'KTTT', 'LT', 45),
('DS307', 'Phân tích dữ liệu truyền thông xã hội', 'KTTT', 'LT', 45),
('DS308', 'Mô hình đồ thị xác suất', 'KTTT', 'LT', 45),
('DS308_TH', 'Mô hình đồ thị xác suất (Thực hành)', 'KTTT', 'TH', 30),
('DS309', 'Thực tập doanh nghiệp', 'KTTT', 'LT', 30),
('DS310', 'Xử lý ngôn ngữ tự nhiên cho Khoa học dữ liệu', 'KTTT', 'LT', 45),
('DS310_TH', 'Xử lý ngôn ngữ tự nhiên cho Khoa học dữ liệu (Thực hành)', 'KTTT', 'TH', 30),
('DS311', 'Kỹ năng nghiên cứu và viết bài báo khoa học', 'KTTT', 'LT', 45),
('DS312', 'Xử lý ảnh y khoa', 'KTTT', 'LT', 45),
('DS313', 'Xử lý thông tin giọng nói', 'KTTT', 'LT', 45),
('DS313_TH', 'Xử lý thông tin giọng nói (Thực hành)', 'KTTT', 'TH', 30),
('DS314', 'Rút trích và truy vấn thông tin', 'KTTT', 'LT', 45),
('DS314_TH', 'Rút trích và truy vấn thông tin (Thực hành)', 'KTTT', 'TH', 30),
('DS315', 'Phân tích Kho dữ liệu', 'KTTT', 'LT', 45),
('DS315_TH', 'Phân tích Kho dữ liệu (Thực hành)', 'KTTT', 'TH', 30),
('DS316', 'Xây dựng ứng dụng thông minh', 'KTTT', 'LT', 45),
('DS316_TH', 'Xây dựng ứng dụng thông minh (Thực hành)', 'KTTT', 'TH', 30),
('DS317', 'Khai phá dữ liệu trong doanh nghiệp', 'KTTT', 'LT', 15),
('DS318', 'Đạo đức trong Trí tuệ nhân tạo và Khoa học dữ liệu', 'KTTT', 'LT', 45),
('DS319', 'Mô hình ngôn ngữ lớn', 'KTTT', 'LT', 15),
('DS320', 'Học đa thể thức', 'KTTT', 'LT', 15),
('DS321', 'Khoa học dữ liệu cho An toàn thông tin', 'KTTT', 'LT', 45),
('DS321_TH', 'Khoa học dữ liệu cho An toàn thông tin (Thực hành)', 'KTTT', 'TH', 30),
('DS322', 'Thiết kế hệ thống Học máy', 'KTTT', 'LT', 45),
('DS322_TH', 'Thiết kế hệ thống Học máy (Thực hành)', 'KTTT', 'TH', 30),
('DS323', 'Viết báo cáo kỹ thuật và thuyết trình', 'KTTT', 'LT', 45),
('DS324', 'Khai thác dữ liệu ảnh số', 'KTTT', 'LT', 15),
('DS325', 'Thiết kế ứng dụng với dữ liệu chuyên sâu', 'KTTT', 'LT', 45),
('DS325_TH', 'Thiết kế ứng dụng với dữ liệu chuyên sâu (Thực hành)', 'KTTT', 'TH', 30),
('DS326', 'Khai phá dữ liệu đa phương tiện và ứng dụng', 'KTTT', 'LT', 15),
('DS327', 'Các mô hình nền tảng', 'KTTT', 'LT', 15),
('DS400', 'Chuyên đề tốt nghiệp Khoa học dữ liệu', 'KTTT', 'LT', 60),
('DS501', 'Đồ án tốt nghiệp', 'KTTT', 'LT', 90),
('DS502', 'Đồ án tốt nghiệp tại doanh nghiệp', 'KTTT', 'LT', 150),
('DS505', 'Khóa luận tốt nghiệp', 'KTTT', 'LT', 150),
('DSAL1', 'Cấu trúc dữ liệu và giải thuật', 'CNTT', 'LT', 45),
('DSAL1_TH', 'Cấu trúc dữ liệu và giải thuật (Thực hành)', 'CNTT', 'TH', 30),
('DSAL2', 'Cấu trúc dữ liệu & giải thuật nâng cao', 'KHMT', 'LT', 45),
('DSAL2_TH', 'Cấu trúc dữ liệu & giải thuật nâng cao (Thực hành)', 'KHMT', 'TH', 30),
('DTH039', 'Đô thị học đại cương', 'CNTT', 'LT', 45),
('EC001', 'Kinh tế học đại cương', 'HTTT', 'LT', 60),
('EC002', 'Quản trị doanh nghiệp', 'HTTT', 'LT', 45),
('EC003', 'Tiếp thị căn bản', 'HTTT', 'LT', 45),
('EC005', 'Giới thiệu ngành Thương mại Điện tử', 'HTTT', 'LT', 15),
('EC101', 'Marketing căn bản', 'HTTT', 'LT', 45),
('EC201', 'Phân tích thiết kế quy trình nghiệp vụ doanh nghiệp', 'HTTT', 'LT', 45),
('EC201_TH', 'Phân tích thiết kế quy trình nghiệp vụ doanh nghiệp (Thực hành)', 'HTTT', 'TH', 30),
('EC202', 'Nhập môn quản trị chuỗi cung ứng', 'HTTT', 'LT', 45),
('EC202_TH', 'Nhập môn quản trị chuỗi cung ứng (Thực hành)', 'HTTT', 'TH', 30),
('EC203', 'Quản trị quan hệ khách hàng và nhà cung cấp', 'HTTT', 'LT', 45),
('EC203_TH', 'Quản trị quan hệ khách hàng và nhà cung cấp (Thực hành)', 'HTTT', 'TH', 30),
('EC204', 'Marketing điện tử', 'HTTT', 'LT', 30),
('EC204_TH', 'Marketing điện tử (Thực hành)', 'HTTT', 'TH', 30),
('EC208', 'QuẢN trị dự án TMĐT', 'HTTT', 'LT', 45),
('EC212', 'Thực tập doanh nghiệp', 'HTTT', 'LT', 45),
('EC213', 'Quản trị quan hệ khách hàng và nhà cung cấp', 'HTTT', 'LT', 30),
('EC213_TH', 'Quản trị quan hệ khách hàng và nhà cung cấp (Thực hành)', 'HTTT', 'TH', 30),
('EC214', 'Nhập môn Quản trị chuỗi cung ứng', 'HTTT', 'LT', 45),
('EC219', 'Pháp luật trong thương mại điện tử', 'HTTT', 'LT', 45),
('EC222', 'Thực tập doanh nghiệp', 'HTTT', 'LT', 30),
('EC229', 'Pháp luật trong thương mại điện tử', 'HTTT', 'LT', 30),
('EC232', 'Nguyên lý kế toán', 'HTTT', 'LT', 45),
('EC301', 'Tiếp thị trực tuyến (E-Marketing)', 'HTTT', 'LT', 45),
('EC301_TH', 'Tiếp thị trực tuyến (E-Marketing) (Thực hành)', 'HTTT', 'TH', 30),
('EC302', 'Thiết kế Hệ thống Thương mại điện tử', 'HTTT', 'LT', 45),
('EC302_TH', 'Thiết kế Hệ thống Thương mại điện tử (Thực hành)', 'HTTT', 'TH', 30),
('EC304', 'Tối ưu hóa công cụ tìm kiếm trong Thương mại điện tử', 'HTTT', 'LT', 45),
('EC311', 'Tiếp thị trực tuyến', 'HTTT', 'LT', 30),
('EC311_TH', 'Tiếp thị trực tuyến (Thực hành)', 'HTTT', 'TH', 30),
('EC312', 'Thiết kế hệ thống thương mại điện tử', 'HTTT', 'LT', 30),
('EC312_TH', 'Thiết kế hệ thống thương mại điện tử (Thực hành)', 'HTTT', 'TH', 30),
('EC331', 'Quản trị chiến lược kinh doanh điện tử', 'HTTT', 'LT', 45),
('EC332', 'Quản trị sản xuất', 'HTTT', 'LT', 45),
('EC333', 'Quản trị tài chính doanh nghiệp', 'HTTT', 'LT', 45),
('EC334', 'Quản trị kênh phân phối', 'HTTT', 'LT', 45),
('EC335', 'An toàn và bảo mật thương mại điện tử', 'HTTT', 'LT', 15),
('EC336', 'Quản trị nhân lực', 'HTTT', 'LT', 45),
('EC337', 'Hệ thống thanh toán trực tuyến', 'HTTT', 'LT', 45),
('EC338', 'Quản trị bán hàng', 'HTTT', 'LT', 45),
('EC401', 'Khóa luận tốt nghiệp', 'HTTT', 'LT', 150),
('EC402', 'Phát triển ứng dụng thương mại di động', 'HTTT', 'LT', 45),
('EC402_TH', 'Phát triển ứng dụng thương mại di động (Thực hành)', 'HTTT', 'TH', 30),
('EC403', 'Thương mại xã hội', 'HTTT', 'LT', 45),
('EC404', 'Đồ án tốt nghiệp', 'HTTT', 'LT', 90),
('EC405', 'Đồ án tốt nghiệp tại doanh nghiệp', 'HTTT', 'LT', 150),
('ECE02', 'Mạch số', 'CNTT', 'LT', 45),
('ECE02_TH', 'Mạch số (Thực hành)', 'CNTT', 'TH', 30),
('ECON3313', 'Kinh tế tiền tệ', 'HTTT', 'LT', 45),
('EN001', 'Anh văn 1', 'CNTT', 'LT', 60),
('EN001.CO', 'English for Communication 1', 'HTTT', 'LT', 15),
('EN001.GE', 'General English', 'HTTT', 'LT', 15),
('EN002', 'Anh văn 2', 'CNTT', 'LT', 15),
('EN002.CO', 'English for Communication 1', 'HTTT', 'LT', 15),
('EN002.GE', 'General English', 'HTTT', 'LT', 15),
('EN003', 'Anh văn 3', 'CNTT', 'LT', 15),
('EN004', 'Anh văn 1', 'CNTT', 'LT', 60),
('EN005', 'Anh văn 2', 'CNTT', 'LT', 60),
('EN006', 'Anh văn 3', 'CNTT', 'LT', 60),
('ENBT', 'Anh văn Bổ túc', 'CNTT', 'LT', 15),
('ENG00', 'Anh văn 0', 'CNTT', 'LT', 15),
('ENG01', 'Anh văn 1', 'CNTT', 'LT', 15),
('ENG02', 'Anh văn 2', 'CNTT', 'LT', 15),
('ENG03', 'Anh văn 3', 'CNTT', 'LT', 15),
('ENG04', 'Anh văn 4', 'CNTT', 'LT', 60),
('ENG05', 'Anh văn 5', 'CNTT', 'LT', 60),
('ENG06', 'Kỹ năng thuyết trình tiếng Anh', 'CNTT', 'LT', 60),
('ENG07', 'Kỹ Năng Viết Luận', 'CNTT', 'LT', 60),
('ENG11', 'Tiếng anh tăng cường I', 'CNTT', 'LT', 15),
('ENG12', 'Tiếng anh tăng cường II', 'CNTT', 'LT', 15),
('ENG13', 'Tiếng Anh I', 'CNTT', 'LT', 15),
('ENG14', 'Tiếng Anh II', 'CNTT', 'LT', 15),
('ENG15', 'Tiếng Anh chuyên ngành CNTT', 'CNTT', 'LT', 15),
('ENGA1', 'Anh văn sơ cấp 1', 'CNTT', 'LT', 15),
('ENGA2', 'Anh văn sơ cấp 2', 'CNTT', 'LT', 15),
('ENGBT', 'Anh văn bổ túc', 'CNTT', 'LT', 15),
('ENGL1113', 'Tiếng Anh I', 'HTTT', 'LT', 45),
('ENGL1213', 'Tiếng Anh II', 'HTTT', 'LT', 45),
('ENLS1', 'Nâng cao kỹ năng nghe, nói tiếng Anh 1', 'CNTT', 'LT', 15),
('ENLS2', 'Nâng cao kỹ năng nghe, nói tiếng Anh 2', 'CNTT', 'LT', 15),
('ENRW1', 'Nâng cao kỹ năng đọc, viết tiếng Anh 1', 'CNTT', 'LT', 15),
('ENRW2', 'Nâng cao kỹ năng đọc, viết tiếng Anh 2', 'CNTT', 'LT', 15),
('GDH075', 'Tâm lý học giao tiếp', 'CNTT', 'LT', 15),
('GDH075_TH', 'Tâm lý học giao tiếp (Thực hành)', 'CNTT', 'TH', 30),
('HCMT1', 'Tư tưởng Hồ Chí Minh', 'CNTT', 'LT', 30),
('IE005', 'Giới thiệu ngành Công nghệ Thông tin', 'KTTT', 'LT', 15),
('IE101', 'Cơ sở hạ tầng công nghệ thông tin', 'KTTT', 'LT', 30),
('IE101_TH', 'Cơ sở hạ tầng công nghệ thông tin (Thực hành)', 'KTTT', 'TH', 30),
('IE102', 'Các công nghệ nền', 'KTTT', 'LT', 30),
('IE102_TH', 'Các công nghệ nền (Thực hành)', 'KTTT', 'TH', 30),
('IE103', 'Quản lý thông tin', 'KTTT', 'LT', 45),
('IE103_TH', 'Quản lý thông tin (Thực hành)', 'KTTT', 'TH', 30),
('IE104', 'Internet và công nghệ Web', 'KTTT', 'LT', 15),
('IE105', 'Nhập môn bảo đảm và an ninh thông tin', 'KTTT', 'LT', 45),
('IE105_TH', 'Nhập môn bảo đảm và an ninh thông tin (Thực hành)', 'KTTT', 'TH', 30),
('IE106', 'Thiết kế giao diện người dùng', 'KTTT', 'LT', 45),
('IE106_TH', 'Thiết kế giao diện người dùng (Thực hành)', 'KTTT', 'TH', 30),
('IE107', 'Thiết kế giao diện người dùng', 'KTTT', 'LT', 45),
('IE107_TH', 'Thiết kế giao diện người dùng (Thực hành)', 'KTTT', 'TH', 30),
('IE108', 'Phân tích thiết kế phần mềm', 'KTTT', 'LT', 45),
('IE108_TH', 'Phân tích thiết kế phần mềm (Thực hành)', 'KTTT', 'TH', 30),
('IE201', 'Xử lý dữ liệu thống kê', 'KTTT', 'LT', 15),
('IE202', 'Quản trị doanh nghiệp', 'KTTT', 'LT', 45),
('IE203', 'Hệ thống quản trị qui trình nghiệp vụ', 'KTTT', 'LT', 15),
('IE204', 'Tối ưu hóa công cụ tìm kiếm', 'KTTT', 'LT', 45),
('IE204_TH', 'Tối ưu hóa công cụ tìm kiếm (Thực hành)', 'KTTT', 'TH', 30),
('IE205', 'Xử lý ảnh vệ tinh', 'KTTT', 'LT', 45),
('IE206', 'Đồ án chuẩn bị tốt nghiệp', 'KTTT', 'TH', 60),
('IE207', 'Đồ án', 'KTTT', 'LT', 15),
('IE208', 'Kiến trúc và tích hợp hệ thống', 'KTTT', 'LT', 45),
('IE209', 'Công nghệ Java', 'KTTT', 'LT', 45),
('IE209_TH', 'Công nghệ Java (Thực hành)', 'KTTT', 'TH', 30),
('IE210', 'Hệ thống định vị toàn cầu (GPS)', 'KTTT', 'LT', 45),
('IE211', 'Tin học môi trường', 'KTTT', 'LT', 30),
('IE212', 'Công nghệ Dữ liệu lớn', 'KTTT', 'LT', 45),
('IE212_TH', 'Công nghệ Dữ liệu lớn (Thực hành)', 'KTTT', 'TH', 30),
('IE213', 'Kỹ thuật phát triển hệ thống Web', 'KTTT', 'LT', 45),
('IE213_TH', 'Kỹ thuật phát triển hệ thống Web (Thực hành)', 'KTTT', 'TH', 30),
('IE216', 'Các chủ đề toán học cho KHDL', 'KTTT', 'LT', 45),
('IE217', 'Máy học', 'KTTT', 'LT', 45),
('IE217_TH', 'Máy học (Thực hành)', 'KTTT', 'TH', 30),
('IE218', 'Xử lý dữ liệu lớn', 'KTTT', 'LT', 45),
('IE218_TH', 'Xử lý dữ liệu lớn (Thực hành)', 'KTTT', 'TH', 30),
('IE221', 'Kỹ thuật lập trình Python', 'KTTT', 'LT', 45),
('IE221_TH', 'Kỹ thuật lập trình Python (Thực hành)', 'KTTT', 'TH', 30),
('IE222', 'Phân tích dữ liệu bằng Python', 'KTTT', 'LT', 45),
('IE222_TH', 'Phân tích dữ liệu bằng Python (Thực hành)', 'KTTT', 'TH', 30),
('IE223', 'Phân tích dữ liệu bằng Python &R', 'KTTT', 'LT', 45),
('IE223_TH', 'Phân tích dữ liệu bằng Python &R (Thực hành)', 'KTTT', 'TH', 30),
('IE224', 'Phân tích dữ liệu', 'KTTT', 'LT', 45),
('IE224_TH', 'Phân tích dữ liệu (Thực hành)', 'KTTT', 'TH', 30),
('IE225', 'Mạng kết nối', 'KTTT', 'LT', 45),
('IE225_TH', 'Mạng kết nối (Thực hành)', 'KTTT', 'TH', 30),
('IE226', 'Đồ họa và trực quan hóa máy tính', 'KTTT', 'LT', 45),
('IE226_TH', 'Đồ họa và trực quan hóa máy tính (Thực hành)', 'KTTT', 'TH', 30),
('IE227', 'Xử lý tín hiệu số cho mạng', 'KTTT', 'LT', 45),
('IE227_TH', 'Xử lý tín hiệu số cho mạng (Thực hành)', 'KTTT', 'TH', 30),
('IE228', 'Human-Computer Interaction', 'KTTT', 'LT', 45),
('IE228_TH', 'Human-Computer Interaction (Thực hành)', 'KTTT', 'TH', 30),
('IE229', 'Artificial Intelligence', 'KTTT', 'LT', 45),
('IE229_TH', 'Artificial Intelligence (Thực hành)', 'KTTT', 'TH', 30),
('IE230', 'Viết báo cáo kỹ thuật bằng tiếng Nhật', 'KTTT', 'TH', 60),
('IE231', 'Quản trị doanh nghiệp công nghệ thông tin', 'KTTT', 'LT', 45),
('IE232', 'Nhập môn trí tuệ nhân tạo', 'KTTT', 'LT', 45),
('IE232_TH', 'Nhập môn trí tuệ nhân tạo (Thực hành)', 'KTTT', 'TH', 30),
('IE233', 'Phân tích và mô hình mạng xã hội', 'KTTT', 'LT', 45),
('IE233_TH', 'Phân tích và mô hình mạng xã hội (Thực hành)', 'KTTT', 'TH', 30),
('IE301', 'Quản trị quan hệ khách hàng', 'KTTT', 'LT', 45),
('IE302', 'Kiến trúc và tích hợp hệ thống', 'KTTT', 'LT', 45),
('IE303', 'Công nghệ Java', 'KTTT', 'LT', 45),
('IE303_TH', 'Công nghệ Java (Thực hành)', 'KTTT', 'TH', 30),
('IE304', 'Hệ thống định vị toàn cầu', 'KTTT', 'LT', 45),
('IE305', 'Tin học môi trường', 'KTTT', 'LT', 15),
('IE307', 'Công nghệ lập trình đa nền tảng cho ứng dụng di động', 'KTTT', 'LT', 45),
('IE307_TH', 'Công nghệ lập trình đa nền tảng cho ứng dụng di động (Thực hành)', 'KTTT', 'TH', 30),
('IE309', 'Thực tập doanh nghiệp', 'KTTT', 'LT', 30),
('IE310', 'Tư duy thiết kế', 'KTTT', 'LT', 45),
('IE313', 'Phân tích và trực quan dữ liệu', 'KTTT', 'LT', 45),
('IE313_TH', 'Phân tích và trực quan dữ liệu (Thực hành)', 'KTTT', 'TH', 30),
('IE400', 'Chuyên đề tốt nghiệp', 'KTTT', 'LT', 60),
('IE401', 'Tin-Sinh học', 'KTTT', 'LT', 45),
('IE402', 'Hệ thống thông tin địa lý 3 chiều', 'KTTT', 'LT', 45),
('IE402_TH', 'Hệ thống thông tin địa lý 3 chiều (Thực hành)', 'KTTT', 'TH', 30),
('IE403', 'Khai thác dữ liệu truyền thông xã hội', 'KTTT', 'LT', 45),
('IE404', 'Khai phá truyền thông xã hội', 'KTTT', 'LT', 45),
('IE405', 'Công nghệ phân tích dữ liệu lớn', 'KTTT', 'LT', 45),
('IE405_TH', 'Công nghệ phân tích dữ liệu lớn (Thực hành)', 'KTTT', 'TH', 30),
('IE406', 'Nhập môn ẩn thông tin và ứng dụng', 'KTTT', 'LT', 45),
('IE501', 'Đồ án tốt nghiệp', 'KTTT', 'LT', 90),
('IE502', 'Đồ án tốt nghiệp tại doanh nghiệp', 'KTTT', 'LT', 150),
('IE505', 'Khóa luận tốt nghiệp', 'KTTT', 'LT', 150),
('IEM4733', 'Tái cấu trúc quy trình doanh nghiệp', 'HTTT', 'LT', 45),
('IEM5723', 'Mô hình hóa dữ liệu, quy trình và đối tượng', 'HTTT', 'LT', 45),
('INI01', 'Thực tập quốc tế', 'CNTT', 'LT', 30),
('INT001', 'Tiếng Anh tổng quát (tạm gọi)', 'HTTT', 'LT', 15),
('INT002', 'Toeic 1', 'HTTT', 'LT', 15),
('INT003', 'Tiếng Anh tổng quát 2 (tạm gọi)', 'HTTT', 'LT', 15),
('INT004', 'Toeic 2', 'HTTT', 'LT', 15),
('INT005', 'Tiếng Anh giao tiếp (tạm gọi)', 'HTTT', 'LT', 15),
('INT006', 'Toeic 3', 'HTTT', 'LT', 15),
('IS005', 'Giới thiệu ngành Hệ thống Thông tin', 'HTTT', 'LT', 15),
('IS101', 'Thiết kế cơ sở dữ liệu', 'HTTT', 'LT', 45),
('IS101_TH', 'Thiết kế cơ sở dữ liệu (Thực hành)', 'HTTT', 'TH', 30),
('IS102', 'Các hệ cơ sở tri thức', 'HTTT', 'LT', 45),
('IS103', 'Hệ quản trị cơ sở dữ liệu', 'HTTT', 'LT', 45),
('IS103_TH', 'Hệ quản trị cơ sở dữ liệu (Thực hành)', 'HTTT', 'TH', 30),
('IS104', 'Cơ sở dữ liệu phân tán', 'HTTT', 'LT', 45),
('IS104_TH', 'Cơ sở dữ liệu phân tán (Thực hành)', 'HTTT', 'TH', 30),
('IS105', 'Hệ quản trị cơ sở dữ liệu Oracle', 'HTTT', 'LT', 45),
('IS105_TH', 'Hệ quản trị cơ sở dữ liệu Oracle (Thực hành)', 'HTTT', 'TH', 30),
('IS106', 'Khai thác dữ liệu', 'HTTT', 'LT', 45),
('IS106_TH', 'Khai thác dữ liệu (Thực hành)', 'HTTT', 'TH', 30),
('IS107', 'Hệ thống thông tin kế toán', 'HTTT', 'LT', 75),
('IS201', 'Phân tích thiết kế hệ thống thông tin', 'HTTT', 'LT', 15),
('IS202', 'Nhập môn công nghệ phần mềm', 'HTTT', 'LT', 45),
('IS202_TH', 'Nhập môn công nghệ phần mềm (Thực hành)', 'HTTT', 'TH', 30),
('IS203', 'Lập trình cơ sở dữ liệu', 'HTTT', 'LT', 45),
('IS203_TH', 'Lập trình cơ sở dữ liệu (Thực hành)', 'HTTT', 'TH', 30),
('IS204', 'Nhập môn hệ thống thông tin địa lý', 'HTTT', 'LT', 45),
('IS204_TH', 'Nhập môn hệ thống thông tin địa lý (Thực hành)', 'HTTT', 'TH', 30),
('IS205', 'PTTK hướng đối tượng với UML', 'HTTT', 'LT', 45),
('IS205_TH', 'PTTK hướng đối tượng với UML (Thực hành)', 'HTTT', 'TH', 30),
('IS206', 'Lập trình ứng dụng Web với Java', 'HTTT', 'LT', 45),
('IS206_TH', 'Lập trình ứng dụng Web với Java (Thực hành)', 'HTTT', 'TH', 30),
('IS207', 'Phát triển ứng dụng web', 'HTTT', 'LT', 45),
('IS207_TH', 'Phát triển ứng dụng web (Thực hành)', 'HTTT', 'TH', 30),
('IS208', 'Quản lý dự án công nghệ thông tin', 'HTTT', 'LT', 45),
('IS208_TH', 'Quản lý dự án công nghệ thông tin (Thực hành)', 'HTTT', 'TH', 30),
('IS210', 'Hệ quản trị cơ sở dữ liệu', 'HTTT', 'LT', 45),
('IS210_TH', 'Hệ quản trị cơ sở dữ liệu (Thực hành)', 'HTTT', 'TH', 30),
('IS211', 'Cơ sở dữ liệu phân tán', 'HTTT', 'LT', 15),
('IS212', 'Thực tập tốt nghiệp', 'HTTT', 'LT', 45),
('IS213', 'Đồ án xây dựng một hệ thống thông tin', 'HTTT', 'LT', 45),
('IS214', 'Thiết kế cơ sở dữ liệu', 'HTTT', 'LT', 45),
('IS214_TH', 'Thiết kế cơ sở dữ liệu (Thực hành)', 'HTTT', 'TH', 30),
('IS215', 'Thiết kế hướng đối tượng với UML', 'HTTT', 'LT', 15),
('IS216', 'Lập trình Java', 'HTTT', 'LT', 45),
('IS216_TH', 'Lập trình Java (Thực hành)', 'HTTT', 'TH', 30),
('IS217', 'Kho dữ liệu và OLAP', 'HTTT', 'LT', 45),
('IS218', 'Kỹ năng tư vấn', 'HTTT', 'LT', 30),
('IS219', 'Pháp luật trong Thương mại điện tử', 'HTTT', 'LT', 45),
('IS220', 'Xây dựng HTTT trên các framework', 'HTTT', 'LT', 45),
('IS220_TH', 'Xây dựng HTTT trên các framework (Thực hành)', 'HTTT', 'TH', 30),
('IS225', 'Khai thác dữ liệu và ứng dụng', 'CNTT', 'LT', 60),
('IS232', 'Hệ thống thông tin kế toán', 'HTTT', 'LT', 60),
('IS251', 'Nhập môn Hệ thống thông tin địa lý', 'HTTT', 'LT', 45),
('IS251_TH', 'Nhập môn Hệ thống thông tin địa lý (Thực hành)', 'HTTT', 'TH', 30),
('IS252', 'Khai thác dữ liệu', 'HTTT', 'LT', 15),
('IS253', 'Lập trình ứng dụng trên thiết bị di động', 'HTTT', 'LT', 30),
('IS253_TH', 'Lập trình ứng dụng trên thiết bị di động (Thực hành)', 'HTTT', 'TH', 30),
('IS254', 'Hệ hỗ trợ quyết định', 'HTTT', 'LT', 45),
('IS301', 'Thương mại điện tử', 'HTTT', 'LT', 45),
('IS302', 'Phân tích không gian', 'HTTT', 'LT', 45),
('IS302_TH', 'Phân tích không gian (Thực hành)', 'HTTT', 'TH', 30),
('IS303', 'Hệ cơ sở dữ liệu không gian', 'HTTT', 'LT', 45),
('IS303_TH', 'Hệ cơ sở dữ liệu không gian (Thực hành)', 'HTTT', 'TH', 30),
('IS3033', 'Quản lý dự án hệ thống thông tin', 'HTTT', 'LT', 60),
('IS304', 'Kho dữ liệu và OLAP', 'HTTT', 'LT', 15),
('IS305', 'An toàn và bảo mật HTTT', 'HTTT', 'LT', 45),
('IS306', 'Hệ thống thông tin quản lý', 'HTTT', 'LT', 45),
('IS311', 'Đồ án xây dựng hệ thống thông tin', 'HTTT', 'LT', 45),
('IS3303', 'Phân tích thiết kế hệ thống', 'HTTT', 'LT', 60),
('IS332', 'Hệ thống thông tin quản lý', 'HTTT', 'LT', 45),
('IS334', 'Thương mại điện tử', 'HTTT', 'LT', 45),
('IS335', 'An toàn và bảo mật hệ thống thông tin', 'HTTT', 'LT', 15),
('IS336', 'Hoạch định nguồn lực doanh nghiệp', 'HTTT', 'LT', 45),
('IS336_TH', 'Hoạch định nguồn lực doanh nghiệp (Thực hành)', 'HTTT', 'TH', 30),
('IS337', 'Cơ sở dữ liệu nâng cao', 'HTTT', 'LT', 45),
('IS337_TH', 'Cơ sở dữ liệu nâng cao (Thực hành)', 'HTTT', 'TH', 30),
('IS338', 'Dự báo kinh doanh', 'HTTT', 'LT', 45),
('IS339', 'Sinh tin học', 'HTTT', 'LT', 45),
('IS340', 'Thị trường chứng khoán', 'HTTT', 'LT', 45),
('IS341', 'Khởi nghiệp', 'HTTT', 'LT', 45),
('IS342', 'Chính phủ điện tử', 'HTTT', 'LT', 45),
('IS343', 'Luật CNTT', 'HTTT', 'LT', 45),
('IS344', 'Quản trị nguồn lực y tế', 'HTTT', 'LT', 30),
('IS344_TH', 'Quản trị nguồn lực y tế (Thực hành)', 'HTTT', 'TH', 30),
('IS345', 'AI trong y tế', 'HTTT', 'LT', 45),
('IS346', 'Quản lý dự án công nghệ thông tin y tế', 'HTTT', 'LT', 30),
('IS346_TH', 'Quản lý dự án công nghệ thông tin y tế (Thực hành)', 'HTTT', 'TH', 30),
('IS347', 'Thống kê y học', 'HTTT', 'LT', 45),
('IS348', 'Dịch tễ học', 'HTTT', 'LT', 30),
('IS348_TH', 'Dịch tễ học (Thực hành)', 'HTTT', 'TH', 30),
('IS349', 'Hệ thống y tế', 'HTTT', 'LT', 45),
('IS351', 'Phân tích không gian', 'HTTT', 'LT', 45),
('IS351_TH', 'Phân tích không gian (Thực hành)', 'HTTT', 'TH', 30),
('IS352', 'Hệ cơ sở dữ liệu không gian', 'HTTT', 'LT', 15),
('IS353', 'Mạng xã hội', 'HTTT', 'LT', 15),
('IS354', 'Công nghệ tài chính căn bản Fintech', 'HTTT', 'LT', 45),
('IS355', 'Công nghệ Blockchain', 'HTTT', 'LT', 15),
('IS356', 'Agile IT với DevOps', 'HTTT', 'LT', 45),
('IS357', 'Kiến trúc hướng dịch vụ', 'HTTT', 'LT', 45),
('IS358', 'Kiểm soát nhiễm khuẩn bệnh viện', 'HTTT', 'LT', 45),
('IS360', 'Quản lý chăm sóc và điều trị', 'HTTT', 'LT', 45),
('IS361', 'Quản lý chuỗi cung ứng dược và thiết bị y tế', 'HTTT', 'LT', 45),
('IS362', 'Quản trị tài chính và bảo hiểm y tế', 'HTTT', 'LT', 45),
('IS363', 'Pháp luật trong lĩnh vực y tế', 'HTTT', 'LT', 30),
('IS364', 'Mã tiêu chuẩn dùng chung trong y tế', 'HTTT', 'LT', 45),
('IS401', 'Khóa luận tốt nghiệp', 'HTTT', 'LT', 150),
('IS4013', 'Thiết kế, quản lý và quản trị hệ CSDL', 'HTTT', 'LT', 45),
('IS402', 'Điện toán đám mây', 'HTTT', 'LT', 15),
('IS403', 'Phân tích dữ liệu kinh doanh', 'HTTT', 'LT', 15),
('IS404', 'Kho dữ liệu và OLAP', 'HTTT', 'LT', 45),
('IS404_TH', 'Kho dữ liệu và OLAP (Thực hành)', 'HTTT', 'TH', 30),
('IS405', 'Dữ liệu lớn', 'HTTT', 'LT', 45),
('IS405_TH', 'Dữ liệu lớn (Thực hành)', 'HTTT', 'TH', 30),
('IS406', 'Điện toán đám mây và xử lý dữ liệu lớn', 'HTTT', 'LT', 45),
('IS407', 'Đồ án tốt nghiệp', 'HTTT', 'LT', 90),
('IS4133', 'Công nghệ thông tin cho thương mại điện tử', 'HTTT', 'LT', 45),
('IS4263', 'Các ứng dụng thông minh và hỗ trợ ra quyết định', 'HTTT', 'LT', 45),
('IS4523', 'Hệ truyền thông dữ liệu', 'HTTT', 'LT', 45),
('IS501', 'Thực tập cuối khóa', 'HTTT', 'LT', 45),
('IS502', 'Thực tập doanh nghiệp', 'HTTT', 'LT', 30),
('IS503', 'Đồ án tốt nghiệp tại doanh nghiệp', 'HTTT', 'LT', 150),
('IS505', 'Khóa luận tốt nghiệp', 'HTTT', 'LT', 150),
('IS5100', 'Thực tập cuối khóa', 'HTTT', 'LT', 60),
('IS6301', 'Phân tích thiết kế hệ thống thông tin nâng cao', 'HTTT', 'LT', 60),
('IS6301_TH', 'Phân tích thiết kế hệ thống thông tin nâng cao (Thực hành)', 'HTTT', 'TH', 90),
('IT001', 'Nhập môn lập trình', 'KHMT', 'LT', 45),
('IT001_TH', 'Nhập môn lập trình (Thực hành)', 'KHMT', 'TH', 30),
('IT002', 'Lập trình hướng đối tượng', 'CNPM', 'LT', 45),
('IT002_TH', 'Lập trình hướng đối tượng (Thực hành)', 'CNPM', 'TH', 30),
('IT003', 'Cấu trúc dữ liệu và giải thuật', 'KHMT', 'LT', 45),
('IT003_TH', 'Cấu trúc dữ liệu và giải thuật (Thực hành)', 'KHMT', 'TH', 30),
('IT004', 'Cơ sở dữ liệu', 'HTTT', 'LT', 45),
('IT004_TH', 'Cơ sở dữ liệu (Thực hành)', 'HTTT', 'TH', 30),
('IT005', 'Nhập môn mạng máy tính', 'MMT', 'LT', 45),
('IT005_TH', 'Nhập môn mạng máy tính (Thực hành)', 'MMT', 'TH', 30),
('IT006', 'Kiến trúc máy tính', 'KTMT', 'LT', 15),
('IT007', 'Hệ điều hành', 'KTMT', 'LT', 45),
('IT007_TH', 'Hệ điều hành (Thực hành)', 'KTMT', 'TH', 30),
('IT008', 'Lập trình trực quan', 'CNPM', 'LT', 15),
('IT009', 'Giới thiệu ngành', 'CNTT', 'LT', 15),
('IT010', 'Tổ chức và cấu trúc máy tính', 'KTMT', 'LT', 30),
('IT011', 'Nhập môn lập trình thi đấu', 'KHMT', 'LT', 45),
('IT011_TH', 'Nhập môn lập trình thi đấu (Thực hành)', 'KHMT', 'TH', 30),
('IT012', 'Tổ chức và Cấu trúc Máy tính II', 'KTMT', 'LT', 45),
('IT012_TH', 'Tổ chức và Cấu trúc Máy tính II (Thực hành)', 'KTMT', 'TH', 30),
('IT013', 'Cấu trúc dữ liệu cho lập trình thi đấu', 'KHMT', 'LT', 45),
('IT013_TH', 'Cấu trúc dữ liệu cho lập trình thi đấu (Thực hành)', 'KHMT', 'TH', 30),
('ITEM1', 'Nhập môn Quản trị doanh nghiệp', 'CNTT', 'LT', 30),
('ITEW1', 'Nhập môn công tác kỹ sư', 'CNTT', 'LT', 15),
('ITNT005', 'Communication', 'HTTT', 'LT', 15),
('JAN01', 'Tiếng Nhật 1', 'CNTT', 'LT', 30),
('JAN01_TH', 'Tiếng Nhật 1 (Thực hành)', 'CNTT', 'TH', 90),
('JAN02', 'Tiếng Nhật 2', 'CNTT', 'LT', 30),
('JAN02_TH', 'Tiếng Nhật 2 (Thực hành)', 'CNTT', 'TH', 90),
('JAN03', 'Tiếng Nhật 3', 'CNTT', 'LT', 30),
('JAN03_TH', 'Tiếng Nhật 3 (Thực hành)', 'CNTT', 'TH', 90),
('JAN04', 'Tiếng Nhật 4', 'CNTT', 'LT', 30),
('JAN04_TH', 'Tiếng Nhật 4 (Thực hành)', 'CNTT', 'TH', 90),
('JAN05', 'Tiếng Nhật 5', 'CNTT', 'LT', 30),
('JAN05_TH', 'Tiếng Nhật 5 (Thực hành)', 'CNTT', 'TH', 90),
('JAN06', 'Tiếng Nhật 6', 'CNTT', 'LT', 15),
('JAN06_TH', 'Tiếng Nhật 6 (Thực hành)', 'CNTT', 'TH', 60),
('JAN07', 'Tiếng Nhật 7', 'CNTT', 'LT', 15),
('JAN07_TH', 'Tiếng Nhật 7 (Thực hành)', 'CNTT', 'TH', 60),
('JAN08', 'Tiếng Nhật 8', 'CNTT', 'LT', 15),
('JAN08_TH', 'Tiếng Nhật 8 (Thực hành)', 'CNTT', 'TH', 60),
('JANHU', 'Tiếng Nhật miễn phí do Huredee tài trợ', 'CNTT', 'LT', 600),
('LIA01', 'Đại số tuyến tính', 'CNTT', 'LT', 45),
('LIA11', 'Đại số tuyến tính', 'CNTT', 'LT', 45),
('MA001', 'Giải tích 1', 'CNTT', 'LT', 45),
('MA002', 'Giải tích 2', 'CNTT', 'LT', 45),
('MA003', 'Đại số tuyến tính', 'CNTT', 'LT', 45),
('MA004', 'Cấu trúc rời rạc', 'CNTT', 'LT', 60),
('MA005', 'Xác suất thống kê', 'CNTT', 'LT', 45),
('MA006', 'Giải tích', 'CNTT', 'LT', 60),
('MAT01', 'Toán cao cấp A1', 'CNTT', 'LT', 45),
('MAT02', 'Toán cao cấp A2', 'CNTT', 'LT', 60),
('MAT04', 'Cấu trúc rời rạc', 'CNTT', 'LT', 60),
('MAT11', 'Giải tích 1', 'CNTT', 'LT', 60),
('MAT12', 'Giải tích 2', 'CNTT', 'LT', 45),
('MAT14', 'Toán rời rạc cho máy tính', 'CNTT', 'LT', 45),
('MAT21', 'Toán cao cấp A1 (TE)', 'CNTT', 'LT', 15),
('MAT22', 'Toán cao cấp A2 (TE)', 'CNTT', 'LT', 15),
('MAT23', 'Đại số tuyến tính', 'CNTT', 'LT', 60),
('MAT24', 'Cấu trúc rời rạc (TE)', 'CNTT', 'LT', 60),
('MATH2144', 'Giải tích I', 'HTTT', 'LT', 60),
('MATH2153', 'Giải tích II', 'HTTT', 'LT', 45),
('MATH2154', 'Giải tích', 'HTTT', 'LT', 60),
('MATH3013', 'Đại số tuyến tính', 'HTTT', 'LT', 45),
('ME001', 'Giáo dục quốc phòng', 'CNTT', 'LT', 15),
('MEDU1', 'Giáo dục quốc phòng', 'CNTT', 'LT', 15),
('MKTG4223', 'Quản trị chuỗi cung ứng', 'HTTT', 'LT', 45),
('MKTG5883', 'Khai phá dữ liệu và ứng dụng', 'HTTT', 'LT', 45),
('MKTG5883_TH', 'Khai phá dữ liệu và ứng dụng (Thực hành)', 'HTTT', 'TH', 30),
('MLPE1', 'Kinh tế chính trị Mác-Lênin (TE)', 'CNTT', 'LT', 75),
('MLPE2', 'Kinh tế chính trị Mác-Lênin (TE1)', 'CNTT', 'LT', 60),
('MM001', 'Kỹ năng truyền thông cho người làm CNTT', 'CNTT', 'LT', 30),
('MM001_TH', 'Kỹ năng truyền thông cho người làm CNTT (Thực hành)', 'CNTT', 'TH', 30),
('MM002', 'Truyền thông Kỹ thuật số', 'CNTT', 'LT', 30),
('MM002_TH', 'Truyền thông Kỹ thuật số (Thực hành)', 'CNTT', 'TH', 30),
('MM003', 'Quản trị sự kiện', 'CNPM', 'LT', 45),
('MM003_TH', 'Quản trị sự kiện (Thực hành)', 'CNPM', 'TH', 30),
('MM004', 'Nguyên lý thiết kế đồ hoạ', 'CNPM', 'TH', 60),
('MM005', 'Nhập môn marketing', 'CNPM', 'LT', 30),
('MM006', 'Tâm lý học đại cương', 'CNPM', 'LT', 30),
('MM007', 'Tư duy sáng tạo và xu hướng thiết kế truyền thông', 'CNPM', 'LT', 30),
('MM008', 'Kỹ năng truyền thông ứng dụng', 'CNPM', 'LT', 30),
('MM101', 'Giới thiệu ngành Truyền thông đa phương tiện', 'CNPM', 'LT', 15),
('MM102', 'Lý luận truyền thông đại chúng', 'CNPM', 'LT', 45),
('MM103', 'Cơ sở tạo hình và nguyên lý thị giác', 'CNPM', 'LT', 30),
('MM104', 'Viết nội dung đa phương tiện', 'CNPM', 'LT', 45),
('MM105', 'Nhập môn kỹ thuật sản xuất nội dung đa phương tiện', 'CNPM', 'LT', 30),
('MM105_TH', 'Nhập môn kỹ thuật sản xuất nội dung đa phương tiện (Thực hành)', 'CNPM', 'TH', 30),
('MM106', 'Thu thập và phân tích khám phá dữ liệu Truyền thông đa phương tiện', 'CNPM', 'LT', 30),
('MM106_TH', 'Thu thập và phân tích khám phá dữ liệu Truyền thông đa phương tiện (Thực hành)', 'CNPM', 'TH', 30),
('MM107', 'Học máy ứng dụng trong Truyền thông đa phương tiện', 'CNPM', 'LT', 30),
('MM107_TH', 'Học máy ứng dụng trong Truyền thông đa phương tiện (Thực hành)', 'CNPM', 'TH', 30),
('MM108', 'Tiếp thị số', 'CNPM', 'LT', 30),
('MM108_TH', 'Tiếp thị số (Thực hành)', 'CNPM', 'TH', 30),
('MM109', 'Thiết kế đồ họa', 'CNPM', 'LT', 45),
('MM109_TH', 'Thiết kế đồ họa (Thực hành)', 'CNPM', 'TH', 30),
('MM110', 'Màu sắc và tâm lý thị giác trong thiết kế truyền thông', 'CNPM', 'LT', 30),
('MM201', 'Truyền thông và dư luận xã hội', 'CNPM', 'LT', 45),
('MM201_TH', 'Truyền thông và dư luận xã hội (Thực hành)', 'CNPM', 'TH', 30),
('MM202', 'Học sâu ứng dụng trong truyền thông đa phương tiện', 'CNPM', 'LT', 45),
('MM202_TH', 'Học sâu ứng dụng trong truyền thông đa phương tiện (Thực hành)', 'CNPM', 'TH', 30),
('MM203', 'Xử lý ngôn ngữ tự nhiên cho truyền thông đa phương tiện', 'CNPM', 'LT', 45),
('MM203_TH', 'Xử lý ngôn ngữ tự nhiên cho truyền thông đa phương tiện (Thực hành)', 'CNPM', 'TH', 30),
('MM204', 'Xử lý ảnh số và video trong truyền thông đa phương tiện', 'CNPM', 'LT', 45),
('MM204_TH', 'Xử lý ảnh số và video trong truyền thông đa phương tiện (Thực hành)', 'CNPM', 'TH', 30),
('MM205', 'Phân tích và hiểu nội dung đa phương thức', 'CNPM', 'LT', 45),
('MM205_TH', 'Phân tích và hiểu nội dung đa phương thức (Thực hành)', 'CNPM', 'TH', 30),
('MM206', 'Dữ liệu lớn ứng dụng trong truyền thông đa phương tiện', 'CNPM', 'LT', 45),
('MM206_TH', 'Dữ liệu lớn ứng dụng trong truyền thông đa phương tiện (Thực hành)', 'CNPM', 'TH', 30),
('MM207', 'Hệ thống khai phá dữ liệu mạng xã hội', 'CNPM', 'LT', 45),
('MM207_TH', 'Hệ thống khai phá dữ liệu mạng xã hội (Thực hành)', 'CNPM', 'TH', 30),
('MM208', 'Thiết kế và sản xuất ấn phẩm', 'CNPM', 'LT', 45),
('MM208_TH', 'Thiết kế và sản xuất ấn phẩm (Thực hành)', 'CNPM', 'TH', 30),
('MM209', 'Nghiệp vụ truyền thông và báo chí', 'CNPM', 'LT', 45),
('MM209_TH', 'Nghiệp vụ truyền thông và báo chí (Thực hành)', 'CNPM', 'TH', 30),
('MM210', 'Kỹ thuật quay phim biên kịch và hậu kỳ', 'CNPM', 'LT', 45),
('MM210_TH', 'Kỹ thuật quay phim biên kịch và hậu kỳ (Thực hành)', 'CNPM', 'TH', 30),
('MM211', 'Thực tế ảo và thực tế tăng cường', 'CNPM', 'LT', 45),
('MM211_TH', 'Thực tế ảo và thực tế tăng cường (Thực hành)', 'CNPM', 'TH', 30),
('MM212', 'Hoạt hình', 'CNPM', 'LT', 30),
('MM212_TH', 'Hoạt hình (Thực hành)', 'CNPM', 'TH', 30),
('MM213', 'Quản lý dự án truyền thông đa phương tiện', 'CNPM', 'LT', 45),
('MM213_TH', 'Quản lý dự án truyền thông đa phương tiện (Thực hành)', 'CNPM', 'TH', 30),
('MM214', 'Chiến lược phát triển thương hiệu', 'CNPM', 'LT', 45),
('MM215', 'Quan hệ công chúng trong marketing', 'CNPM', 'LT', 45),
('MM216', 'Tối ưu hóa và tiếp thị trên công cụ tìm kiếm', 'CNPM', 'LT', 45),
('MM216_TH', 'Tối ưu hóa và tiếp thị trên công cụ tìm kiếm (Thực hành)', 'CNPM', 'TH', 30),
('MM217', 'Tiếp thị cho sản phẩm dịch vụ', 'CNPM', 'LT', 45),
('MM218', 'Xây dựng kênh tiếp thị trực tuyến', 'CNPM', 'LT', 45),
('MM219', 'Quản trị mối quan hệ khách hàng định hướng dữ liệu', 'CNPM', 'LT', 45),
('MM219_TH', 'Quản trị mối quan hệ khách hàng định hướng dữ liệu (Thực hành)', 'CNPM', 'TH', 30),
('MM220', 'Phân tích dữ liệu truyền thông số', 'CNPM', 'LT', 45),
('MM220_TH', 'Phân tích dữ liệu truyền thông số (Thực hành)', 'CNPM', 'TH', 30),
('MM221', 'Chuyên đề các vấn đề hiện đại trong Truyền thông đa phương tiện', 'CNPM', 'LT', 45),
('MM222', 'An ninh thông tin trong truyền thông đa phương tiện', 'CNPM', 'LT', 45),
('MM222_TH', 'An ninh thông tin trong truyền thông đa phương tiện (Thực hành)', 'CNPM', 'TH', 30),
('MM223', 'Kể chuyện tương tác', 'CNPM', 'LT', 45),
('MM223_TH', 'Kể chuyện tương tác (Thực hành)', 'CNPM', 'TH', 30),
('MM224', 'Hình họa cơ bản', 'CNPM', 'LT', 45),
('MM224_TH', 'Hình họa cơ bản (Thực hành)', 'CNPM', 'TH', 30),
('MM301', 'Đồ án Truyền thông đa phương tiện', 'CNPM', 'TH', 60),
('MM302', 'Thực tập', 'CNPM', 'TH', 60),
('MM304', 'Khởi nghiệp ngành Truyền thông đa phương tiện', 'CNPM', 'LT', 30),
('MM504', 'Đồ án tốt nghiệp', 'CNPM', 'TH', 180),
('MM505', 'Khóa luận tốt nghiệp', 'CNPM', 'TH', 300),
('MM506', 'Đồ án tốt nghiệp tại doanh nghiệp', 'CNPM', 'TH', 300),
('MSIS207', 'Phát triển ứng dụng web', 'HTTT', 'LT', 15),
('MSIS2433', 'Lập trình hướng đối tượng', 'HTTT', 'LT', 45),
('MSIS3033', 'Quản lý dự án hệ thống thông tin', 'HTTT', 'LT', 45),
('MSIS3233', 'Khoa học quản lý', 'HTTT', 'LT', 45),
('MSIS3242', 'Quản lý chất lượng phần mềm', 'HTTT', 'LT', 45),
('MSIS3243', 'Lý thuyết quyết định quản lý', 'HTTT', 'LT', 45),
('MSIS3303', 'Phân tích thiết kế hệ thống', 'HTTT', 'LT', 45),
('MSIS3303_TH', 'Phân tích thiết kế hệ thống (Thực hành)', 'HTTT', 'TH', 30),
('MSIS4013', 'Thiết kế, quản lý và quản trị hệ CSDL', 'HTTT', 'LT', 45),
('MSIS402', 'Điện toán đám mây', 'HTTT', 'LT', 45),
('MSIS405', 'Dữ liệu lớn', 'HTTT', 'LT', 45),
('MSIS406', 'Dữ liệu lớn trên nền điện toán đám mây', 'HTTT', 'LT', 45),
('MSIS406_TH', 'Dữ liệu lớn trên nền điện toán đám mây (Thực hành)', 'HTTT', 'TH', 30),
('MSIS4133', 'Công nghệ thông tin trong thương mại điện tử', 'HTTT', 'LT', 45),
('MSIS4243', 'Điều khiển và giám sát hệ thống thông tin', 'HTTT', 'LT', 45),
('MSIS4263', 'Các ứng dụng thông minh và hỗ trợ ra quyết định', 'HTTT', 'LT', 45),
('MSIS4363', 'Các chủ đề nâng cao trong phát triển hệ thống', 'HTTT', 'LT', 45),
('MSIS4443', 'Các hệ thống mô phỏng trên máy tính', 'HTTT', 'LT', 45),
('MSIS4523', 'Hệ truyền thông dữ liệu', 'HTTT', 'LT', 45),
('MSIS4800', 'Hệ thống thông tin tính toán', 'HTTT', 'LT', 45),
('MSIS4801', 'Quản lý thông tin địa lý', 'HTTT', 'LT', 45),
('MSIS4801_TH', 'Quản lý thông tin địa lý (Thực hành)', 'HTTT', 'TH', 30),
('MSIS5723', 'Phân tích thiết kế hệ thống thông tin', 'HTTT', 'LT', 45),
('MSIS5723_TH', 'Phân tích thiết kế hệ thống thông tin (Thực hành)', 'HTTT', 'TH', 30),
('NHJP1', 'Tiếng Nhật Sơ cấp 1', 'CNTT', 'LT', 15),
('NHJP2', 'Tiếng Nhật Sơ cấp 2', 'CNTT', 'LT', 15),
('NNH050', 'Ngôn ngữ quảng cáo', 'CNTT', 'LT', 30),
('NT005', 'Giới thiệu ngành Mạng máy tính và Truyền thông dữ liệu', 'MMT', 'LT', 15),
('NT015', 'Giới thiệu ngành An toàn Thông tin', 'MMT', 'LT', 15),
('NT101', 'An toàn mạng máy tính', 'MMT', 'LT', 45),
('NT101_TH', 'An toàn mạng máy tính (Thực hành)', 'MMT', 'TH', 30),
('NT102', 'Điện tử cho công nghệ thông tin', 'MMT', 'LT', 45),
('NT102_TH', 'Điện tử cho công nghệ thông tin (Thực hành)', 'MMT', 'TH', 30),
('NT103', 'Hệ điều hành Linux', 'MMT', 'LT', 45),
('NT103_TH', 'Hệ điều hành Linux (Thực hành)', 'MMT', 'TH', 30),
('NT104', 'Lý thuyết thông tin', 'MMT', 'LT', 45),
('NT105', 'Truyền dữ liệu', 'MMT', 'LT', 45),
('NT105_TH', 'Truyền dữ liệu (Thực hành)', 'MMT', 'TH', 30),
('NT106', 'Lập trình mạng căn bản', 'MMT', 'LT', 15),
('NT107', 'Xử lý tín hiệu trong truyển thông', 'MMT', 'LT', 45),
('NT107_TH', 'Xử lý tín hiệu trong truyển thông (Thực hành)', 'MMT', 'TH', 30),
('NT108', 'Mạng truyền thông và di động', 'MMT', 'LT', 45),
('NT109', 'Lập trình ứng dụng mạng', 'MMT', 'LT', 15),
('NT110', 'Tín hiệu và mạch', 'MMT', 'LT', 45),
('NT111', 'Thiết bị mạng và truyền thông ĐPT', 'MMT', 'LT', 45),
('NT111_TH', 'Thiết bị mạng và truyền thông ĐPT (Thực hành)', 'MMT', 'TH', 30),
('NT112', 'Công nghệ mạng viễn thông', 'MMT', 'LT', 30),
('NT112_TH', 'Công nghệ mạng viễn thông (Thực hành)', 'MMT', 'TH', 30),
('NT113', 'Thiết kế Mạng', 'MMT', 'LT', 30),
('NT113_TH', 'Thiết kế Mạng (Thực hành)', 'MMT', 'TH', 30),
('NT114', 'Đồ án chuyên ngành', 'MMT', 'TH', 60),
('NT115', 'Thực tập doanh nghiệp', 'MMT', 'LT', 45),
('NT116', 'Kỹ năng mềm', 'MMT', 'TH', 60),
('NT117', 'Đồ án môn học Lập trình ứng dụng Mạng', 'MMT', 'TH', 60),
('NT118', 'Phát triển ứng dụng trên thiết bị di động', 'MMT', 'LT', 30),
('NT118_TH', 'Phát triển ứng dụng trên thiết bị di động (Thực hành)', 'MMT', 'TH', 30),
('NT119', 'Mật mã học', 'MMT', 'LT', 15),
('NT121', 'Thiết bị mạng và truyền thông ĐPT', 'MMT', 'LT', 30),
('NT121_TH', 'Thiết bị mạng và truyền thông ĐPT (Thực hành)', 'MMT', 'TH', 30),
('NT130', 'Cơ chế hoạt động của mã độc', 'MMT', 'LT', 15),
('NT131', 'Hệ thống nhúng Mạng không dây', 'MMT', 'LT', 45),
('NT131_TH', 'Hệ thống nhúng Mạng không dây (Thực hành)', 'MMT', 'TH', 30),
('NT132', 'Quản trị mạng và hệ thống', 'MMT', 'LT', 45),
('NT132_TH', 'Quản trị mạng và hệ thống (Thực hành)', 'MMT', 'TH', 30),
('NT133', 'An toàn kiến trúc hệ thống', 'MMT', 'LT', 15),
('NT137', 'Kỹ thuật phân tích mã độc', 'MMT', 'LT', 30),
('NT137_TH', 'Kỹ thuật phân tích mã độc (Thực hành)', 'MMT', 'TH', 30),
('NT140', 'An toàn mạng', 'MMT', 'LT', 45),
('NT140_TH', 'An toàn mạng (Thực hành)', 'MMT', 'TH', 30),
('NT201', 'Phân tích thiết kế hệ thống truyền thông và mạng', 'MMT', 'LT', 45),
('NT202', 'Đồ án môn Lập trình ứng dụng mạng', 'MMT', 'TH', 60),
('NT203', 'Đồ án chuyên ngành', 'MMT', 'TH', 60),
('NT204', 'Hệ thống tìm kiếm, phát hiện và ngăn ngừa xâm nhập', 'MMT', 'LT', 30),
('NT204_TH', 'Hệ thống tìm kiếm, phát hiện và ngăn ngừa xâm nhập (Thực hành)', 'MMT', 'TH', 30),
('NT205', 'Tấn công mạng', 'MMT', 'LT', 30),
('NT205_TH', 'Tấn công mạng (Thực hành)', 'MMT', 'TH', 30),
('NT206', 'Quản trị hệ thống mạng', 'MMT', 'LT', 30),
('NT206_TH', 'Quản trị hệ thống mạng (Thực hành)', 'MMT', 'TH', 30),
('NT207', 'Quản lý rủi ro và an toàn thông tin trong doanh nghiệp', 'MMT', 'LT', 30),
('NT207_TH', 'Quản lý rủi ro và an toàn thông tin trong doanh nghiệp (Thực hành)', 'MMT', 'TH', 30),
('NT208', 'Lập trình ứng dụng Web', 'MMT', 'LT', 15),
('NT209', 'Lập trình hệ thống', 'MMT', 'LT', 15),
('NT210', 'Thương mại Điện tử và Triển khai ứng dụng', 'MMT', 'LT', 15),
('NT211', 'An ninh nhân sự, định danh và chứng thực', 'MMT', 'LT', 30),
('NT211_TH', 'An ninh nhân sự, định danh và chứng thực (Thực hành)', 'MMT', 'TH', 30),
('NT212', 'An toàn dữ liệu, khôi phục thông tin sau sự cố', 'MMT', 'LT', 15),
('NT213', 'Bảo mật web và ứng dụng', 'MMT', 'LT', 30),
('NT213_TH', 'Bảo mật web và ứng dụng (Thực hành)', 'MMT', 'TH', 30),
('NT215', 'Thực tập doanh nghiệp', 'MMT', 'LT', 30),
('NT216', 'Bảo mật hệ thống dữ liệu', 'MMT', 'LT', 30),
('NT216_TH', 'Bảo mật hệ thống dữ liệu (Thực hành)', 'MMT', 'TH', 30),
('NT219', 'Mật mã học', 'MMT', 'LT', 30),
('NT219_TH', 'Mật mã học (Thực hành)', 'MMT', 'TH', 30),
('NT230', 'Cơ chế hoạt động của mã độc', 'MMT', 'LT', 30),
('NT230_TH', 'Cơ chế hoạt động của mã độc (Thực hành)', 'MMT', 'TH', 30),
('NT301', 'Quản trị hệ thống mạng', 'MMT', 'LT', 15),
('NT302', 'Xây dựng chuẩn chính sách an toàn thông tin trong doanh nghiệp', 'MMT', 'LT', 30),
('NT302_TH', 'Xây dựng chuẩn chính sách an toàn thông tin trong doanh nghiệp (Thực hành)', 'MMT', 'TH', 30),
('NT303', 'Công nghệ thoại IP', 'MMT', 'LT', 30),
('NT303_TH', 'Công nghệ thoại IP (Thực hành)', 'MMT', 'TH', 30),
('NT304', 'Ứng dụng truyền thông và an ninh thông tin', 'MMT', 'LT', 30),
('NT304_TH', 'Ứng dụng truyền thông và an ninh thông tin (Thực hành)', 'MMT', 'TH', 30),
('NT305', 'Phát triển ứng dụng trên thiết bị di động', 'MMT', 'LT', 30),
('NT305_TH', 'Phát triển ứng dụng trên thiết bị di động (Thực hành)', 'MMT', 'TH', 30),
('NT306', 'Kỹ thuật lập trình mạng trên Linux', 'MMT', 'LT', 45),
('NT307', 'Xây dựng ứng dụng web', 'MMT', 'LT', 15),
('NT309', 'Lập trình trên Linux', 'MMT', 'LT', 30),
('NT309_TH', 'Lập trình trên Linux (Thực hành)', 'MMT', 'TH', 30),
('NT310', 'Pháp chứng mạng di động', 'MMT', 'LT', 30),
('NT310_TH', 'Pháp chứng mạng di động (Thực hành)', 'MMT', 'TH', 30),
('NT311', 'Công nghệ tường lửa và bảo vệ mạng ngoại vi', 'MMT', 'LT', 30),
('NT311_TH', 'Công nghệ tường lửa và bảo vệ mạng ngoại vi (Thực hành)', 'MMT', 'TH', 30),
('NT312', 'Bảo mật với smartcard và NFC', 'MMT', 'LT', 30),
('NT312_TH', 'Bảo mật với smartcard và NFC (Thực hành)', 'MMT', 'TH', 30),
('NT320', 'Công nghệ vệ tinh', 'MMT', 'LT', 45),
('NT321', 'Hệ thống tìm kiếm, phát hiện và ngăn ngừa xâm nhập', 'MMT', 'LT', 30),
('NT321_TH', 'Hệ thống tìm kiếm, phát hiện và ngăn ngừa xâm nhập (Thực hành)', 'MMT', 'TH', 30),
('NT330', 'An toàn mạng không dây và di động', 'MMT', 'LT', 30),
('NT330_TH', 'An toàn mạng không dây và di động (Thực hành)', 'MMT', 'TH', 30),
('NT331', 'Xây dựng chuẩn chính sách an toàn thông tin trong doanh nghiệp', 'MMT', 'LT', 15),
('NT332', 'Xử lý tín hiệu trong truyền thông', 'MMT', 'LT', 45),
('NT332_TH', 'Xử lý tín hiệu trong truyền thông (Thực hành)', 'MMT', 'TH', 30),
('NT333', 'Tính toán lưới', 'MMT', 'LT', 15),
('NT334', 'Pháp chứng kỹ thuật số', 'MMT', 'LT', 30),
('NT334_TH', 'Pháp chứng kỹ thuật số (Thực hành)', 'MMT', 'TH', 30),
('NT395', 'Phát triển ứng dụng trên thiết bị di động', 'MMT', 'LT', 30),
('NT395_TH', 'Phát triển ứng dụng trên thiết bị di động (Thực hành)', 'MMT', 'TH', 30),
('NT401', 'An toàn mạng nâng cao', 'MMT', 'LT', 30),
('NT401_TH', 'An toàn mạng nâng cao (Thực hành)', 'MMT', 'TH', 30),
('NT402', 'Công nghệ mạng viễn thông', 'MMT', 'LT', 30),
('NT402_TH', 'Công nghệ mạng viễn thông (Thực hành)', 'MMT', 'TH', 30),
('NT403', 'Tính toán lưới', 'MMT', 'LT', 30),
('NT403_TH', 'Tính toán lưới (Thực hành)', 'MMT', 'TH', 30),
('NT404', 'Khóa luận tốt nghiệp', 'MMT', 'LT', 150),
('NT405', 'Bảo mật Internet', 'MMT', 'LT', 15),
('NT406', 'Đồ án tốt nghiệp', 'MMT', 'LT', 60),
('NT407', 'Pháp chứng kỹ thuật số', 'MMT', 'LT', 30),
('NT407_TH', 'Pháp chứng kỹ thuật số (Thực hành)', 'MMT', 'TH', 30),
('NT408', 'Bảo mật trên Internet', 'MMT', 'LT', 45),
('NT408_TH', 'Bảo mật trên Internet (Thực hành)', 'MMT', 'TH', 30),
('NT501', 'Thực tập doanh nghiệp', 'MMT', 'LT', 45),
('NT502', 'Thương mại Điện tử và Triển khai ứng dụng', 'MMT', 'LT', 15),
('NT503', 'Bảo mật Internet', 'MMT', 'LT', 15),
('NT504', 'Tiểu luận tốt nghiệp', 'MMT', 'LT', 15),
('NT505', 'Khóa luận tốt nghiệp', 'MMT', 'LT', 150),
('NT506', 'Đồ án tốt nghiệp tại doanh nghiệp', 'MMT', 'LT', 150),
('NT507', 'Xây dựng ứng dụng web', 'MMT', 'LT', 30),
('NT507_TH', 'Xây dựng ứng dụng web (Thực hành)', 'MMT', 'TH', 30),
('NT508', 'Đồ án tốt nghiệp', 'MMT', 'LT', 90),
('NT509', 'Hệ thống đa tác tử di động thông minh', 'MMT', 'LT', 30),
('NT509_TH', 'Hệ thống đa tác tử di động thông minh (Thực hành)', 'MMT', 'TH', 30),
('NT521', 'Lập trình an toàn và khai thác lỗ hổng phần mềm', 'MMT', 'LT', 15),
('NT522', 'Phương pháp học máy trong an toàn thông tin', 'MMT', 'LT', 30),
('NT522_TH', 'Phương pháp học máy trong an toàn thông tin (Thực hành)', 'MMT', 'TH', 30),
('NT523', 'An toàn thông tin trong kỷ nguyên máy tính lượng tử', 'MMT', 'LT', 30),
('NT523_TH', 'An toàn thông tin trong kỷ nguyên máy tính lượng tử (Thực hành)', 'MMT', 'TH', 30),
('NT524', 'Kiến trúc và Bảo mật Điện toán Đám mây', 'MMT', 'LT', 45),
('NT524_TH', 'Kiến trúc và Bảo mật Điện toán Đám mây (Thực hành)', 'MMT', 'TH', 30),
('NT531', 'Đánh giá hiệu năng hệ thống mạng máy tính', 'MMT', 'LT', 30),
('NT531_TH', 'Đánh giá hiệu năng hệ thống mạng máy tính (Thực hành)', 'MMT', 'TH', 30),
('NT532', 'Công nghệ Internet of things hiện đại', 'MMT', 'LT', 30),
('NT532_TH', 'Công nghệ Internet of things hiện đại (Thực hành)', 'MMT', 'TH', 30),
('NT533', 'Hệ tính toán phân bố', 'MMT', 'LT', 30),
('NT533_TH', 'Hệ tính toán phân bố (Thực hành)', 'MMT', 'TH', 30),
('NT534', 'An toàn mạng máy tính nâng cao', 'MMT', 'LT', 30),
('NT534_TH', 'An toàn mạng máy tính nâng cao (Thực hành)', 'MMT', 'TH', 30),
('NT535', 'Bảo mật Internet of things', 'MMT', 'LT', 30),
('NT535_TH', 'Bảo mật Internet of things (Thực hành)', 'MMT', 'TH', 30),
('NT536', 'Công nghệ truyền thông đa phương tiện', 'MMT', 'LT', 30),
('NT536_TH', 'Công nghệ truyền thông đa phương tiện (Thực hành)', 'MMT', 'TH', 30),
('NT537', 'Truyền thông xã hội và kinh doanh', 'MMT', 'LT', 45),
('NT538', 'Giải thuật xử lý song song và phân bố', 'MMT', 'LT', 30),
('NT538_TH', 'Giải thuật xử lý song song và phân bố (Thực hành)', 'MMT', 'TH', 30),
('NT539', 'AI ứng dụng trong mạng và truyền thông', 'MMT', 'LT', 45),
('NT539_TH', 'AI ứng dụng trong mạng và truyền thông (Thực hành)', 'MMT', 'TH', 30),
('NT540', 'Mạng không dây thế hệ mới', 'MMT', 'LT', 30),
('NT540_TH', 'Mạng không dây thế hệ mới (Thực hành)', 'MMT', 'TH', 30),
('NT541', 'Công nghệ mạng khả lập trình', 'MMT', 'LT', 45),
('NT541_TH', 'Công nghệ mạng khả lập trình (Thực hành)', 'MMT', 'TH', 30),
('NT542', 'Lập trình kịch bản tự động hóa cho quản trị và bảo mật mạng', 'MMT', 'LT', 30),
('NT542_TH', 'Lập trình kịch bản tự động hóa cho quản trị và bảo mật mạng (Thực hành)', 'MMT', 'TH', 30),
('NT543', 'Tín hiệu và hệ thống thông tin', 'MMT', 'LT', 30),
('NT543_TH', 'Tín hiệu và hệ thống thông tin (Thực hành)', 'MMT', 'TH', 30),
('NT544', 'Ăng ten và truyền thông vô tuyến', 'MMT', 'LT', 45),
('NT544_TH', 'Ăng ten và truyền thông vô tuyến (Thực hành)', 'MMT', 'TH', 30),
('NT545', 'Thiết kế hệ thống viễn thông', 'MMT', 'LT', 30),
('NT545_TH', 'Thiết kế hệ thống viễn thông (Thực hành)', 'MMT', 'TH', 30),
('NT546', 'Thiết kế và triển khai mạng tốc độ cao', 'MMT', 'LT', 30),
('NT546_TH', 'Thiết kế và triển khai mạng tốc độ cao (Thực hành)', 'MMT', 'TH', 30),
('NT547', 'Blockchain: Nền tảng, ứng dụng và bảo mật', 'MMT', 'LT', 30),
('NT547_TH', 'Blockchain: Nền tảng, ứng dụng và bảo mật (Thực hành)', 'MMT', 'TH', 30),
('NT548', 'Công nghệ DevOps và ứng dụng', 'MMT', 'LT', 45),
('NT548_TH', 'Công nghệ DevOps và ứng dụng (Thực hành)', 'MMT', 'TH', 30),
('NT549', 'Học máy tăng cường cho các hệ thống mạng', 'MMT', 'LT', 15),
('OOPT1', 'Lập trình hướng đối tượng', 'CNPM', 'LT', 45),
('OOPT1_TH', 'Lập trình hướng đối tượng (Thực hành)', 'CNPM', 'TH', 30),
('OOPT2', 'Lập trình hướng đối tượng', 'CNPM', 'LT', 60),
('OOPT2_TH', 'Lập trình hướng đối tượng (Thực hành)', 'CNPM', 'TH', 30),
('OSYS1', 'Hệ điều hành', 'MMT', 'LT', 45),
('OSYS2', 'Hệ điều hành', 'MMT', 'LT', 45),
('PE001', 'Giáo dục thể chất 1', 'CNTT', 'LT', 15),
('PE002', 'Giáo dục thể chất 2', 'CNTT', 'LT', 15),
('PE003', 'Giáo dục thể chất 3', 'CNTT', 'LT', 15),
('PE012', 'Giáo dục thể chất', 'CNTT', 'LT', 15),
('PE231', 'Giáo dục thể chất 1', 'CNTT', 'LT', 15),
('PE232', 'Giáo dục thể chất 2', 'CNTT', 'LT', 15),
('PEDU1', 'Giáo dục thể chất 1', 'CNTT', 'LT', 15),
('PEDU2', 'Giáo dục thể chất 2', 'CNTT', 'LT', 15),
('PH001', 'Nhập môn điện tử', 'CNTT', 'LT', 45),
('PH002', 'Nhập môn mạch số', 'KTMT', 'LT', 15),
('PH003', 'Vật lý kỹ thuật', 'CNTT', 'LT', 15),
('PHIL1', 'Những NLCB của chủ nghĩa Mác-Lênin', 'CNTT', 'LT', 75),
('PHIL2', 'Triết học Mác-Lênin', 'CNTT', 'LT', 75),
('PHY01', 'Vật lý đại cương A1', 'CNTT', 'LT', 45),
('PHY02', 'Vật lý đại cương A2', 'CNTT', 'LT', 45),
('PHY03', 'Vật lý đại cương A3', 'CNTT', 'LT', 30),
('PHY11', 'General Physics 1', 'CNTT', 'LT', 60),
('PHY12', 'General Physics 2', 'CNTT', 'LT', 60),
('PHY22', 'Vật lý đại cương A2 (TE1)', 'CNTT', 'LT', 60),
('PHYS1114', 'Vật lý đại cương I', 'HTTT', 'LT', 60),
('PHYS1214', 'Vật lý đại cương II', 'HTTT', 'LT', 60),
('PHYS1215', 'Vật lý đại cương', 'HTTT', 'LT', 45),
('QTE111', 'Văn hóa giao tiếp', 'CNTT', 'LT', 30),
('SC203', 'Phương pháp khoa học', 'HTTT', 'LT', 45),
('SE005', 'Giới thiệu ngành Kỹ thuật Phần mềm', 'CNPM', 'LT', 15),
('SE100', 'Phương pháp Phát triển phần mềm hướng đối tượng', 'CNPM', 'LT', 15),
('SE101', 'Phương pháp mô hình hóa', 'CNPM', 'LT', 15),
('SE102', 'Nhập môn phát triển game', 'CNPM', 'LT', 30),
('SE102_TH', 'Nhập môn phát triển game (Thực hành)', 'CNPM', 'TH', 30),
('SE103', 'Các phương pháp lập trình', 'CNPM', 'LT', 30),
('SE103_TH', 'Các phương pháp lập trình (Thực hành)', 'CNPM', 'TH', 30),
('SE104', 'Nhập môn Công nghệ phần mềm', 'CNPM', 'LT', 15),
('SE105', 'Lập trình nhúng căn bản', 'CNPM', 'LT', 30),
('SE105_TH', 'Lập trình nhúng căn bản (Thực hành)', 'CNPM', 'TH', 30),
('SE106', 'Đặc tả hình thức', 'CNPM', 'LT', 15),
('SE107', 'Phân tích thiết kế hệ thống', 'CNPM', 'LT', 15),
('SE108', 'Kiểm chứng phần mềm', 'CNPM', 'LT', 15),
('SE109', 'Phát triển, vận hành, bảo trì phần mềm', 'CNPM', 'LT', 45),
('SE110', 'Phương pháp Phát triển phần mềm hướng đối tượng', 'CNPM', 'LT', 45),
('SE110_TH', 'Phương pháp Phát triển phần mềm hướng đối tượng (Thực hành)', 'CNPM', 'TH', 30),
('SE111', 'Đồ án mã nguồn mở', 'CNPM', 'LT', 15),
('SE112', 'Đồ án chuyên ngành', 'CNPM', 'LT', 15),
('SE113', 'Kiểm chứng phần mềm', 'CNPM', 'LT', 45),
('SE113_TH', 'Kiểm chứng phần mềm (Thực hành)', 'CNPM', 'TH', 30),
('SE114', 'Nhập môn ứng dụng di động', 'CNPM', 'LT', 15),
('SE115', 'Phát triển game với Unity', 'CNPM', 'LT', 15),
('SE116', 'Phát triển kỹ năng lập trình Game ứng dụng trong thực tế', 'CNPM', 'LT', 45),
('SE116_TH', 'Phát triển kỹ năng lập trình Game ứng dụng trong thực tế (Thực hành)', 'CNPM', 'TH', 30),
('SE117', 'Kỹ thuật lập trình', 'CNPM', 'LT', 45),
('SE117_TH', 'Kỹ thuật lập trình (Thực hành)', 'CNPM', 'TH', 30),
('SE121', 'Đồ án 1', 'CNPM', 'LT', 30),
('SE122', 'Đồ án 2', 'CNPM', 'LT', 30),
('SE207', 'Phân tích thiết kế hệ thống', 'CNPM', 'LT', 45),
('SE207_TH', 'Phân tích thiết kế hệ thống (Thực hành)', 'CNPM', 'TH', 30),
('SE208', 'Kiểm chứng phần mềm', 'CNPM', 'LT', 30),
('SE208_TH', 'Kiểm chứng phần mềm (Thực hành)', 'CNPM', 'TH', 30),
('SE209', 'Phát triển, vận hành, bảo trì phần mềm', 'CNPM', 'LT', 45),
('SE210', 'Quản lý dự án công nghệ thông tin', 'CNPM', 'LT', 45),
('SE210_TH', 'Quản lý dự án công nghệ thông tin (Thực hành)', 'CNPM', 'TH', 30),
('SE211', 'Phát triển phần mềm hướng đối tượng', 'CNPM', 'LT', 45),
('SE211_TH', 'Phát triển phần mềm hướng đối tượng (Thực hành)', 'CNPM', 'TH', 30),
('SE212', 'Phát triển phần mềm mã nguồn mở', 'CNPM', 'LT', 30),
('SE212_TH', 'Phát triển phần mềm mã nguồn mở (Thực hành)', 'CNPM', 'TH', 30),
('SE213', 'Xử lý phân bố', 'CNPM', 'LT', 30),
('SE213_TH', 'Xử lý phân bố (Thực hành)', 'CNPM', 'TH', 30),
('SE214', 'Công nghệ phần mềm chuyên sâu', 'CNPM', 'LT', 15),
('SE215', 'Giao tiếp người máy', 'CNPM', 'LT', 45),
('SE215_TH', 'Giao tiếp người máy (Thực hành)', 'CNPM', 'TH', 30),
('SE220', 'Thiết kế Game', 'CNPM', 'LT', 45),
('SE221', 'Lập trình game nâng cao', 'CNPM', 'LT', 45),
('SE221_TH', 'Lập trình game nâng cao (Thực hành)', 'CNPM', 'TH', 30),
('SE301', 'Phát triển phần mềm mã nguồn mở', 'CNPM', 'LT', 15),
('SE310', 'Công nghệ .NET', 'CNPM', 'LT', 45),
('SE310_TH', 'Công nghệ .NET (Thực hành)', 'CNPM', 'TH', 30),
('SE311', 'Ngôn ngữ lập trình Java', 'CNPM', 'LT', 45),
('SE311_TH', 'Ngôn ngữ lập trình Java (Thực hành)', 'CNPM', 'TH', 30),
('SE312', 'Công nghệ .NET', 'CNPM', 'LT', 15),
('SE313', 'Một số thuật toán thông minh', 'CNPM', 'LT', 15),
('SE314', 'Công nghệ game 3D', 'CNPM', 'LT', 30),
('SE314_TH', 'Công nghệ game 3D (Thực hành)', 'CNPM', 'TH', 30),
('SE315', 'Công nghệ game online', 'CNPM', 'LT', 15),
('SE316', 'Phát triển Game đa nền tảng', 'CNPM', 'LT', 30),
('SE316_TH', 'Phát triển Game đa nền tảng (Thực hành)', 'CNPM', 'TH', 30),
('SE317', 'Công nghệ tiên tiến trong phát triển game', 'CNPM', 'LT', 30),
('SE317_TH', 'Công nghệ tiên tiến trong phát triển game (Thực hành)', 'CNPM', 'TH', 30),
('SE320', 'Lập trình đồ họa 3 chiều với Direct3D', 'CNPM', 'LT', 45),
('SE320_TH', 'Lập trình đồ họa 3 chiều với Direct3D (Thực hành)', 'CNPM', 'TH', 30),
('SE321', 'Lập trình trên thiết bị di động', 'CNPM', 'LT', 60),
('SE322', 'Công nghệ Web và ứng dụng', 'CNPM', 'LT', 30),
('SE323', 'Thiết kế Game', 'CNPM', 'LT', 60),
('SE324', 'Nhập môn lập trình 3D game', 'CNPM', 'LT', 45),
('SE324_TH', 'Nhập môn lập trình 3D game (Thực hành)', 'CNPM', 'TH', 30),
('SE325', 'Chuyên đề J2EE', 'CNPM', 'LT', 15),
('SE326', 'Cơ sở dữ liệu nâng cao', 'CNPM', 'LT', 30),
('SE327', 'Phát triển và vận hành game', 'CNPM', 'LT', 45),
('SE328', 'Lập trình TTNT trong Game', 'CNPM', 'LT', 15),
('SE329', 'Thiết kế 3D Game Engine', 'CNPM', 'LT', 45),
('SE329_TH', 'Thiết kế 3D Game Engine (Thực hành)', 'CNPM', 'TH', 30),
('SE330', 'Ngôn ngữ lập trình Java', 'CNPM', 'LT', 15),
('SE331', 'Chuyên đề E-commerce', 'CNPM', 'LT', 15),
('SE332', 'Chuyên đề CSDL nâng cao', 'CNPM', 'LT', 30),
('SE333', 'Chuyên đề E-Government', 'CNPM', 'LT', 30),
('SE334', 'Các phương pháp lập trình', 'CNPM', 'LT', 30),
('SE334_TH', 'Các phương pháp lập trình (Thực hành)', 'CNPM', 'TH', 30),
('SE335', 'Công nghệ XML và ứng dụng', 'CNPM', 'LT', 45),
('SE335_TH', 'Công nghệ XML và ứng dụng (Thực hành)', 'CNPM', 'TH', 30),
('SE336', 'Phương pháp luận sáng tạo KH-CN', 'CNPM', 'LT', 30),
('SE337', 'Các thuật toán thông minh', 'CNPM', 'LT', 15),
('SE338', 'Logic mờ', 'CNPM', 'LT', 30),
('SE339', 'Xử lý phân bổ', 'CNPM', 'LT', 30),
('SE339_TH', 'Xử lý phân bổ (Thực hành)', 'CNPM', 'TH', 30),
('SE340', 'Quản lý dự án công nghệ thông tin', 'CNPM', 'LT', 45),
('SE340_TH', 'Quản lý dự án công nghệ thông tin (Thực hành)', 'CNPM', 'TH', 30),
('SE341', 'Công nghệ Web và ứng dụng', 'CNPM', 'LT', 15),
('SE342', 'Logic mờ', 'CNPM', 'LT', 30),
('SE343', 'Công nghệ Portal', 'CNPM', 'LT', 45),
('SE344', 'Lập trình game trong các thiết bị di động', 'CNPM', 'LT', 15),
('SE345', 'Kỹ thuật lập trình nhúng', 'CNPM', 'LT', 45),
('SE345_TH', 'Kỹ thuật lập trình nhúng (Thực hành)', 'CNPM', 'TH', 30),
('SE346', 'Lập trình trên thiết bị di động', 'CNPM', 'LT', 15),
('SE347', 'Công nghệ Web và ứng dụng', 'CNPM', 'LT', 15),
('SE348', 'Chuyên đề M-commerce', 'CNPM', 'LT', 30),
('SE349', 'Nhập môn Quản trị doanh nghiệp', 'CNPM', 'LT', 30),
('SE350', 'Chuyên đề E-learning', 'CNPM', 'LT', 30),
('SE351', 'Xử lý song song', 'CNPM', 'LT', 15),
('SE352', 'Phát triển ứng dụng VR', 'CNPM', 'LT', 30),
('SE352_TH', 'Phát triển ứng dụng VR (Thực hành)', 'CNPM', 'TH', 30),
('SE354', 'Chuyên đề các quy trình phát triển phần mềm hiện đại', 'CNPM', 'LT', 30),
('SE354_TH', 'Chuyên đề các quy trình phát triển phần mềm hiện đại (Thực hành)', 'CNPM', 'TH', 30),
('SE355', 'Máy học và các công cụ', 'CNPM', 'LT', 30),
('SE355_TH', 'Máy học và các công cụ (Thực hành)', 'CNPM', 'TH', 30),
('SE356', 'Kiến trúc Phần mềm', 'CNPM', 'LT', 15),
('SE357', 'Kỹ thuật phân tích yêu cầu', 'CNPM', 'LT', 30),
('SE357_TH', 'Kỹ thuật phân tích yêu cầu (Thực hành)', 'CNPM', 'TH', 30),
('SE358', 'Quản lý dự án Phát triển Phần mềm', 'CNPM', 'LT', 45),
('SE358_TH', 'Quản lý dự án Phát triển Phần mềm (Thực hành)', 'CNPM', 'TH', 30),
('SE359', 'DevOps trong phát triển phần mềm', 'CNPM', 'LT', 30),
('SE359_TH', 'DevOps trong phát triển phần mềm (Thực hành)', 'CNPM', 'TH', 30),
('SE360', 'Điện toán đám mây và phát triển ứng dụng hướng dịch vụ', 'CNPM', 'LT', 45),
('SE360_TH', 'Điện toán đám mây và phát triển ứng dụng hướng dịch vụ (Thực hành)', 'CNPM', 'TH', 30),
('SE361', 'Phát triển Phần mềm theo Kiến trúc Microservices', 'CNPM', 'LT', 15),
('SE362', 'An toàn phần mềm và hệ thống', 'CNPM', 'LT', 45),
('SE362_TH', 'An toàn phần mềm và hệ thống (Thực hành)', 'CNPM', 'TH', 30),
('SE363', 'Phát triển ứng dụng trên nền tảng dữ liệu lớn', 'CNPM', 'LT', 45),
('SE363_TH', 'Phát triển ứng dụng trên nền tảng dữ liệu lớn (Thực hành)', 'CNPM', 'TH', 30),
('SE364', 'Thiết kế giao diện và trải nghiệm người dùng', 'CNPM', 'LT', 45),
('SE364_TH', 'Thiết kế giao diện và trải nghiệm người dùng (Thực hành)', 'CNPM', 'TH', 30),
('SE365', 'Học sâu ứng dụng trong phát triển phần mềm', 'CNPM', 'LT', 45),
('SE365_TH', 'Học sâu ứng dụng trong phát triển phần mềm (Thực hành)', 'CNPM', 'TH', 30),
('SE400', 'Seminar các vấn đề hiện đại của CNPM', 'CNPM', 'LT', 15),
('SE401', 'Mẫu thiết kế', 'CNPM', 'LT', 45),
('SE402', 'Điện toán đám mây', 'CNPM', 'LT', 15),
('SE403', 'Nguyên lý thiết kế thế giới ảo', 'CNPM', 'LT', 60),
('SE404', 'Chuyên đề E-Government', 'CNPM', 'LT', 30),
('SE405', 'Chuyên đề Mobile and Pervasive Computing', 'CNPM', 'LT', 45),
('SE406', 'Mẫu thiết kế hướng đối tượng', 'CNPM', 'LT', 60),
('SE407', 'Chuyên đề Pervasive and Mobile Computing', 'CNPM', 'LT', 60),
('SE408', 'Phát triển game với Blockchain', 'CNPM', 'LT', 45),
('SE408_TH', 'Phát triển game với Blockchain (Thực hành)', 'CNPM', 'TH', 30),
('SE409', 'Phát triển dự án Game', 'CNPM', 'LT', 45),
('SE409_TH', 'Phát triển dự án Game (Thực hành)', 'CNPM', 'TH', 30),
('SE417', 'Đồ án môn học mã nguồn mở', 'CNPM', 'LT', 30),
('SE418', 'Đồ án môn học chuyên ngành', 'CNPM', 'LT', 45),
('SE501', 'Thực tập tốt nghiệp', 'CNPM', 'LT', 30),
('SE502', 'Thực tập', 'CNPM', 'LT', 30),
('SE503', 'Đồ án', 'CNPM', 'LT', 30),
('SE505', 'Khóa luận tốt nghiệp', 'CNPM', 'LT', 150),
('SE506', 'Đồ án tốt nghiệp tại doanh nghiệp', 'CNPM', 'LT', 150),
('SE507', 'Đồ án tốt nghiệp', 'CNPM', 'LT', 90),
('SMET1', 'Phương pháp NCKH trong tin học', 'CNTT', 'LT', 15),
('SMET2', 'Phương pháp luận sáng tạo KH-CN', 'CNTT', 'LT', 15),
('SOCI1', 'Chủ nghĩa xã hội khoa học', 'CNTT', 'LT', 45),
('SP3724', 'Kỹ năng giao tiếp', 'HTTT', 'LT', 45),
('SPCH2713', 'Kỹ năng giao tiếp', 'HTTT', 'LT', 30),
('SPCH3723', 'Tiếng Anh chuyên ngành CNTT', 'HTTT', 'LT', 45),
('SPCH3724', 'Kỹ năng giao tiếp', 'HTTT', 'LT', 45),
('SS001', 'Những nguyên lý cơ bản của chủ nghĩa Mác Lênin', 'CNTT', 'LT', 75),
('SS002', 'Đường lối cách mạng của Đảng CS Việt Nam', 'CNTT', 'LT', 45),
('SS003', 'Tư tưởng Hồ Chí Minh', 'CNTT', 'LT', 30),
('SS004', 'Kỹ năng nghề nghiệp', 'CNTT', 'LT', 30),
('SS005', 'Phương pháp luận sáng tạo KH-CN', 'CNTT', 'LT', 15),
('SS006', 'Pháp luật đại cương', 'CNTT', 'LT', 30),
('SS007', 'Triết học Mác – Lênin', 'CNTT', 'LT', 45),
('SS008', 'Kinh tế chính trị Mác – Lênin', 'CNTT', 'LT', 30),
('SS009', 'Chủ nghĩa xã hội khoa học', 'CNTT', 'LT', 30),
('SS010', 'Lịch sử Đảng Cộng sản Việt Nam', 'CNTT', 'LT', 30),
('SSKL1', 'Kỹ năng mềm', 'CNTT', 'LT', 30),
('STA01', 'Xác suất thống kê', 'CNTT', 'LT', 45),
('STAT11', 'Xác suất thống kê', 'HTTT', 'LT', 45),
('STAT3013', 'Phân tích thống kê', 'HTTT', 'LT', 45),
('STAT4033', 'Thống kê', 'HTTT', 'LT', 45),
('THU086', 'Đào tạo năng lực thông tin', 'CNTT', 'LT', 30),
('THU107', 'Truyền thông xã hội trong các tổ chức', 'CNTT', 'LT', 30),
('TLH025', 'Tâm lý học nhân cách', 'CNTT', 'LT', 45),
('TOEIC 450', 'TOEIC 450', 'CNTT', 'LT', 15),
('TOEIC450', 'TOEIC 450', 'CNTT', 'LT', 15),
('VCPH1', 'Lịch sử Đảng CSVN', 'CNTT', 'LT', 45),
('VCPL1', 'Đường lối cách mạng của Đảng CSVN', 'CNTT', 'LT', 45),
('WINP1', 'Lập trình trên Windows', 'CNPM', 'LT', 45),
('WINP1_TH', 'Lập trình trên Windows (Thực hành)', 'CNPM', 'TH', 30);

-- =====================================================
-- INSERT DATA - Điều kiện môn học (Course Prerequisites)
-- =====================================================
INSERT INTO dieu_kien_mon_hoc (ma_mon_hoc, ma_mon_dieu_kien, loai_dieu_kien) VALUES
('ADENG3', 'ADENG2', 'tien_quyet'),
('ADENG4', 'ADENG3', 'tien_quyet'),
('AI001', 'IE005', 'tien_quyet'),
('AI001', 'IS005', 'tien_quyet'),
('AI001', 'SE005', 'tien_quyet'),
('AI001', 'CE005', 'tien_quyet'),
('AI001', 'NT005', 'tien_quyet'),
('AI001', 'NT015', 'hoc_truoc'),
('CE005', 'IE005', 'tien_quyet'),
('CE005', 'IS005', 'tien_quyet'),
('CE005', 'SE005', 'tien_quyet'),
('CE005', 'NT005', 'tien_quyet'),
('CE005', 'NT015', 'tien_quyet'),
('CE005', 'EC005', 'hoc_truoc'),
('CE103', 'IT006', 'hoc_truoc'),
('CE105', 'MA001', 'hoc_truoc'),
('CE107', 'IT001', 'hoc_truoc'),
('CE111', 'IT006', 'hoc_truoc'),
('CE118', 'PH002', 'hoc_truoc'),
('CE119', 'PH002', 'hoc_truoc'),
('CE124', 'CE121', 'hoc_truoc'),
('CE201', 'PH002', 'hoc_truoc'),
('CE206', 'PH002', 'hoc_truoc'),
('CE207', 'CE226', 'hoc_truoc'),
('CE208', 'CE207', 'hoc_truoc'),
('CE211', 'CE107', 'hoc_truoc'),
('CE222', 'CE118', 'hoc_truoc'),
('CE224', 'CE103', 'hoc_truoc'),
('CE232', 'CE224', 'hoc_truoc'),
('CE233', 'MA003', 'hoc_truoc'),
('CE303', 'MA001', 'tien_quyet'),
('CE303', 'MA002', 'tien_quyet'),
('CE303', 'CE101', 'hoc_truoc'),
('CE3031', 'MA006', 'hoc_truoc'),
('CE304', 'CE121', 'tien_quyet'),
('CE304', 'CE224', 'hoc_truoc'),
('CE312', 'IT006', 'tien_quyet'),
('CE312', 'IT007', 'hoc_truoc'),
('CE316', 'MA004', 'hoc_truoc'),
('CE317', 'MA001', 'tien_quyet'),
('CE317', 'MA002', 'tien_quyet'),
('CE317', 'MA003', 'tien_quyet'),
('CE317', 'MA004', 'tien_quyet'),
('CE317', 'CE101', 'hoc_truoc'),
('CE319', 'MA004', 'hoc_truoc'),
('CE320', 'MA004', 'hoc_truoc'),
('CE321', 'CE222', 'hoc_truoc'),
('CE322', 'CE222', 'hoc_truoc'),
('CE323', 'CE101', 'hoc_truoc'),
('CE325', 'IT001', 'hoc_truoc'),
('CE326', 'CE221', 'hoc_truoc'),
('CE327', 'CE118', 'hoc_truoc'),
('CE331', 'CE222', 'hoc_truoc'),
('CE332', 'CE222', 'hoc_truoc'),
('CE335', 'IT006', 'hoc_truoc'),
('CE337', 'IT006', 'hoc_truoc'),
('CE342', 'CE224', 'hoc_truoc'),
('CE347', 'MA003', 'hoc_truoc'),
('CE349', 'CE103', 'hoc_truoc'),
('CE350', 'CE436', 'hoc_truoc'),
('CE351', 'CE433', 'hoc_truoc'),
('CE353', 'CE226', 'hoc_truoc'),
('CE402', 'IT007', 'hoc_truoc'),
('CE403', 'PH002', 'hoc_truoc'),
('CE406', 'CE103', 'hoc_truoc'),
('CE407', 'IT006', 'hoc_truoc'),
('CE408', 'CE201', 'hoc_truoc'),
('CE411', 'CE107', 'hoc_truoc'),
('CE412', 'CE224', 'hoc_truoc'),
('CE421', 'CE118', 'hoc_truoc'),
('CE434', 'CE213', 'hoc_truoc'),
('CE435', 'CE213', 'hoc_truoc'),
('CE437', 'CE103', 'hoc_truoc'),
('CE438', 'CE103', 'hoc_truoc'),
('CE505', 'CE206', 'hoc_truoc'),
('CS005', 'IS005', 'tien_quyet'),
('CS005', 'SE005', 'tien_quyet'),
('CS005', 'CE005', 'tien_quyet'),
('CS005', 'NT005', 'tien_quyet'),
('CS005', 'NT015', 'tien_quyet'),
('CS005', 'EC005', 'hoc_truoc'),
('CS106', 'IT003', 'hoc_truoc'),
('CS111', 'IT003', 'hoc_truoc'),
('CS114', 'IT001', 'hoc_truoc'),
('CS115', 'IT001', 'hoc_truoc'),
('CS211', 'CS106', 'hoc_truoc'),
('CS2133', 'CS1113', 'hoc_truoc'),
('CS221', 'IT001', 'hoc_truoc'),
('CS222', 'CS221', 'hoc_truoc'),
('CS229', 'CS221', 'hoc_truoc'),
('CS311', 'IT003', 'hoc_truoc'),
('CS312', 'CS110', 'hoc_truoc'),
('CS315', 'CS110', 'hoc_truoc'),
('CS317', 'CS114', 'hoc_truoc'),
('CS321', 'IT001', 'hoc_truoc'),
('CS322', 'CS212', 'hoc_truoc'),
('CS323', 'CS221', 'hoc_truoc'),
('CS324', 'CS221', 'hoc_truoc'),
('CS325', 'CS221', 'hoc_truoc'),
('CS326', 'CS221', 'hoc_truoc'),
('CS331', 'CS231', 'hoc_truoc'),
('CS335', 'IT001', 'hoc_truoc'),
('CS337', 'IT003', 'hoc_truoc'),
('CS3653', 'MATH2154', 'hoc_truoc'),
('CS410', 'IT003', 'tien_quyet'),
('CS412', 'CS221', 'hoc_truoc'),
('CS414', 'MA004', 'hoc_truoc'),
('CS4153', 'CS2133', 'hoc_truoc'),
('CS419', 'CS115', 'hoc_truoc'),
('CS420', 'CS231', 'hoc_truoc'),
('CS4243', 'CS4283', 'hoc_truoc'),
('CS4343', 'CS2134', 'hoc_truoc'),
('CS503', 'IT003', 'hoc_truoc'),
('CS511', 'IT002', 'hoc_truoc'),
('CS524', 'CS221', 'hoc_truoc'),
('CS5433', 'CS5423', 'hoc_truoc'),
('DS005', 'IE005', 'tien_quyet'),
('DS005', 'IS005', 'tien_quyet'),
('DS005', 'SE005', 'tien_quyet'),
('DS005', 'CE005', 'tien_quyet'),
('DS005', 'NT005', 'tien_quyet'),
('DS005', 'NT015', 'hoc_truoc'),
('DS104', 'IT004', 'hoc_truoc'),
('DS105', 'MA005', 'hoc_truoc'),
('DS106', 'MA003', 'hoc_truoc'),
('DS107', 'IT002', 'hoc_truoc'),
('DS201', 'DS102', 'hoc_truoc'),
('DS203', 'DS202', 'hoc_truoc'),
('DS301', 'IT007', 'hoc_truoc'),
('DS302', 'MA005', 'tien_quyet'),
('DS303', 'MA005', 'tien_quyet'),
('DS304', 'MA005', 'hoc_truoc'),
('DS305', 'MA005', 'tien_quyet'),
('DS306', 'DS200', 'tien_quyet'),
('DS307', 'IT004', 'hoc_truoc'),
('DS310', 'DS102', 'hoc_truoc'),
('DS313', 'DS102', 'hoc_truoc'),
('DS315', 'IT004', 'hoc_truoc'),
('DS319', 'IT003', 'hoc_truoc'),
('DS320', 'IT002', 'hoc_truoc'),
('DS325', 'DS108', 'tien_quyet'),
('DS327', 'IT003', 'hoc_truoc'),
('DS501', 'DS400', 'hoc_truoc'),
('DS505', 'DS207', 'hoc_truoc'),
('EC005', 'IE005', 'tien_quyet'),
('EC005', 'IS005', 'tien_quyet'),
('EC005', 'SE005', 'tien_quyet'),
('EC005', 'CE005', 'tien_quyet'),
('EC005', 'NT005', 'tien_quyet'),
('EC005', 'NT015', 'hoc_truoc'),
('EC312', 'IS207', 'hoc_truoc'),
('EN001', 'ENBT', 'tien_quyet'),
('ENG04', 'ENG03', 'tien_quyet'),
('ENG05', 'ENG04', 'tien_quyet'),
('ENG06', 'ENG03', 'tien_quyet'),
('ENG07', 'ENG03', 'tien_quyet'),
('ENGL1213', 'ENGL1113', 'tien_quyet'),
('IE005', 'IS005', 'tien_quyet'),
('IE005', 'SE005', 'tien_quyet'),
('IE005', 'CE005', 'tien_quyet'),
('IE005', 'NT005', 'tien_quyet'),
('IE005', 'NT015', 'tien_quyet'),
('IE005', 'EC005', 'hoc_truoc'),
('IE103', 'IT004', 'hoc_truoc'),
('IE106', 'IT001', 'hoc_truoc'),
('IE204', 'IE104', 'hoc_truoc'),
('IE205', 'IS351', 'hoc_truoc'),
('IE209', 'IT002', 'hoc_truoc'),
('IE212', 'IT007', 'hoc_truoc'),
('IE213', 'IE104', 'hoc_truoc'),
('IE221', 'IT001', 'hoc_truoc'),
('IE303', 'IT002', 'hoc_truoc'),
('IE304', 'IS251', 'hoc_truoc'),
('IE313', 'IT001', 'hoc_truoc'),
('IE401', 'IT003', 'hoc_truoc'),
('IE402', 'IT004', 'hoc_truoc'),
('IE501', 'IE400', 'hoc_truoc'),
('IEM4733', 'MSIS3303', 'hoc_truoc'),
('IS005', 'IE005', 'tien_quyet'),
('IS005', 'SE005', 'tien_quyet'),
('IS005', 'CE005', 'tien_quyet'),
('IS005', 'NT005', 'tien_quyet'),
('IS005', 'NT015', 'tien_quyet'),
('IS005', 'EC005', 'hoc_truoc'),
('IS105', 'IT004', 'hoc_truoc'),
('IS203', 'IT004', 'hoc_truoc'),
('IS206', 'IT004', 'hoc_truoc'),
('IS207', 'IT004', 'hoc_truoc'),
('IS210', 'IT004', 'hoc_truoc'),
('IS216', 'IT004', 'hoc_truoc'),
('IS217', 'IT004', 'hoc_truoc'),
('IS232', 'IS336', 'hoc_truoc'),
('IS251', 'IT004', 'hoc_truoc'),
('IS253', 'IT002', 'hoc_truoc'),
('IS332', 'IS201', 'hoc_truoc'),
('IS338', 'IS336', 'hoc_truoc'),
('IS349', 'IT004', 'hoc_truoc'),
('IS351', 'IS251', 'hoc_truoc'),
('IS405', 'IT004', 'hoc_truoc'),
('IT002', 'IT001', 'hoc_truoc'),
('IT003', 'IT001', 'hoc_truoc'),
('IT007', 'IT006', 'hoc_truoc'),
('IT009', 'IE005', 'tien_quyet'),
('IT009', 'IS005', 'tien_quyet'),
('IT009', 'SE005', 'tien_quyet'),
('IT009', 'CE005', 'tien_quyet'),
('IT009', 'NT005', 'tien_quyet'),
('IT009', 'NT015', 'hoc_truoc'),
('JAN02', 'JAN01', 'tien_quyet'),
('JAN03', 'JAN02', 'tien_quyet'),
('JAN04', 'JAN03', 'tien_quyet'),
('JAN05', 'JAN04', 'tien_quyet'),
('JAN06', 'JAN05', 'tien_quyet'),
('JAN07', 'JAN06', 'tien_quyet'),
('JAN08', 'JAN07', 'tien_quyet'),
('MA002', 'MA001', 'hoc_truoc'),
('MA005', 'MA006', 'hoc_truoc'),
('MATH2153', 'MATH2144', 'hoc_truoc'),
('MKTG5883', 'CS5423', 'hoc_truoc'),
('MM106', 'IT001', 'hoc_truoc'),
('MM107', 'IT001', 'hoc_truoc'),
('MM201', 'IT001', 'hoc_truoc'),
('MM206', 'IT007', 'hoc_truoc'),
('MM209', 'MM104', 'hoc_truoc'),
('MM222', 'IT007', 'hoc_truoc'),
('MSIS2433', 'CS2134', 'hoc_truoc'),
('MSIS3233', 'MATH2154', 'hoc_truoc'),
('MSIS3243', 'MATH2153', 'hoc_truoc'),
('MSIS3303', 'CS5423', 'hoc_truoc'),
('MSIS4013', 'CS5423', 'hoc_truoc'),
('MSIS5723', 'IT004', 'hoc_truoc'),
('NT005', 'IE005', 'tien_quyet'),
('NT005', 'IS005', 'tien_quyet'),
('NT005', 'SE005', 'tien_quyet'),
('NT005', 'CE005', 'tien_quyet'),
('NT005', 'NT015', 'tien_quyet'),
('NT005', 'EC005', 'hoc_truoc'),
('NT015', 'IE005', 'tien_quyet'),
('NT015', 'IS005', 'tien_quyet'),
('NT015', 'SE005', 'tien_quyet'),
('NT015', 'CE005', 'tien_quyet'),
('NT015', 'NT005', 'tien_quyet'),
('NT015', 'EC005', 'hoc_truoc'),
('NT101', 'IT005', 'hoc_truoc'),
('NT104', 'IT001', 'hoc_truoc'),
('NT105', 'IT005', 'hoc_truoc'),
('NT110', 'IT002', 'hoc_truoc'),
('NT111', 'IT005', 'hoc_truoc'),
('NT112', 'IT005', 'hoc_truoc'),
('NT113', 'NT132', 'hoc_truoc'),
('NT118', 'IT002', 'hoc_truoc'),
('NT131', 'IT007', 'hoc_truoc'),
('NT132', 'IT005', 'hoc_truoc'),
('NT140', 'IT005', 'hoc_truoc'),
('NT205', 'NT101', 'hoc_truoc'),
('NT206', 'IT005', 'hoc_truoc'),
('NT207', 'NT101', 'hoc_truoc'),
('NT212', 'IT003', 'hoc_truoc'),
('NT213', 'NT208', 'hoc_truoc'),
('NT230', 'NT209', 'hoc_truoc'),
('NT303', 'NT105', 'hoc_truoc'),
('NT310', 'NT101', 'hoc_truoc'),
('NT311', 'NT101', 'hoc_truoc'),
('NT312', 'NT101', 'hoc_truoc'),
('NT330', 'NT101', 'hoc_truoc'),
('NT332', 'IT005', 'hoc_truoc'),
('NT402', 'NT105', 'hoc_truoc'),
('NT502', 'IT005', 'hoc_truoc'),
('NT523', 'MA003', 'hoc_truoc'),
('NT524', 'IT005', 'hoc_truoc'),
('NT531', 'NT132', 'hoc_truoc'),
('NT533', 'IT005', 'hoc_truoc'),
('NT534', 'NT101', 'hoc_truoc'),
('NT535', 'NT101', 'hoc_truoc'),
('NT538', 'IT005', 'hoc_truoc'),
('NT539', 'IT005', 'hoc_truoc'),
('NT540', 'NT105', 'hoc_truoc'),
('NT542', 'NT132', 'hoc_truoc'),
('NT543', 'NT105', 'hoc_truoc'),
('NT544', 'NT105', 'hoc_truoc'),
('NT545', 'NT402', 'hoc_truoc'),
('NT546', 'NT113', 'hoc_truoc'),
('NT548', 'IT005', 'hoc_truoc'),
('PE232', 'PE231', 'hoc_truoc'),
('PHYS1214', 'PHYS1114', 'hoc_truoc'),
('SE005', 'IE005', 'tien_quyet'),
('SE005', 'IS005', 'tien_quyet'),
('SE005', 'CE005', 'tien_quyet'),
('SE005', 'NT005', 'tien_quyet'),
('SE005', 'NT015', 'tien_quyet'),
('SE005', 'EC005', 'hoc_truoc'),
('SE101', 'IT001', 'hoc_truoc'),
('SE102', 'IT001', 'hoc_truoc'),
('SE106', 'IT001', 'tien_quyet'),
('SE106', 'IT003', 'hoc_truoc'),
('SE107', 'IT002', 'hoc_truoc'),
('SE109', 'SE104', 'hoc_truoc'),
('SE111', 'IT001', 'tien_quyet'),
('SE111', 'IT002', 'tien_quyet'),
('SE111', 'IT003', 'hoc_truoc'),
('SE112', 'IT002', 'tien_quyet'),
('SE112', 'IT003', 'hoc_truoc'),
('SE113', 'SE104', 'hoc_truoc'),
('SE117', 'IT001', 'hoc_truoc'),
('SE121', 'SE104', 'hoc_truoc'),
('SE122', 'SE121', 'hoc_truoc'),
('SE214', 'SE104', 'hoc_truoc'),
('SE215', 'SE104', 'hoc_truoc'),
('SE221', 'SE102', 'hoc_truoc'),
('SE301', 'IT003', 'tien_quyet'),
('SE301', 'IT004', 'tien_quyet'),
('SE301', 'IT002', 'tien_quyet'),
('SE301', 'SE104', 'hoc_truoc'),
('SE310', 'IT008', 'hoc_truoc'),
('SE312', 'IT004', 'hoc_truoc'),
('SE313', 'IT002', 'hoc_truoc'),
('SE316', 'SE115', 'hoc_truoc'),
('SE320', 'SE102', 'hoc_truoc'),
('SE325', 'IT002', 'hoc_truoc'),
('SE327', 'SE102', 'hoc_truoc'),
('SE328', 'IT002', 'hoc_truoc'),
('SE329', 'SE102', 'hoc_truoc'),
('SE332', 'IT004', 'hoc_truoc'),
('SE334', 'IT001', 'hoc_truoc'),
('SE340', 'IT001', 'hoc_truoc'),
('SE341', 'IT001', 'hoc_truoc'),
('SE343', 'SE347', 'hoc_truoc'),
('SE347', 'IT001', 'hoc_truoc'),
('SE348', 'SE331', 'hoc_truoc'),
('SE351', 'IT001', 'hoc_truoc'),
('SE352', 'SE102', 'hoc_truoc'),
('SE355', 'IT003', 'hoc_truoc'),
('SE357', 'SE104', 'hoc_truoc'),
('SE358', 'SE104', 'hoc_truoc'),
('SE364', 'IT001', 'hoc_truoc'),
('SE401', 'SE100', 'hoc_truoc'),
('SE405', 'SE114', 'hoc_truoc'),
('SE406', 'SE100', 'hoc_truoc'),
('SE407', 'SE114', 'hoc_truoc'),
('SE505', 'SE122', 'hoc_truoc'),
('SE506', 'SE122', 'hoc_truoc'),
('SE507', 'SE122', 'hoc_truoc'),
('STAT3013', 'STAT4033', 'hoc_truoc'),
('STAT4033', 'MATH3013', 'hoc_truoc');

-- =====================================================
-- INSERT DATA - Năm học (Academic Years)
-- =====================================================
INSERT INTO nam_hoc (ma_nam_hoc, ten_nam_hoc, nam_bat_dau, nam_ket_thuc) VALUES
('2023-2024', 'Năm học 2023-2024', 2023, 2024),
('2024-2025', 'Năm học 2024-2025', 2024, 2025),
('2025-2026', 'Năm học 2025-2026', 2025, 2026),
('2026-2027', 'Năm học 2026-2027', 2026, 2027);

-- =====================================================
-- INSERT DATA - Học kỳ (Semesters)
-- =====================================================
INSERT INTO hoc_ky (ma_hoc_ky, ten_hoc_ky, ma_nam_hoc, loai_hoc_ky, thu_tu, ngay_bat_dau, ngay_ket_thuc, han_dong_hoc_phi, trang_thai) VALUES
('HK1-2324', 'Học kỳ I', '2023-2024', 'Chính', 1, '2023-09-01', '2024-01-15', '2023-10-15', 'Đã kết thúc'),
('HK2-2324', 'Học kỳ II', '2023-2024', 'Chính', 2, '2024-02-01', '2024-06-15', '2024-03-15', 'Đã kết thúc'),
('HKH-2324', 'Học kỳ Hè', '2023-2024', 'Hè', 3, '2024-07-01', '2024-08-15', '2024-07-15', 'Đã kết thúc'),
('HK1-2425', 'Học kỳ I', '2024-2025', 'Chính', 1, '2024-09-01', '2025-01-15', '2024-10-15', 'Đã kết thúc'),
('HK2-2425', 'Học kỳ II', '2024-2025', 'Chính', 2, '2025-02-01', '2025-06-15', '2025-03-15', 'Đang diễn ra'),
('HKH-2425', 'Học kỳ Hè', '2024-2025', 'Hè', 3, '2025-07-01', '2025-08-15', '2025-07-15', 'Sắp diễn ra'),
('HK1-2526', 'Học kỳ I', '2025-2026', 'Chính', 1, '2025-09-01', '2026-01-15', '2025-10-15', 'Sắp diễn ra'),
('HK2-2526', 'Học kỳ II', '2025-2026', 'Chính', 2, '2026-02-01', '2026-06-15', '2026-03-15', 'Sắp diễn ra');

-- =====================================================
-- INSERT DATA - Đơn giá tín chỉ (Unit Prices per Credit)
-- =====================================================
INSERT INTO don_gia_tin_chi (loai_mon, loai_hoc, don_gia, ghi_chu) VALUES
('LT', 'hoc_moi', 27000, 'Đơn giá môn Lý thuyết - học mới (QĐ5)'),
('TH', 'hoc_moi', 37000, 'Đơn giá môn Thực hành - học mới (QĐ5)'),
('LT', 'hoc_lai', 32000, 'Đơn giá môn Lý thuyết - học lại'),
('TH', 'hoc_lai', 42000, 'Đơn giá môn Thực hành - học lại'),
('LT', 'hoc_cai_thien', 30000, 'Đơn giá môn Lý thuyết - học cải thiện'),
('TH', 'hoc_cai_thien', 40000, 'Đơn giá môn Thực hành - học cải thiện'),
('LT', 'hoc_he', 35000, 'Đơn giá môn Lý thuyết - học hè'),
('TH', 'hoc_he', 45000, 'Đơn giá môn Thực hành - học hè');

-- =====================================================
-- INSERT DATA - Thông báo mẫu (Sample Notifications)
-- Bảng thong_bao gộp cả thông báo chung (loai='chung') và cá nhân (loai='ca_nhan')
-- =====================================================
INSERT INTO thong_bao (loai, tieu_de, noi_dung, loai_thong_bao, doi_tuong, ghim_top, trang_thai) VALUES
('chung', 'Đợt đăng ký môn học HK2 2024-2025', 'Thời gian đăng ký: 15/01/2025 - 25/01/2025. Sinh viên truy cập hệ thống đăng ký học để chọn môn. Lưu ý kiểm tra điều kiện tiên quyết trước khi đăng ký.', 'Quan trọng', 'Tất cả', TRUE, TRUE),
('chung', 'Hạn nộp học phí HK2 2024-2025', 'Hạn cuối nộp học phí: 15/02/2025. Sinh viên chưa nộp đủ học phí sẽ bị khóa đăng ký môn học kỳ tiếp theo. Vui lòng thanh toán qua các phương thức được hỗ trợ.', 'Học phí', 'Sinh viên', TRUE, TRUE),
('chung', 'Lịch thi cuối kỳ HK1 2024-2025 đã được cập nhật', 'Sinh viên kiểm tra lịch thi trong mục Thời khóa biểu. Mọi thắc mắc liên hệ Phòng Đào tạo.', 'Lịch thi', 'Sinh viên', FALSE, TRUE),
('chung', 'Thông báo nghỉ lễ 30/4 - 1/5', 'Nhà trường thông báo lịch nghỉ lễ 30/4 - 1/5: từ ngày 30/04 đến hết ngày 01/05. Sinh viên quay lại học tập bình thường từ ngày 02/05.', 'Chung', 'Tất cả', FALSE, TRUE),
('chung', 'Cập nhật thông tin sinh viên', 'Phòng Công tác sinh viên yêu cầu tất cả sinh viên cập nhật thông tin cá nhân (CCCD, số điện thoại, địa chỉ) trước ngày 30/01/2025.', 'Chung', 'Sinh viên', FALSE, TRUE),
('chung', 'Đợt xét học bổng HK1 2024-2025', 'Danh sách xét học bổng HK1 đã được công bố. Sinh viên kiểm tra kết quả tại Phòng Công tác sinh viên hoặc qua hệ thống trực tuyến.', 'Học bổng', 'Sinh viên', FALSE, TRUE);

-- =====================================================
-- INSERT DATA - Tài khoản mẫu (Sample Accounts)
-- Password: admin123 -> bcrypt hash
-- Password: student123 -> bcrypt hash
-- =====================================================

-- Tài khoản Admin
INSERT INTO tai_khoan (ten_dang_nhap, mat_khau, role, ho_ten, email, trang_thai) VALUES
('admin', '$2b$10$aMTwtHVFreMooCvW6/aHuucOqzapBULA2NxTuIdnqQjQpf3WBBeY2', 'admin', 'Quản trị viên', 'admin@school.edu.vn', TRUE);

-- Tạo quan trị viên (sử dụng subquery để lấy đúng ID)
INSERT INTO quan_tri_vien (ma_tai_khoan, ho_ten, chuc_vu) 
SELECT ma_tai_khoan, 'Quản trị viên', 'Admin hệ thống' 
FROM tai_khoan WHERE ten_dang_nhap = 'admin';

-- =====================================================
-- Tài khoản Sinh viên mẫu (password: student123)
-- Bước 1: Tạo tài khoản KHÔNG có ma_sv (tránh circular FK)
-- =====================================================
INSERT INTO tai_khoan (ten_dang_nhap, mat_khau, role, ho_ten, email, trang_thai) VALUES
('22520001', '$2b$10$i04Sd3Yr.zmOypY1FGMpbu81qNNYBqkwFQMQKKzxHGHIupZO19uPi', 'sinh_vien', 'Nguyễn Văn An', 'an.nguyen@student.edu.vn', TRUE),
('22520002', '$2b$10$i04Sd3Yr.zmOypY1FGMpbu81qNNYBqkwFQMQKKzxHGHIupZO19uPi', 'sinh_vien', 'Trần Thị Bình', 'binh.tran@student.edu.vn', TRUE),
('22520003', '$2b$10$i04Sd3Yr.zmOypY1FGMpbu81qNNYBqkwFQMQKKzxHGHIupZO19uPi', 'sinh_vien', 'Lê Văn Cường', 'cuong.le@student.edu.vn', TRUE),
('22520004', '$2b$10$i04Sd3Yr.zmOypY1FGMpbu81qNNYBqkwFQMQKKzxHGHIupZO19uPi', 'sinh_vien', 'Phạm Thị Dung', 'dung.pham@student.edu.vn', TRUE),
('22520005', '$2b$10$i04Sd3Yr.zmOypY1FGMpbu81qNNYBqkwFQMQKKzxHGHIupZO19uPi', 'sinh_vien', 'Hoàng Minh Đức', 'duc.hoang@student.edu.vn', TRUE);

-- =====================================================
-- Bước 2: Tạo sinh viên với ma_tai_khoan (dùng subquery)
-- ma_phuong_xa: Sử dụng ID phường/xã từ ITExpressLocation.sql
--   - 2659 = Phường Vũng Tàu (HCM, province_id=29)
--   - 2660 = Phường Tam Thắng (HCM)
--   - 2661 = Phường Rạch Dừa (HCM)
--   - 2662 = Phường Phước Thắng (HCM)
--   - 2663 = Phường Bà Rịa (HCM)
-- ma_dan_toc: KINH (dân tộc Kinh), MONG (dân tộc Mông - DTTS)
-- ma_nganh: KTPM, KHMT, HTTT, MMT, ATTT
-- =====================================================
INSERT INTO sinh_vien (ma_sv, ma_tai_khoan, ho_ten, ngay_sinh, gioi_tinh, cccd, ma_phuong_xa, ma_dan_toc, ma_nganh, sdt, email, trang_thai)
SELECT '22520001', ma_tai_khoan, 'Nguyễn Văn An', '2004-05-15', 'Nam', '079204001234', '2659', 'KINH', 'KTPM', '0901234567', 'an.nguyen@student.edu.vn', 'Đang học'
FROM tai_khoan WHERE ten_dang_nhap = '22520001';

INSERT INTO sinh_vien (ma_sv, ma_tai_khoan, ho_ten, ngay_sinh, gioi_tinh, cccd, ma_phuong_xa, ma_dan_toc, ma_nganh, sdt, email, trang_thai)
SELECT '22520002', ma_tai_khoan, 'Trần Thị Bình', '2004-08-20', 'Nữ', '079204005678', '2660', 'KINH', 'KHMT', '0909876543', 'binh.tran@student.edu.vn', 'Đang học'
FROM tai_khoan WHERE ten_dang_nhap = '22520002';

INSERT INTO sinh_vien (ma_sv, ma_tai_khoan, ho_ten, ngay_sinh, gioi_tinh, cccd, ma_phuong_xa, ma_dan_toc, ma_nganh, sdt, email, trang_thai)
SELECT '22520003', ma_tai_khoan, 'Lê Văn Cường', '2004-03-10', 'Nam', '079204009012', '2661', 'KINH', 'HTTT', '0912345678', 'cuong.le@student.edu.vn', 'Đang học'
FROM tai_khoan WHERE ten_dang_nhap = '22520003';

INSERT INTO sinh_vien (ma_sv, ma_tai_khoan, ho_ten, ngay_sinh, gioi_tinh, cccd, ma_phuong_xa, ma_dan_toc, ma_nganh, sdt, email, trang_thai)
SELECT '22520004', ma_tai_khoan, 'Phạm Thị Dung', '2004-11-25', 'Nữ', '079204003456', '2662', 'KINH', 'KTPM', '0923456789', 'dung.pham@student.edu.vn', 'Đang học'
FROM tai_khoan WHERE ten_dang_nhap = '22520004';

-- Sinh viên này là dân tộc Mông (DTTS) để test chức năng vùng sâu vùng xa
INSERT INTO sinh_vien (ma_sv, ma_tai_khoan, ho_ten, ngay_sinh, gioi_tinh, cccd, ma_phuong_xa, ma_dan_toc, ma_nganh, sdt, email, trang_thai)
SELECT '22520005', ma_tai_khoan, 'Hoàng Minh Đức', '2004-07-08', 'Nam', '079204007890', '2663', 'MONG', 'MMT', '0934567890', 'duc.hoang@student.edu.vn', 'Đang học'
FROM tai_khoan WHERE ten_dang_nhap = '22520005';

-- =====================================================
-- Bước 3: Cập nhật ma_sv trong tai_khoan
-- =====================================================
UPDATE tai_khoan SET ma_sv = '22520001' WHERE ten_dang_nhap = '22520001';
UPDATE tai_khoan SET ma_sv = '22520002' WHERE ten_dang_nhap = '22520002';
UPDATE tai_khoan SET ma_sv = '22520003' WHERE ten_dang_nhap = '22520003';
UPDATE tai_khoan SET ma_sv = '22520004' WHERE ten_dang_nhap = '22520004';
UPDATE tai_khoan SET ma_sv = '22520005' WHERE ten_dang_nhap = '22520005';

-- =====================================================
-- INSERT DATA - Lớp học (Classes)
-- =====================================================
INSERT INTO lop (ma_lop, ten_lop, ma_mon_hoc, giang_vien, lich_hoc, phong_hoc, so_luong_toi_da) VALUES
-- Lớp cho các môn cơ bản
('IT001.N01', 'Nhập môn Lập trình - N01', 'IT001', 'TS. Nguyễn Văn A', 'Thứ 2 (7h30-9h30)', 'B2.01', 50),
('IT001.N02', 'Nhập môn Lập trình - N02', 'IT001', 'ThS. Trần Thị B', 'Thứ 3 (9h30-11h30)', 'B2.02', 50),
('IT001.N03', 'Nhập môn Lập trình - N03', 'IT001', 'TS. Lê Văn C', 'Thứ 4 (13h30-15h30)', 'B2.03', 50),
('IT002.N01', 'Cấu trúc dữ liệu và giải thuật - N01', 'IT002', 'PGS. TS. Phạm Văn D', 'Thứ 2 (13h30-15h30)', 'B3.01', 45),
('IT002.N02', 'Cấu trúc dữ liệu và giải thuật - N02', 'IT002', 'TS. Hoàng Thị E', 'Thứ 5 (7h30-9h30)', 'B3.02', 45),
('IT003.N01', 'Cấu trúc rời rạc - N01', 'IT003', 'TS. Đặng Văn F', 'Thứ 3 (13h30-15h30)', 'A1.01', 50),
('IT003.N02', 'Cấu trúc rời rạc - N02', 'IT003', 'ThS. Vũ Thị G', 'Thứ 6 (7h30-9h30)', 'A1.02', 50),
('IT004.N01', 'Cơ sở dữ liệu - N01', 'IT004', 'PGS. TS. Bùi Văn H', 'Thứ 4 (7h30-9h30)', 'B4.01', 50),
('IT004.N02', 'Cơ sở dữ liệu - N02', 'IT004', 'TS. Ngô Thị I', 'Thứ 2 (9h30-11h30)', 'B4.02', 50),
('IT005.N01', 'Nhập môn Mạng máy tính - N01', 'IT005', 'TS. Đinh Văn K', 'Thứ 5 (13h30-15h30)', 'C1.01', 45),
('IT005.N02', 'Nhập môn Mạng máy tính - N02', 'IT005', 'ThS. Mai Văn L', 'Thứ 6 (9h30-11h30)', 'C1.02', 45),
('IT006.N01', 'Kiến trúc máy tính - N01', 'IT006', 'TS. Phan Văn M', 'Thứ 3 (7h30-9h30)', 'B5.01', 50),
('IT006.N02', 'Kiến trúc máy tính - N02', 'IT006', 'ThS. Lý Thị N', 'Thứ 4 (9h30-11h30)', 'B5.02', 50),
('IT007.N01', 'Hệ điều hành - N01', 'IT007', 'PGS. TS. Trịnh Văn O', 'Thứ 2 (15h30-17h30)', 'B6.01', 45),
('IT007.N02', 'Hệ điều hành - N02', 'IT007', 'TS. Đỗ Thị P', 'Thứ 5 (9h30-11h30)', 'B6.02', 45),
('IT008.N01', 'Lập trình hướng đối tượng - N01', 'IT008', 'TS. Cao Văn Q', 'Thứ 6 (13h30-15h30)', 'B7.01', 50),
('IT008.N02', 'Lập trình hướng đối tượng - N02', 'IT008', 'ThS. Lương Thị R', 'Thứ 4 (15h30-17h30)', 'B7.02', 50),
-- Lớp cho môn chuyên ngành
('SE104.N01', 'Nhập môn Công nghệ phần mềm - N01', 'SE104', 'TS. Trương Văn S', 'Thứ 2 (7h30-9h30)', 'E1.01', 40),
('SE104.N02', 'Nhập môn Công nghệ phần mềm - N02', 'SE104', 'ThS. Hồ Thị T', 'Thứ 3 (13h30-15h30)', 'E1.02', 40),
('CS106.N01', 'Trí tuệ nhân tạo - N01', 'CS106', 'PGS. TS. Lâm Văn U', 'Thứ 4 (7h30-9h30)', 'E2.01', 40),
('CS106.N02', 'Trí tuệ nhân tạo - N02', 'CS106', 'TS. Tô Thị V', 'Thứ 5 (15h30-17h30)', 'E2.02', 40),
('CS106_TH.N01', 'Trí tuệ nhân tạo (TH) - N01', 'CS106_TH', 'PGS. TS. Lâm Văn U', 'Thứ 6 (7h30-9h30)', 'PM.01', 30),
('CS106_TH.N02', 'Trí tuệ nhân tạo (TH) - N02', 'CS106_TH', 'TS. Tô Thị V', 'Thứ 6 (13h30-15h30)', 'PM.02', 30),
('IS207.N01', 'Phát triển ứng dụng Web - N01', 'IS207', 'TS. Dương Văn X', 'Thứ 2 (9h30-11h30)', 'E3.01', 35),
('IS207.N02', 'Phát triển ứng dụng Web - N02', 'IS207', 'ThS. Châu Thị Y', 'Thứ 4 (13h30-15h30)', 'E3.02', 35),
('IS207_TH.N01', 'Phát triển ứng dụng Web (TH) - N01', 'IS207_TH', 'TS. Dương Văn X', 'Thứ 3 (7h30-9h30)', 'PM.03', 30),
('IS207_TH.N02', 'Phát triển ứng dụng Web (TH) - N02', 'IS207_TH', 'ThS. Châu Thị Y', 'Thứ 5 (9h30-11h30)', 'PM.04', 30),
('NT101.N01', 'Nhập môn An toàn thông tin - N01', 'NT101', 'TS. Kiều Văn Z', 'Thứ 3 (9h30-11h30)', 'E4.01', 40),
('NT101.N02', 'Nhập môn An toàn thông tin - N02', 'NT101', 'ThS. Quách Văn AA', 'Thứ 6 (15h30-17h30)', 'E4.02', 40),
('CE103.N01', 'Vi xử lý-vi điều khiển - N01', 'CE103', 'TS. Mạc Văn BB', 'Thứ 4 (9h30-11h30)', 'E5.01', 35),
('CE103.N02', 'Vi xử lý-vi điều khiển - N02', 'CE103', 'ThS. La Thị CC', 'Thứ 2 (13h30-15h30)', 'E5.02', 35),
('CE103_TH.N01', 'Vi xử lý-vi điều khiển (TH) - N01', 'CE103_TH', 'TS. Mạc Văn BB', 'Thứ 5 (7h30-9h30)', 'LAB.01', 25),
('CE103_TH.N02', 'Vi xử lý-vi điều khiển (TH) - N02', 'CE103_TH', 'ThS. La Thị CC', 'Thứ 6 (9h30-11h30)', 'LAB.02', 25),
-- Thêm các lớp môn Toán
('MA001.N01', 'Giải tích 1 - N01', 'MA001', 'PGS. TS. Nguyễn Minh A', 'Thứ 2 (7h30-9h30)', 'A2.01', 60),
('MA001.N02', 'Giải tích 1 - N02', 'MA001', 'TS. Trần Anh B', 'Thứ 4 (7h30-9h30)', 'A2.02', 60),
('MA002.N01', 'Giải tích 2 - N01', 'MA002', 'TS. Lê Quang C', 'Thứ 3 (9h30-11h30)', 'A3.01', 55),
('MA002.N02', 'Giải tích 2 - N02', 'MA002', 'ThS. Phạm Thu D', 'Thứ 5 (13h30-15h30)', 'A3.02', 55),
('MA003.N01', 'Đại số tuyến tính - N01', 'MA003', 'PGS. TS. Hoàng Văn E', 'Thứ 2 (9h30-11h30)', 'A4.01', 60),
('MA003.N02', 'Đại số tuyến tính - N02', 'MA003', 'TS. Đinh Thị F', 'Thứ 6 (7h30-9h30)', 'A4.02', 60),
('MA005.N01', 'Xác suất thống kê - N01', 'MA005', 'TS. Vũ Minh G', 'Thứ 4 (13h30-15h30)', 'A5.01', 55),
('MA005.N02', 'Xác suất thống kê - N02', 'MA005', 'ThS. Bùi Lan H', 'Thứ 3 (7h30-9h30)', 'A5.02', 55),
-- Thêm các lớp môn Tiếng Anh
('ENG03.N01', 'Tiếng Anh 3 - N01', 'ENG03', 'ThS. Emily Johnson', 'Thứ 2 (13h30-15h30)', 'NN.01', 35),
('ENG03.N02', 'Tiếng Anh 3 - N02', 'ENG03', 'ThS. David Smith', 'Thứ 4 (9h30-11h30)', 'NN.02', 35),
('ENG04.N01', 'Tiếng Anh 4 - N01', 'ENG04', 'ThS. Sarah Wilson', 'Thứ 3 (15h30-17h30)', 'NN.03', 35),
('ENG04.N02', 'Tiếng Anh 4 - N02', 'ENG04', 'ThS. Michael Brown', 'Thứ 5 (7h30-9h30)', 'NN.04', 35);

-- =====================================================
-- INSERT DATA - Chương trình học (Curriculum)
-- =====================================================
INSERT INTO chuong_trinh_hoc (ma_nganh, ma_mon_hoc, hoc_ky_du_kien, bat_buoc) VALUES
-- Chương trình học ngành Kỹ thuật Phần mềm (KTPM)
('KTPM', 'IT001', 1, TRUE),
('KTPM', 'MA001', 1, TRUE),
('KTPM', 'SS007', 1, TRUE),
('KTPM', 'ENG03', 1, TRUE),
('KTPM', 'IT002', 2, TRUE),
('KTPM', 'IT003', 2, TRUE),
('KTPM', 'MA002', 2, TRUE),
('KTPM', 'ENG04', 2, TRUE),
('KTPM', 'IT004', 3, TRUE),
('KTPM', 'MA003', 3, TRUE),
('KTPM', 'IT006', 3, TRUE),
('KTPM', 'IT007', 4, TRUE),
('KTPM', 'IT008', 4, TRUE),
('KTPM', 'MA005', 4, TRUE),
('KTPM', 'SE104', 5, TRUE),
('KTPM', 'SE207', 5, TRUE),
('KTPM', 'SE113', 6, TRUE),
('KTPM', 'SE210', 6, TRUE),
('KTPM', 'SE310', 7, FALSE),
('KTPM', 'SE311', 7, FALSE),
('KTPM', 'SE505', 8, TRUE),
-- Chương trình học ngành Khoa học Máy tính (KHMT)
('KHMT', 'IT001', 1, TRUE),
('KHMT', 'MA001', 1, TRUE),
('KHMT', 'SS007', 1, TRUE),
('KHMT', 'ENG03', 1, TRUE),
('KHMT', 'IT002', 2, TRUE),
('KHMT', 'IT003', 2, TRUE),
('KHMT', 'MA002', 2, TRUE),
('KHMT', 'ENG04', 2, TRUE),
('KHMT', 'IT004', 3, TRUE),
('KHMT', 'MA003', 3, TRUE),
('KHMT', 'IT006', 3, TRUE),
('KHMT', 'IT007', 4, TRUE),
('KHMT', 'MA005', 4, TRUE),
('KHMT', 'CS106', 5, TRUE),
('KHMT', 'CS106_TH', 5, TRUE),
('KHMT', 'CS110', 5, TRUE),
('KHMT', 'CS110_TH', 5, TRUE),
('KHMT', 'CS212', 6, TRUE),
('KHMT', 'CS212_TH', 6, TRUE),
('KHMT', 'CS231', 6, TRUE),
('KHMT', 'CS231_TH', 6, TRUE),
('KHMT', 'CS228', 7, FALSE),
('KHMT', 'CS228_TH', 7, FALSE),
-- Chương trình học ngành Hệ thống Thông tin (HTTT)
('HTTT', 'IT001', 1, TRUE),
('HTTT', 'MA001', 1, TRUE),
('HTTT', 'SS007', 1, TRUE),
('HTTT', 'ENG03', 1, TRUE),
('HTTT', 'IT002', 2, TRUE),
('HTTT', 'IT003', 2, TRUE),
('HTTT', 'MA002', 2, TRUE),
('HTTT', 'ENG04', 2, TRUE),
('HTTT', 'IT004', 3, TRUE),
('HTTT', 'MA003', 3, TRUE),
('HTTT', 'IT005', 3, TRUE),
('HTTT', 'IT007', 4, TRUE),
('HTTT', 'MA005', 4, TRUE),
('HTTT', 'IS207', 5, TRUE),
('HTTT', 'IS207_TH', 5, TRUE),
('HTTT', 'IS251', 5, TRUE),
('HTTT', 'IS336', 6, TRUE),
('HTTT', 'IS351', 6, TRUE),
('HTTT', 'IS405', 7, FALSE),
-- Chương trình học ngành Mạng máy tính và Truyền thông (MMT)
('MMT', 'IT001', 1, TRUE),
('MMT', 'MA001', 1, TRUE),
('MMT', 'SS007', 1, TRUE),
('MMT', 'ENG03', 1, TRUE),
('MMT', 'IT002', 2, TRUE),
('MMT', 'IT003', 2, TRUE),
('MMT', 'MA002', 2, TRUE),
('MMT', 'ENG04', 2, TRUE),
('MMT', 'IT004', 3, TRUE),
('MMT', 'IT005', 3, TRUE),
('MMT', 'IT006', 3, TRUE),
('MMT', 'IT007', 4, TRUE),
('MMT', 'MA005', 4, TRUE),
('MMT', 'NT101', 5, TRUE),
('MMT', 'NT132', 5, TRUE),
('MMT', 'NT132_TH', 5, TRUE),
('MMT', 'NT140', 6, TRUE),
('MMT', 'NT140_TH', 6, TRUE),
('MMT', 'NT205', 6, TRUE),
('MMT', 'NT205_TH', 6, TRUE),
('MMT', 'NT113', 7, FALSE),
('MMT', 'NT113_TH', 7, FALSE);

-- =====================================================
-- INSERT DATA - Lớp mở trong học kỳ (Open Classes per Semester)
-- =====================================================
INSERT INTO lop_mo (ma_hoc_ky, ma_lop, so_luong_da_dang_ky) VALUES
-- Học kỳ 2 năm 2024-2025 (đang diễn ra)
('HK2-2425', 'IT001.N01', 45),
('HK2-2425', 'IT001.N02', 48),
('HK2-2425', 'IT001.N03', 42),
('HK2-2425', 'IT002.N01', 40),
('HK2-2425', 'IT002.N02', 43),
('HK2-2425', 'IT003.N01', 38),
('HK2-2425', 'IT003.N02', 41),
('HK2-2425', 'IT004.N01', 47),
('HK2-2425', 'IT004.N02', 44),
('HK2-2425', 'IT005.N01', 35),
('HK2-2425', 'IT005.N02', 38),
('HK2-2425', 'IT006.N01', 42),
('HK2-2425', 'IT006.N02', 39),
('HK2-2425', 'IT007.N01', 40),
('HK2-2425', 'IT007.N02', 37),
('HK2-2425', 'IT008.N01', 45),
('HK2-2425', 'IT008.N02', 43),
('HK2-2425', 'SE104.N01', 35),
('HK2-2425', 'SE104.N02', 38),
('HK2-2425', 'CS106.N01', 36),
('HK2-2425', 'CS106.N02', 34),
('HK2-2425', 'CS106_TH.N01', 28),
('HK2-2425', 'CS106_TH.N02', 26),
('HK2-2425', 'IS207.N01', 32),
('HK2-2425', 'IS207.N02', 30),
('HK2-2425', 'IS207_TH.N01', 25),
('HK2-2425', 'IS207_TH.N02', 27),
('HK2-2425', 'NT101.N01', 35),
('HK2-2425', 'NT101.N02', 33),
('HK2-2425', 'CE103.N01', 30),
('HK2-2425', 'CE103.N02', 28),
('HK2-2425', 'CE103_TH.N01', 22),
('HK2-2425', 'CE103_TH.N02', 20),
('HK2-2425', 'MA001.N01', 55),
('HK2-2425', 'MA001.N02', 52),
('HK2-2425', 'MA002.N01', 48),
('HK2-2425', 'MA002.N02', 50),
('HK2-2425', 'MA003.N01', 53),
('HK2-2425', 'MA003.N02', 49),
('HK2-2425', 'MA005.N01', 46),
('HK2-2425', 'MA005.N02', 44),
('HK2-2425', 'ENG03.N01', 32),
('HK2-2425', 'ENG03.N02', 30),
('HK2-2425', 'ENG04.N01', 31),
('HK2-2425', 'ENG04.N02', 29),
-- Học kỳ 1 năm 2024-2025 (đã kết thúc)
('HK1-2425', 'IT001.N01', 50),
('HK1-2425', 'IT001.N02', 50),
('HK1-2425', 'IT002.N01', 45),
('HK1-2425', 'IT002.N02', 45),
('HK1-2425', 'IT003.N01', 50),
('HK1-2425', 'IT003.N02', 48),
('HK1-2425', 'IT004.N01', 50),
('HK1-2425', 'IT004.N02', 49),
('HK1-2425', 'MA001.N01', 60),
('HK1-2425', 'MA001.N02', 58),
('HK1-2425', 'MA002.N01', 55),
('HK1-2425', 'MA002.N02', 53),
('HK1-2425', 'MA003.N01', 60),
('HK1-2425', 'MA003.N02', 57);

-- =====================================================
-- INSERT DATA - Lịch học lớp (Class Schedule Details)
-- Liên kết lớp mở với tiết học và thứ trong tuần
-- lop_mo_id tham chiếu từ bảng lop_mo (auto-generated)
-- =====================================================
INSERT INTO lich_hoc_lop (lop_mo_id, thu_trong_tuan, ma_tiet_bat_dau, ma_tiet_ket_thuc, phong_hoc, ghi_chu) VALUES
-- Lịch học cho các lớp HK2-2425
-- IT001.N01: Thứ 2, Tiết 1-3
(1, 2, 'T1', 'T3', 'B1.02', 'Nhập môn lập trình - Thứ 2'),
-- IT001.N01: Thứ 4, Tiết 6-8 (TH)
(1, 4, 'T6', 'T8', 'B2.08 (Lab)', 'Nhập môn lập trình TH - Thứ 4'),
-- IT001.N02: Thứ 3, Tiết 1-3
(2, 3, 'T1', 'T3', 'B1.03', 'Nhập môn lập trình - Thứ 3'),
-- IT001.N02: Thứ 5, Tiết 6-8 (TH)
(2, 5, 'T6', 'T8', 'B2.09 (Lab)', 'Nhập môn lập trình TH - Thứ 5'),
-- IT002.N01: Thứ 2, Tiết 6-8
(4, 2, 'T6', 'T8', 'B1.04', 'Lập trình hướng đối tượng - Thứ 2'),
-- IT002.N01: Thứ 6, Tiết 1-3 (TH)
(4, 6, 'T1', 'T3', 'B2.10 (Lab)', 'Lập trình hướng đối tượng TH - Thứ 6'),
-- IT003.N01: Thứ 3, Tiết 6-8
(6, 3, 'T6', 'T8', 'B1.05', 'Cấu trúc dữ liệu và giải thuật - Thứ 3'),
-- IT003.N01: Thứ 5, Tiết 1-3 (TH)
(6, 5, 'T1', 'T3', 'B2.11 (Lab)', 'CTDL&GT TH - Thứ 5'),
-- MA001.N01: Thứ 2, Tiết 1-4
(30, 2, 'T1', 'T4', 'A1.01', 'Giải tích - Thứ 2'),
-- MA003.N01: Thứ 4, Tiết 1-3
(34, 4, 'T1', 'T3', 'A1.02', 'Đại số tuyến tính - Thứ 4');

-- =====================================================
-- INSERT DATA - Đối tượng của Sinh viên (Student Priority Objects)
-- =====================================================
INSERT INTO doi_tuong_sinh_vien (ma_sv, ma_doi_tuong, ghi_chu) VALUES
('22520002', 'DT06', 'Sinh viên đến từ vùng sâu vùng xa (Quận 3)'),
('22520003', 'DT07', 'Sinh viên thuộc hộ cận nghèo'),
('22520005', 'DT09', 'Sinh viên dân tộc thiểu số');

-- =====================================================
-- INSERT DATA - Phiếu đăng ký học phần (Course Registration Forms)
-- Sử dụng giá trị so_phieu cụ thể để đảm bảo tính nhất quán với chi_tiet_dang_ky và phieu_thu_hoc_phi
-- Cập nhật với các trường thống kê theo loại đăng ký
-- Ghi chú: tien_hoc_* = so_tin_chi * don_gia (27000 cho LT, 37000 cho TH)
-- =====================================================
INSERT INTO phieu_dang_ky (so_phieu, ma_sv, ma_hoc_ky, ngay_lap, tong_tin_chi, so_mon_hoc_moi, so_tin_chi_hoc_moi, tien_hoc_moi, so_mon_hoc_lai, so_tin_chi_hoc_lai, tien_hoc_lai, so_mon_hoc_cai_thien, so_tin_chi_hoc_cai_thien, tien_hoc_cai_thien, tong_tien_dang_ky, ti_le_giam, tien_mien_giam, tong_tien_phai_dong, trang_thai) VALUES
-- Sinh viên 22520001 - Nguyễn Văn An (không có đối tượng ưu tiên)
-- Phiếu 1: 6 môn LT, 18 tín chỉ, tổng = 486,000
(1, '22520001', 'HK2-2425', '2025-01-20 08:30:00', 18, 6, 18, 486000, 0, 0, 0, 0, 0, 0, 486000, 0, 0, 486000, 'Đã đăng ký'),
-- Phiếu 2: 5 môn LT, 16 tín chỉ, tổng = 432,000
(2, '22520001', 'HK1-2425', '2024-09-15 09:00:00', 16, 5, 16, 432000, 0, 0, 0, 0, 0, 0, 432000, 0, 0, 432000, 'Đã đăng ký'),
-- Sinh viên 22520002 - Trần Thị Bình (vùng sâu vùng xa - giảm 50%)
-- Phiếu 3: 5 môn LT (15 TC) + 1 môn TH (1 TC), tổng = 5*81000 + 37000 = 442,000
(3, '22520002', 'HK2-2425', '2025-01-21 10:15:00', 16, 6, 16, 442000, 0, 0, 0, 0, 0, 0, 442000, 50, 221000, 221000, 'Đã đăng ký'),
-- Phiếu 4: 4 môn LT, 13 tín chỉ, tổng = 351,000
(4, '22520002', 'HK1-2425', '2024-09-16 14:30:00', 13, 4, 13, 351000, 0, 0, 0, 0, 0, 0, 351000, 50, 175500, 175500, 'Đã đăng ký'),
-- Sinh viên 22520003 - Lê Văn Cường (hộ cận nghèo - giảm 50%)
-- Phiếu 5: 6 môn LT (18 TC) + 1 môn TH (1 TC), tổng = 6*81000 + 37000 = 523,000
(5, '22520003', 'HK2-2425', '2025-01-22 09:45:00', 19, 7, 19, 523000, 0, 0, 0, 0, 0, 0, 523000, 50, 261500, 261500, 'Đã đăng ký'),
-- Phiếu 6: 5 môn LT, 16 tín chỉ, tổng = 432,000
(6, '22520003', 'HK1-2425', '2024-09-17 11:20:00', 16, 5, 16, 432000, 0, 0, 0, 0, 0, 0, 432000, 50, 216000, 216000, 'Đã đăng ký'),
-- Sinh viên 22520004 - Phạm Thị Dung (không có đối tượng ưu tiên)
-- Phiếu 7: 5 môn LT, 15 tín chỉ, tổng = 405,000
(7, '22520004', 'HK2-2425', '2025-01-20 15:00:00', 15, 5, 15, 405000, 0, 0, 0, 0, 0, 0, 405000, 0, 0, 405000, 'Đã đăng ký'),
-- Phiếu 8: 6 môn LT, 19 tín chỉ, tổng = 513,000
(8, '22520004', 'HK1-2425', '2024-09-15 16:45:00', 19, 6, 19, 513000, 0, 0, 0, 0, 0, 0, 513000, 0, 0, 513000, 'Đã đăng ký'),
-- Sinh viên 22520005 - Hoàng Minh Đức (dân tộc thiểu số - giảm 30%)
-- Phiếu 9: 6 môn LT, 18 tín chỉ, tổng = 486,000
(9, '22520005', 'HK2-2425', '2025-01-23 08:00:00', 18, 6, 18, 486000, 0, 0, 0, 0, 0, 0, 486000, 30, 145800, 340200, 'Đã đăng ký'),
-- Phiếu 10: 5 môn LT, 16 tín chỉ, tổng = 432,000
(10, '22520005', 'HK1-2425', '2024-09-18 10:30:00', 16, 5, 16, 432000, 0, 0, 0, 0, 0, 0, 432000, 30, 129600, 302400, 'Đã đăng ký');

-- Cập nhật sequence cho phieu_dang_ky để các INSERT tiếp theo bắt đầu từ giá trị đúng
SELECT setval('phieu_dang_ky_so_phieu_seq', 10, true);

-- =====================================================
-- INSERT DATA - Chi tiết đăng ký (Registration Details)
-- =====================================================
INSERT INTO chi_tiet_dang_ky (so_phieu, ma_lop, loai_dang_ky, so_tin_chi, loai_mon, don_gia, thanh_tien, trang_thai) VALUES
-- Chi tiết cho phiếu đăng ký 1 (SV 22520001 - HK2-2425)
(1, 'IT002.N01', 'hoc_moi', 3, 'LT', 27000, 81000, 'Đã đăng ký'),
(1, 'IT003.N01', 'hoc_moi', 3, 'LT', 27000, 81000, 'Đã đăng ký'),
(1, 'MA002.N01', 'hoc_moi', 3, 'LT', 27000, 81000, 'Đã đăng ký'),
(1, 'IT004.N01', 'hoc_moi', 3, 'LT', 27000, 81000, 'Đã đăng ký'),
(1, 'ENG04.N01', 'hoc_moi', 3, 'LT', 27000, 81000, 'Đã đăng ký'),
(1, 'IT008.N01', 'hoc_moi', 3, 'LT', 27000, 81000, 'Đã đăng ký'),
-- Chi tiết cho phiếu đăng ký 2 (SV 22520001 - HK1-2425)
(2, 'IT001.N01', 'hoc_moi', 3, 'LT', 27000, 81000, 'Đã đăng ký'),
(2, 'MA001.N01', 'hoc_moi', 4, 'LT', 27000, 108000, 'Đã đăng ký'),
(2, 'MA003.N01', 'hoc_moi', 3, 'LT', 27000, 81000, 'Đã đăng ký'),
(2, 'ENG03.N01', 'hoc_moi', 3, 'LT', 27000, 81000, 'Đã đăng ký'),
(2, 'IT006.N01', 'hoc_moi', 3, 'LT', 27000, 81000, 'Đã đăng ký'),
-- Chi tiết cho phiếu đăng ký 3 (SV 22520002 - HK2-2425)
(3, 'IT002.N02', 'hoc_moi', 3, 'LT', 27000, 81000, 'Đã đăng ký'),
(3, 'IT003.N02', 'hoc_moi', 3, 'LT', 27000, 81000, 'Đã đăng ký'),
(3, 'MA002.N02', 'hoc_moi', 3, 'LT', 27000, 81000, 'Đã đăng ký'),
(3, 'CS106.N01', 'hoc_moi', 3, 'LT', 27000, 81000, 'Đã đăng ký'),
(3, 'CS106_TH.N01', 'hoc_moi', 1, 'TH', 37000, 37000, 'Đã đăng ký'),
(3, 'ENG04.N02', 'hoc_moi', 3, 'LT', 27000, 81000, 'Đã đăng ký'),
-- Chi tiết cho phiếu đăng ký 4 (SV 22520002 - HK1-2425)
(4, 'IT001.N02', 'hoc_moi', 3, 'LT', 27000, 81000, 'Đã đăng ký'),
(4, 'MA001.N02', 'hoc_moi', 4, 'LT', 27000, 108000, 'Đã đăng ký'),
(4, 'MA003.N02', 'hoc_moi', 3, 'LT', 27000, 81000, 'Đã đăng ký'),
(4, 'ENG03.N02', 'hoc_moi', 3, 'LT', 27000, 81000, 'Đã đăng ký'),
-- Chi tiết cho phiếu đăng ký 5 (SV 22520003 - HK2-2425)
(5, 'IT002.N01', 'hoc_moi', 3, 'LT', 27000, 81000, 'Đã đăng ký'),
(5, 'IT003.N01', 'hoc_moi', 3, 'LT', 27000, 81000, 'Đã đăng ký'),
(5, 'IS207.N01', 'hoc_moi', 3, 'LT', 27000, 81000, 'Đã đăng ký'),
(5, 'IS207_TH.N01', 'hoc_moi', 1, 'TH', 37000, 37000, 'Đã đăng ký'),
(5, 'MA002.N01', 'hoc_moi', 3, 'LT', 27000, 81000, 'Đã đăng ký'),
(5, 'IT004.N01', 'hoc_moi', 3, 'LT', 27000, 81000, 'Đã đăng ký'),
(5, 'ENG04.N01', 'hoc_moi', 3, 'LT', 27000, 81000, 'Đã đăng ký'),
-- Chi tiết cho phiếu đăng ký 6 (SV 22520003 - HK1-2425)
(6, 'IT001.N01', 'hoc_moi', 3, 'LT', 27000, 81000, 'Đã đăng ký'),
(6, 'MA001.N01', 'hoc_moi', 4, 'LT', 27000, 108000, 'Đã đăng ký'),
(6, 'MA003.N01', 'hoc_moi', 3, 'LT', 27000, 81000, 'Đã đăng ký'),
(6, 'IT005.N01', 'hoc_moi', 3, 'LT', 27000, 81000, 'Đã đăng ký'),
(6, 'ENG03.N01', 'hoc_moi', 3, 'LT', 27000, 81000, 'Đã đăng ký'),
-- Chi tiết cho phiếu đăng ký 7 (SV 22520004 - HK2-2425)
(7, 'IT002.N02', 'hoc_moi', 3, 'LT', 27000, 81000, 'Đã đăng ký'),
(7, 'IT003.N02', 'hoc_moi', 3, 'LT', 27000, 81000, 'Đã đăng ký'),
(7, 'SE104.N01', 'hoc_moi', 3, 'LT', 27000, 81000, 'Đã đăng ký'),
(7, 'MA002.N02', 'hoc_moi', 3, 'LT', 27000, 81000, 'Đã đăng ký'),
(7, 'ENG04.N02', 'hoc_moi', 3, 'LT', 27000, 81000, 'Đã đăng ký'),
-- Chi tiết cho phiếu đăng ký 8 (SV 22520004 - HK1-2425)
(8, 'IT001.N02', 'hoc_moi', 3, 'LT', 27000, 81000, 'Đã đăng ký'),
(8, 'MA001.N02', 'hoc_moi', 4, 'LT', 27000, 108000, 'Đã đăng ký'),
(8, 'MA003.N02', 'hoc_moi', 3, 'LT', 27000, 81000, 'Đã đăng ký'),
(8, 'IT006.N02', 'hoc_moi', 3, 'LT', 27000, 81000, 'Đã đăng ký'),
(8, 'ENG03.N02', 'hoc_moi', 3, 'LT', 27000, 81000, 'Đã đăng ký'),
(8, 'IT008.N02', 'hoc_moi', 3, 'LT', 27000, 81000, 'Đã đăng ký'),
-- Chi tiết cho phiếu đăng ký 9 (SV 22520005 - HK2-2425)
(9, 'IT002.N01', 'hoc_moi', 3, 'LT', 27000, 81000, 'Đã đăng ký'),
(9, 'IT003.N01', 'hoc_moi', 3, 'LT', 27000, 81000, 'Đã đăng ký'),
(9, 'NT101.N01', 'hoc_moi', 3, 'LT', 27000, 81000, 'Đã đăng ký'),
(9, 'MA002.N01', 'hoc_moi', 3, 'LT', 27000, 81000, 'Đã đăng ký'),
(9, 'IT005.N01', 'hoc_moi', 3, 'LT', 27000, 81000, 'Đã đăng ký'),
(9, 'ENG04.N01', 'hoc_moi', 3, 'LT', 27000, 81000, 'Đã đăng ký'),
-- Chi tiết cho phiếu đăng ký 10 (SV 22520005 - HK1-2425)
(10, 'IT001.N01', 'hoc_moi', 3, 'LT', 27000, 81000, 'Đã đăng ký'),
(10, 'MA001.N01', 'hoc_moi', 4, 'LT', 27000, 108000, 'Đã đăng ký'),
(10, 'MA003.N01', 'hoc_moi', 3, 'LT', 27000, 81000, 'Đã đăng ký'),
(10, 'IT006.N01', 'hoc_moi', 3, 'LT', 27000, 81000, 'Đã đăng ký'),
(10, 'ENG03.N01', 'hoc_moi', 3, 'LT', 27000, 81000, 'Đã đăng ký');

-- =====================================================
-- INSERT DATA - Phiếu thu học phí (Tuition Payment Receipts)
-- Sử dụng giá trị so_phieu_thu cụ thể để đảm bảo tính nhất quán
-- Số tiền thu phải khớp với tong_tien_phai_dong trong phieu_dang_ky tương ứng
-- =====================================================
INSERT INTO phieu_thu_hoc_phi (so_phieu_thu, so_phieu_dang_ky, ma_sv, ngay_lap, so_tien_thu, hinh_thuc_thu, ma_giao_dich, nguoi_thu, ghi_chu, trang_thai) VALUES
-- Thanh toán đầy đủ cho HK1-2425
(1, 2, '22520001', '2024-09-20 09:30:00', 432000, 'Chuyển khoản', 'GD20240920001', 'Hệ thống', 'Thanh toán học phí HK1 2024-2025', 'Thành công'),
(2, 4, '22520002', '2024-09-21 10:15:00', 175500, 'Tiền mặt', 'GD20240921001', 'Nguyễn Thị Thu', 'Thanh toán học phí HK1 2024-2025 (sau giảm 50%)', 'Thành công'),
(3, 6, '22520003', '2024-09-22 14:00:00', 216000, 'Chuyển khoản', 'GD20240922001', 'Hệ thống', 'Thanh toán học phí HK1 2024-2025 (sau giảm 50%)', 'Thành công'),
(4, 8, '22520004', '2024-09-20 16:30:00', 513000, 'Ví điện tử', 'GD20240920002', 'Hệ thống', 'Thanh toán học phí HK1 2024-2025 qua MoMo', 'Thành công'),
(5, 10, '22520005', '2024-09-23 11:00:00', 302400, 'Chuyển khoản', 'GD20240923001', 'Hệ thống', 'Thanh toán học phí HK1 2024-2025 (sau giảm 30%)', 'Thành công'),
-- Thanh toán cho HK2-2425 (một số đã đóng, một số chưa đóng đủ)
(6, 1, '22520001', '2025-01-25 08:45:00', 486000, 'Chuyển khoản', 'GD20250125001', 'Hệ thống', 'Thanh toán học phí HK2 2024-2025', 'Thành công'),
(7, 3, '22520002', '2025-01-26 09:30:00', 221000, 'Tiền mặt', 'GD20250126001', 'Trần Văn Hùng', 'Thanh toán học phí HK2 2024-2025 (sau giảm 50%)', 'Thành công'),
(8, 5, '22520003', '2025-01-27 10:00:00', 150000, 'Chuyển khoản', 'GD20250127001', 'Hệ thống', 'Thanh toán một phần học phí HK2 2024-2025', 'Thành công'),
(9, 7, '22520004', '2025-01-28 14:15:00', 200000, 'Ví điện tử', 'GD20250128001', 'Hệ thống', 'Thanh toán một phần học phí HK2 2024-2025', 'Thành công'),
(10, 9, '22520005', '2025-01-29 11:30:00', 340200, 'Chuyển khoản', 'GD20250129001', 'Hệ thống', 'Thanh toán học phí HK2 2024-2025 (sau giảm 30%)', 'Thành công');

-- Cập nhật sequence cho phieu_thu_hoc_phi để các INSERT tiếp theo bắt đầu từ giá trị đúng
SELECT setval('phieu_thu_hoc_phi_so_phieu_thu_seq', 10, true);

-- =====================================================
-- INSERT DATA - Thông báo cá nhân (Personal Notifications)
-- Sử dụng bảng thong_bao đã gộp với loai='ca_nhan'
-- Số tiền trong thông báo phải khớp với dữ liệu thực tế
-- =====================================================
INSERT INTO thong_bao (loai, tieu_de, noi_dung, loai_thong_bao, ma_tai_khoan_nhan, duong_dan, da_doc, trang_thai) VALUES
-- Thông báo cho sinh viên 22520001 (ma_tai_khoan từ subquery)
('ca_nhan', 'Đăng ký môn học thành công', 'Bạn đã đăng ký thành công 6 môn học cho HK2 2024-2025. Tổng số tín chỉ: 18. Học phí: 486,000 VNĐ.', 'Đăng ký', (SELECT ma_tai_khoan FROM tai_khoan WHERE ten_dang_nhap = '22520001'), '/phieu-dang-ky/1', TRUE, TRUE),
('ca_nhan', 'Thanh toán học phí thành công', 'Bạn đã thanh toán thành công 486,000 VNĐ học phí HK2 2024-2025.', 'Học phí', (SELECT ma_tai_khoan FROM tai_khoan WHERE ten_dang_nhap = '22520001'), '/phieu-thu/6', TRUE, TRUE),
('ca_nhan', 'Nhắc nhở lịch học', 'Môn Cấu trúc dữ liệu và giải thuật sẽ bắt đầu vào thứ 2 tuần sau tại phòng B3.01.', 'Lịch học', (SELECT ma_tai_khoan FROM tai_khoan WHERE ten_dang_nhap = '22520001'), '/lich-hoc', FALSE, TRUE),
-- Thông báo cho sinh viên 22520002
('ca_nhan', 'Đăng ký môn học thành công', 'Bạn đã đăng ký thành công 6 môn học cho HK2 2024-2025. Tổng số tín chỉ: 16. Được giảm 50% học phí do thuộc đối tượng vùng sâu vùng xa. Học phí sau giảm: 221,000 VNĐ.', 'Đăng ký', (SELECT ma_tai_khoan FROM tai_khoan WHERE ten_dang_nhap = '22520002'), '/phieu-dang-ky/3', TRUE, TRUE),
('ca_nhan', 'Thanh toán học phí thành công', 'Bạn đã thanh toán thành công 221,000 VNĐ học phí HK2 2024-2025 (sau giảm 50%).', 'Học phí', (SELECT ma_tai_khoan FROM tai_khoan WHERE ten_dang_nhap = '22520002'), '/phieu-thu/7', TRUE, TRUE),
-- Thông báo cho sinh viên 22520003
('ca_nhan', 'Đăng ký môn học thành công', 'Bạn đã đăng ký thành công 7 môn học cho HK2 2024-2025. Tổng số tín chỉ: 19. Được giảm 50% học phí do thuộc hộ cận nghèo. Học phí sau giảm: 261,500 VNĐ.', 'Đăng ký', (SELECT ma_tai_khoan FROM tai_khoan WHERE ten_dang_nhap = '22520003'), '/phieu-dang-ky/5', TRUE, TRUE),
('ca_nhan', 'Nhắc nhở đóng học phí', 'Bạn còn nợ 111,500 VNĐ học phí HK2 2024-2025. Hạn đóng: 15/03/2025.', 'Học phí', (SELECT ma_tai_khoan FROM tai_khoan WHERE ten_dang_nhap = '22520003'), '/cong-no', FALSE, TRUE),
-- Thông báo cho sinh viên 22520004
('ca_nhan', 'Đăng ký môn học thành công', 'Bạn đã đăng ký thành công 5 môn học cho HK2 2024-2025. Tổng số tín chỉ: 15. Học phí: 405,000 VNĐ.', 'Đăng ký', (SELECT ma_tai_khoan FROM tai_khoan WHERE ten_dang_nhap = '22520004'), '/phieu-dang-ky/7', TRUE, TRUE),
('ca_nhan', 'Nhắc nhở đóng học phí', 'Bạn còn nợ 205,000 VNĐ học phí HK2 2024-2025. Hạn đóng: 15/03/2025.', 'Học phí', (SELECT ma_tai_khoan FROM tai_khoan WHERE ten_dang_nhap = '22520004'), '/cong-no', FALSE, TRUE),
-- Thông báo cho sinh viên 22520005
('ca_nhan', 'Đăng ký môn học thành công', 'Bạn đã đăng ký thành công 6 môn học cho HK2 2024-2025. Tổng số tín chỉ: 18. Được giảm 30% học phí do thuộc dân tộc thiểu số. Học phí sau giảm: 340,200 VNĐ.', 'Đăng ký', (SELECT ma_tai_khoan FROM tai_khoan WHERE ten_dang_nhap = '22520005'), '/phieu-dang-ky/9', TRUE, TRUE),
('ca_nhan', 'Thanh toán học phí thành công', 'Bạn đã thanh toán thành công 340,200 VNĐ học phí HK2 2024-2025 (sau giảm 30%).', 'Học phí', (SELECT ma_tai_khoan FROM tai_khoan WHERE ten_dang_nhap = '22520005'), '/phieu-thu/10', TRUE, TRUE),
-- Thông báo cho Admin
('ca_nhan', 'Báo cáo đăng ký HK2 2024-2025', 'Tổng số sinh viên đã đăng ký: 5. Tổng số lớp mở: 45. Tổng doanh thu dự kiến: 2,144,200 VNĐ.', 'Báo cáo', (SELECT ma_tai_khoan FROM tai_khoan WHERE ten_dang_nhap = 'admin'), '/bao-cao/dang-ky', FALSE, TRUE),
('ca_nhan', 'Cảnh báo sinh viên nợ học phí', 'Có 2 sinh viên chưa đóng đủ học phí HK2 2024-2025. Vui lòng kiểm tra danh sách.', 'Cảnh báo', (SELECT ma_tai_khoan FROM tai_khoan WHERE ten_dang_nhap = 'admin'), '/bao-cao/cong-no', FALSE, TRUE);

-- =====================================================
-- INSERT DATA - Điểm sinh viên (Student Grades)
-- Dữ liệu điểm cho học kỳ 1 năm 2024-2025 (đã kết thúc)
-- Quy định: diem_trung_binh < 5.0 = Rớt, >= 5.0 = Đậu
-- =====================================================
INSERT INTO diem_sinh_vien (ma_sv, ma_mon_hoc, ma_hoc_ky, ma_lop, diem_qua_trinh, diem_giua_ky, diem_cuoi_ky, diem_trung_binh, diem_chu, so_tin_chi, lan_hoc, ket_qua, ngay_nhap_diem) VALUES
-- Sinh viên 22520001 - Nguyễn Văn An (HK1-2425)
('22520001', 'IT001', 'HK1-2425', 'IT001.N01', 8.0, 7.5, 8.5, 8.17, 'B+', 4, 1, 'Đậu', '2025-01-10 10:00:00'),
('22520001', 'MA001', 'HK1-2425', 'MA001.N01', 7.0, 7.0, 7.5, 7.25, 'B', 4, 1, 'Đậu', '2025-01-10 10:00:00'),
('22520001', 'MA003', 'HK1-2425', 'MA003.N01', 8.5, 8.0, 9.0, 8.58, 'A', 3, 1, 'Đậu', '2025-01-10 10:00:00'),
('22520001', 'ENG03', 'HK1-2425', 'ENG03.N01', 7.5, 7.0, 8.0, 7.58, 'B', 4, 1, 'Đậu', '2025-01-10 10:00:00'),
('22520001', 'IT006', 'HK1-2425', 'IT006.N01', 6.5, 7.0, 7.5, 7.08, 'B', 3, 1, 'Đậu', '2025-01-10 10:00:00'),
-- Sinh viên 22520002 - Trần Thị Bình (HK1-2425)
('22520002', 'IT001', 'HK1-2425', 'IT001.N02', 9.0, 8.5, 9.5, 9.08, 'A+', 4, 1, 'Đậu', '2025-01-10 10:00:00'),
('22520002', 'MA001', 'HK1-2425', 'MA001.N02', 8.0, 8.0, 8.5, 8.25, 'B+', 4, 1, 'Đậu', '2025-01-10 10:00:00'),
('22520002', 'MA003', 'HK1-2425', 'MA003.N02', 7.5, 7.5, 8.0, 7.75, 'B', 3, 1, 'Đậu', '2025-01-10 10:00:00'),
('22520002', 'ENG03', 'HK1-2425', 'ENG03.N02', 8.0, 7.5, 8.5, 8.08, 'B+', 4, 1, 'Đậu', '2025-01-10 10:00:00'),
-- Sinh viên 22520003 - Lê Văn Cường (HK1-2425)
('22520003', 'IT001', 'HK1-2425', 'IT001.N01', 7.0, 6.5, 7.0, 6.83, 'C+', 4, 1, 'Đậu', '2025-01-10 10:00:00'),
('22520003', 'MA001', 'HK1-2425', 'MA001.N01', 6.0, 5.5, 6.0, 5.83, 'C', 4, 1, 'Đậu', '2025-01-10 10:00:00'),
('22520003', 'MA003', 'HK1-2425', 'MA003.N01', 5.0, 4.5, 5.5, 5.08, 'C', 3, 1, 'Đậu', '2025-01-10 10:00:00'),
('22520003', 'IT005', 'HK1-2425', 'IT005.N01', 6.5, 6.0, 7.0, 6.58, 'C+', 4, 1, 'Đậu', '2025-01-10 10:00:00'),
('22520003', 'ENG03', 'HK1-2425', 'ENG03.N01', 7.0, 6.5, 7.5, 7.08, 'B', 4, 1, 'Đậu', '2025-01-10 10:00:00'),
-- Sinh viên 22520004 - Phạm Thị Dung (HK1-2425) - Có môn rớt
('22520004', 'IT001', 'HK1-2425', 'IT001.N02', 8.0, 7.5, 8.5, 8.08, 'B+', 4, 1, 'Đậu', '2025-01-10 10:00:00'),
('22520004', 'MA001', 'HK1-2425', 'MA001.N02', 3.0, 4.0, 4.5, 3.92, 'F', 4, 1, 'Rớt', '2025-01-10 10:00:00'),
('22520004', 'MA003', 'HK1-2425', 'MA003.N02', 7.0, 6.5, 7.5, 7.08, 'B', 3, 1, 'Đậu', '2025-01-10 10:00:00'),
('22520004', 'IT006', 'HK1-2425', 'IT006.N02', 6.0, 6.5, 7.0, 6.58, 'C+', 3, 1, 'Đậu', '2025-01-10 10:00:00'),
('22520004', 'ENG03', 'HK1-2425', 'ENG03.N02', 7.5, 7.0, 8.0, 7.58, 'B', 4, 1, 'Đậu', '2025-01-10 10:00:00'),
('22520004', 'IT008', 'HK1-2425', 'IT008.N02', 8.0, 7.5, 8.0, 7.83, 'B', 3, 1, 'Đậu', '2025-01-10 10:00:00'),
-- Sinh viên 22520005 - Hoàng Minh Đức (HK1-2425)
('22520005', 'IT001', 'HK1-2425', 'IT001.N01', 8.5, 8.0, 9.0, 8.58, 'A', 4, 1, 'Đậu', '2025-01-10 10:00:00'),
('22520005', 'MA001', 'HK1-2425', 'MA001.N01', 7.5, 7.5, 8.0, 7.75, 'B', 4, 1, 'Đậu', '2025-01-10 10:00:00'),
('22520005', 'MA003', 'HK1-2425', 'MA003.N01', 8.0, 7.5, 8.5, 8.08, 'B+', 3, 1, 'Đậu', '2025-01-10 10:00:00'),
('22520005', 'IT006', 'HK1-2425', 'IT006.N01', 7.5, 7.0, 8.0, 7.58, 'B', 3, 1, 'Đậu', '2025-01-10 10:00:00'),
('22520005', 'ENG03', 'HK1-2425', 'ENG03.N01', 8.0, 7.5, 8.5, 8.08, 'B+', 4, 1, 'Đậu', '2025-01-10 10:00:00');

-- =====================================================
-- END OF INIT.SQL
-- =====================================================
